Time,Link,Beam Index RX,Beam Index TX,MCS RX,MCS TX,Mbps TX,Packet Error(%),RCPI (dBm),MCS mode,Sent (Mbps),Received (Mbps),Restransmits,RTT (Mean),RTT (Max),RTT (Min),Scenario
7/1/2021 1:54,P/A/2/0,12,11,4,2,617.42,0.14,-80,auto,342.41,339.39,529,6.96,34.47,0.71,Normal
7/1/2021 1:54,A/P/0/2,14,16,1,4,3.06,4.49,-83.5,auto,342.41,339.39,529,6.96,34.47,0.71,Normal
7/1/2021 1:54,P/A/2/0,12,11,6,2,572.87,1.67,-80.5,auto,342.41,339.39,529,6.96,34.47,0.71,Normal
7/1/2021 1:54,A/P/0/2,14,16,1,4,3.23,4.47,-83.5,auto,342.41,339.39,529,6.96,34.47,0.71,Normal
7/1/2021 1:54,P/A/2/0,12,11,4,1,472.57,0.24,-80.5,auto,342.41,339.39,529,6.96,34.47,0.71,Normal
7/1/2021 1:54,A/P/0/2,14,16,2,4,2.87,0.7,-83.5,auto,342.41,339.39,529,6.96,34.47,0.71,Normal
7/1/2021 1:54,P/A/2/0,12,11,6,2,494.6,0.43,-80.5,auto,342.41,339.39,529,6.96,34.47,0.71,Normal
7/1/2021 1:54,A/P/0/2,14,16,2,4,2.64,0.36,-83.25,auto,342.41,339.39,529,6.96,34.47,0.71,Normal
7/1/2021 1:54,P/A/2/0,12,11,4,2,511.73,0.33,-80,auto,342.41,339.39,529,6.96,34.47,0.71,Normal
7/1/2021 1:54,A/P/0/2,15,16,3,4,0.46,0.5,-83,auto,342.41,339.39,529,6.96,34.47,0.71,Normal
7/1/2021 1:54,A/P/0/2,15,16,2,4,1.35,1.19,-82.75,auto,289.9,286.31,240,6.96,34.47,0.71,Normal
7/1/2021 1:54,P/A/2/0,12,11,5,1,484.22,0.12,-80,auto,289.9,286.31,240,6.96,34.47,0.71,Normal
7/1/2021 1:54,A/P/0/2,14,16,1,4,3.18,3.09,-82.25,auto,289.9,286.31,240,11.24,40.25,0.76,Normal
7/1/2021 1:54,P/A/2/0,12,11,6,3,507.6,0.87,-80,auto,289.9,286.31,240,11.24,40.25,0.76,Normal
7/1/2021 1:54,P/A/2/0,11,11,1,2,449.67,2.12,-82,auto,289.9,286.31,240,11.24,40.25,0.76,Normal
7/1/2021 1:54,A/P/0/2,15,16,2,4,3.28,0.6,-82,auto,289.9,286.31,240,11.24,40.25,0.76,Normal
7/1/2021 1:54,P/A/2/0,11,11,1,3,596.35,1.42,-82,auto,289.9,286.31,240,11.24,40.25,0.76,Normal
7/1/2021 1:54,A/P/0/2,15,16,2,4,2.82,0.95,-82.25,auto,289.9,286.31,240,11.24,40.25,0.76,Normal
7/1/2021 1:54,P/A/2/0,12,11,4,2,598.98,1.09,-81,auto,289.9,286.31,240,11.24,40.25,0.76,Normal
7/1/2021 1:54,A/P/0/2,15,16,3,4,1.12,0.59,-82.5,auto,289.9,286.31,240,11.24,40.25,0.76,Normal
7/1/2021 1:54,P/A/2/0,12,11,4,3,386.12,0.72,-80,auto,290.89,286.54,270,11.24,40.25,0.76,Normal
7/1/2021 1:54,A/P/0/2,15,16,2,4,0.32,1.11,-82.5,auto,290.89,286.54,270,11.24,40.25,0.76,Normal
7/1/2021 1:54,P/A/2/0,12,11,4,2,390.96,0.67,-80.5,auto,290.89,286.54,270,11.24,40.25,0.76,Normal
7/1/2021 1:54,A/P/0/2,15,17,2,4,2.59,0.72,-82.5,auto,290.89,286.54,270,11.24,40.25,0.76,Normal
7/1/2021 1:54,P/A/2/0,12,11,4,2,571.3,0.87,-80.5,auto,290.89,286.54,270,11.24,40.25,0.76,Normal
7/1/2021 1:54,A/P/0/2,15,17,2,4,3.36,0.71,-82,auto,290.89,286.54,270,11.24,40.25,0.76,Normal
7/1/2021 1:54,A/P/0/2,15,17,3,6,3.25,13.94,-82,auto,290.89,286.54,270,11.24,40.25,0.76,Normal
7/1/2021 1:54,P/A/2/0,12,11,4,2,586.9,1.19,-80.5,auto,290.89,286.54,270,11.24,40.25,0.76,Normal
7/1/2021 1:54,P/A/2/0,12,11,4,3,485.63,0.5,-80.5,auto,290.89,286.54,270,11.24,40.25,0.76,Normal
7/1/2021 1:54,A/P/0/2,15,17,2,4,2.4,27.18,-82,auto,290.89,286.54,270,11.24,40.25,0.76,Normal
7/1/2021 1:54,P/A/2/0,12,11,4,2,512.84,0.48,-80,auto,290.89,286.54,270,11.24,40.25,0.76,Normal
7/1/2021 1:54,A/P/0/2,15,17,2,4,2.02,40.41,-82.5,auto,290.89,286.54,270,11.24,40.25,0.76,Normal
7/1/2021 1:54,P/A/2/0,12,11,4,3,477.18,0.45,-80.5,auto,286,279.74,508,8.42,26.69,0.6,Normal
7/1/2021 1:54,A/P/0/2,15,17,3,4,0.18,0.87,-83,auto,286,279.74,508,8.42,26.69,0.6,Normal
7/1/2021 1:54,P/A/2/0,12,11,4,2,326.81,0.43,-80.5,auto,286,279.74,508,8.42,26.69,0.6,Normal
7/1/2021 1:54,A/P/0/2,14,17,2,4,1.43,0.51,-83.5,auto,286,279.74,508,8.42,26.69,0.6,Normal
7/1/2021 1:54,P/A/2/0,12,11,4,1,504.61,0.06,-80,auto,286,279.74,508,8.42,26.69,0.6,Normal
7/1/2021 1:54,A/P/0/2,15,17,2,4,2.62,0.89,-82.75,auto,286,279.74,508,8.42,26.69,0.6,Normal
7/1/2021 1:54,P/A/2/0,12,11,4,2,520.27,1.06,-80.5,auto,286,279.74,508,8.42,26.69,0.6,Normal
7/1/2021 1:54,A/P/0/2,15,17,2,4,3.7,0.82,-82,auto,286,279.74,508,8.42,26.69,0.6,Normal
7/1/2021 1:54,A/P/0/2,15,17,2,4,2.1,0.79,-82,auto,286,279.74,508,8.42,26.69,0.6,Normal
7/1/2021 1:54,P/A/2/0,12,11,4,2,504.97,0.08,-80.5,auto,286,279.74,508,8.42,26.69,0.6,Normal
7/1/2021 1:54,P/A/2/0,12,11,4,2,513.13,1.39,-80.5,auto,286,279.74,508,8.42,26.69,0.6,Normal
7/1/2021 1:54,A/P/0/2,15,17,2,4,2.51,0.94,-82,auto,286,279.74,508,8.42,26.69,0.6,Normal
7/1/2021 1:54,P/A/2/0,12,11,2,3,571.19,1.55,-81.25,auto,286,279.74,508,8.42,26.69,0.6,Normal
7/1/2021 1:54,A/P/0/2,14,17,2,4,1.25,2.48,-83,auto,286,279.74,508,8.42,26.69,0.6,Normal
7/1/2021 1:54,P/A/2/0,11,11,1,2,359.82,0.27,-82,auto,306.7,293.94,536,8.42,26.69,0.6,Normal
7/1/2021 1:54,A/P/0/2,15,17,3,4,0.59,2.28,-82,auto,306.7,293.94,536,8.42,26.69,0.6,Normal
7/1/2021 1:54,P/A/2/0,12,11,4,2,403.09,0,-80.5,auto,306.7,293.94,536,8.42,26.69,0.6,Normal
7/1/2021 1:54,A/P/0/2,14,17,1,4,2.38,2.09,-82.17,auto,306.7,293.94,536,8.42,26.69,0.6,Normal
7/1/2021 1:54,P/A/2/0,12,11,4,1,508.53,3.2,-80.5,auto,306.7,293.94,536,8.42,26.69,0.6,Normal
7/1/2021 1:54,A/P/0/2,15,17,2,4,3.5,0.09,-82.33,auto,306.7,293.94,536,8.42,26.69,0.6,Normal
7/1/2021 1:54,P/A/2/0,12,11,4,2,458.62,0.6,-80.5,auto,306.7,293.94,536,4.98,25.67,0.61,Normal
7/1/2021 1:54,A/P/0/2,15,17,2,4,2.77,1.37,-82.5,auto,306.7,293.94,536,4.98,25.67,0.61,Normal
7/1/2021 1:54,P/A/2/0,12,11,4,2,585.52,0.18,-80.5,auto,306.7,293.94,536,4.98,25.67,0.61,Normal
7/1/2021 1:54,A/P/0/2,15,17,2,4,1.86,1.85,-82.6,auto,306.7,293.94,536,4.98,25.67,0.61,Normal
7/1/2021 1:54,A/P/0/2,15,17,2,4,1.86,1.26,-82.7,auto,306.7,293.94,536,4.98,25.67,0.61,Normal
7/1/2021 1:54,P/A/2/0,12,11,4,3,517.96,0.24,-80.5,auto,306.7,293.94,536,4.98,25.67,0.61,Normal
7/1/2021 1:54,P/A/2/0,12,11,4,3,432.56,0.79,-80.5,auto,274.52,270.28,458,4.98,25.67,0.61,Normal
7/1/2021 1:54,A/P/0/2,15,17,3,4,0.03,0.48,-82.8,auto,274.52,270.28,458,4.98,25.67,0.61,Normal
7/1/2021 1:54,P/A/2/0,12,11,4,2,612.9,0.69,-80.5,auto,274.52,270.28,458,4.98,25.67,0.61,Normal
7/1/2021 1:54,A/P/0/2,15,17,3,4,2.26,1.04,-82.9,auto,274.52,270.28,458,4.98,25.67,0.61,Normal
7/1/2021 1:54,P/A/2/0,12,11,4,1,506,0.67,-80.5,auto,274.52,270.28,458,4.98,25.67,0.61,Normal
7/1/2021 1:54,A/P/0/2,14,17,2,4,3.75,0.35,-83,auto,274.52,270.28,458,4.98,25.67,0.61,Normal
7/1/2021 1:54,P/A/2/0,12,11,4,1,542.12,0.26,-80.5,auto,274.52,270.28,458,4.98,25.67,0.61,Normal
7/1/2021 1:54,A/P/0/2,15,17,2,4,2.94,0.85,-82.9,auto,274.52,270.28,458,4.98,25.67,0.61,Normal
7/1/2021 1:54,P/A/2/0,12,11,4,3,465.66,1.33,-80,auto,274.52,270.28,458,4.98,25.67,0.61,Normal
7/1/2021 1:54,A/P/0/2,14,17,1,4,2.1,0.19,-82.8,auto,274.52,270.28,458,4.98,25.67,0.61,Normal
7/1/2021 1:54,P/A/2/0,12,11,4,2,271.74,0.17,-80.5,auto,273.13,271.34,399,4.98,25.67,0.61,Normal
7/1/2021 1:54,A/P/0/2,14,17,2,2,0.08,0.17,-82.6,auto,273.13,271.34,399,4.98,25.67,0.61,Normal
7/1/2021 1:54,A/P/0/2,15,17,3,4,2.08,4.08,-82.5,auto,273.13,271.34,399,6.48,18.06,1.1,Normal
7/1/2021 1:54,P/A/2/0,13,11,4,2,567.01,1.32,-80,auto,273.13,271.34,399,6.48,18.06,1.1,Normal
7/1/2021 1:54,P/A/2/0,12,11,4,2,605.73,0.19,-81,auto,273.13,271.34,399,6.48,18.06,1.1,Normal
7/1/2021 1:54,A/P/0/2,15,17,2,4,3.75,0.86,-82,auto,273.13,271.34,399,6.48,18.06,1.1,Normal
7/1/2021 1:54,P/A/2/0,11,11,1,3,595.59,0.48,-82,auto,273.13,271.34,399,6.48,18.06,1.1,Normal
7/1/2021 1:54,A/P/0/2,15,17,2,1,3.04,0.07,-82.5,auto,273.13,271.34,399,6.48,18.06,1.1,Normal
7/1/2021 1:54,P/A/2/0,12,11,4,2,596.48,0.86,-80.5,auto,273.13,271.34,399,6.48,18.06,1.1,Normal
7/1/2021 1:54,A/P/0/2,15,17,2,4,2.58,1.3,-83,auto,273.13,271.34,399,6.48,18.06,1.1,Normal
7/1/2021 1:54,P/A/2/0,12,11,3,2,543.73,0.68,-80.5,auto,273.13,271.34,399,6.48,18.06,1.1,Normal
7/1/2021 1:54,A/P/0/2,14,17,2,3,2.56,2.57,-83.5,auto,273.13,271.34,399,6.48,18.06,1.1,Normal
7/1/2021 1:54,P/A/2/0,12,12,2,2,309.01,0.19,-80.5,auto,273.13,271.34,399,6.48,18.06,1.1,Normal
7/1/2021 1:54,A/P/0/2,15,17,3,2,0.78,0.99,-82,auto,273.13,271.34,399,6.48,18.06,1.1,Normal
7/1/2021 1:54,P/A/2/0,12,15,4,2,428.65,0.58,-80.5,auto,292.49,287.49,280,6.48,18.06,1.1,Normal
7/1/2021 1:54,A/P/0/2,15,17,2,1,1.07,0.8,-82.5,auto,292.49,287.49,280,6.48,18.06,1.1,Normal
7/1/2021 1:54,A/P/0/2,14,17,2,3,3.31,0.61,-83.5,auto,292.49,287.49,280,6.48,18.06,1.1,Normal
7/1/2021 1:54,P/A/2/0,12,15,4,2,432.18,0.07,-80,auto,292.49,287.49,280,6.48,18.06,1.1,Normal
7/1/2021 1:54,P/A/2/0,12,15,4,1,493.13,0.57,-80.5,auto,292.49,287.49,280,6.48,18.06,1.1,Normal
7/1/2021 1:54,A/P/0/2,15,17,2,4,3,0.16,-83,auto,292.49,287.49,280,6.48,18.06,1.1,Normal
7/1/2021 1:54,P/A/2/0,12,15,4,2,496.91,0.44,-80.5,auto,292.49,287.49,280,6.48,18.06,1.1,Normal
7/1/2021 1:54,A/P/0/2,15,17,2,4,2.19,1.64,-83.25,auto,292.49,287.49,280,6.48,18.06,1.1,Normal
7/1/2021 1:54,P/A/2/0,12,15,4,1,449.53,0.87,-80.5,auto,292.49,287.49,280,6.48,18.06,1.1,Normal
7/1/2021 1:54,A/P/0/2,14,17,2,4,2.05,1.42,-83.5,auto,292.49,287.49,280,6.48,18.06,1.1,Normal
7/1/2021 1:54,P/A/2/0,12,15,4,3,304.21,0.15,-80.5,auto,292.49,287.49,280,8.35,32.9,0.6,Normal
7/1/2021 1:54,A/P/0/2,15,17,3,4,1.08,0.41,-83,auto,292.49,287.49,280,8.35,32.9,0.6,Normal
7/1/2021 1:55,P/A/2/0,12,15,4,1,339.63,0,-80.25,auto,351.05,346.53,277,8.35,32.9,0.6,Normal
7/1/2021 1:55,A/P/0/2,15,17,1,4,0.28,0.16,-82.5,auto,351.05,346.53,277,8.35,32.9,0.6,Normal
7/1/2021 1:55,P/A/2/0,12,15,6,2,507.67,1.1,-80,auto,351.05,346.53,277,8.35,32.9,0.6,Normal
7/1/2021 1:55,A/P/0/2,15,17,2,4,2.98,1.01,-82.5,auto,351.05,346.53,277,8.35,32.9,0.6,Normal
7/1/2021 1:55,A/P/0/2,15,17,2,4,2.94,0.25,-82.75,auto,351.05,346.53,277,8.35,32.9,0.6,Normal
7/1/2021 1:55,P/A/2/0,12,15,4,2,492.01,0.62,-80.5,auto,351.05,346.53,277,8.35,32.9,0.6,Normal
7/1/2021 1:55,P/A/2/0,12,15,4,1,568.23,0.59,-80.5,auto,351.05,346.53,277,8.35,32.9,0.6,Normal
7/1/2021 1:55,A/P/0/2,15,17,2,4,2.12,0.44,-83,auto,351.05,346.53,277,8.35,32.9,0.6,Normal
7/1/2021 1:55,P/A/2/0,11,15,1,2,493.92,0.77,-82,auto,351.05,346.53,277,8.35,32.9,0.6,Normal
7/1/2021 1:55,A/P/0/2,15,17,1,1,1.75,0.35,-82.75,auto,351.05,346.53,277,8.35,32.9,0.6,Normal
7/1/2021 1:55,P/A/2/0,12,11,4,3,408.2,0.31,-80.5,auto,351.05,346.53,277,8.35,32.9,0.6,Normal
7/1/2021 1:55,A/P/0/2,15,16,2,4,1.9,1.07,-82.5,auto,351.05,346.53,277,8.35,32.9,0.6,Normal
7/1/2021 1:55,P/A/2/0,12,11,2,3,286.04,0.3,-80,auto,234.58,231.33,252,8.35,32.9,0.6,Normal
7/1/2021 1:55,A/P/0/2,15,16,3,1,0.03,0.87,-82.75,auto,234.58,231.33,252,8.35,32.9,0.6,Normal
7/1/2021 1:55,P/A/2/0,12,11,6,2,418.17,1.85,-80.5,auto,234.58,231.33,252,8.35,32.9,0.6,Normal
7/1/2021 1:55,A/P/0/2,14,16,3,4,2.53,6.67,-83,auto,234.58,231.33,252,8.35,32.9,0.6,Normal
7/1/2021 1:55,P/A/2/0,12,11,4,3,467.55,1.03,-80.5,auto,234.58,231.33,252,8.35,32.9,0.6,Normal
7/1/2021 1:55,A/P/0/2,15,16,3,4,3.44,1.16,-82.75,auto,234.58,231.33,252,8.35,32.9,0.6,Normal
7/1/2021 1:55,A/P/0/2,15,16,2,4,1.74,6.07,-82.5,auto,234.58,231.33,252,8.35,32.9,0.6,Normal
7/1/2021 1:55,P/A/2/0,12,11,4,2,609.1,0.46,-80,auto,234.58,231.33,252,8.35,32.9,0.6,Normal
7/1/2021 1:55,A/P/0/2,15,16,2,1,2.35,0.81,-82.5,auto,234.58,231.33,252,9.79,34.99,0.7,Normal
7/1/2021 1:55,P/A/2/0,12,11,4,2,569.14,1.03,-80.5,auto,234.58,231.33,252,9.79,34.99,0.7,Normal
7/1/2021 1:55,P/A/2/0,12,12,2,2,454.62,1.63,-82.5,auto,234.58,231.33,252,9.79,34.99,0.7,Normal
7/1/2021 1:55,A/P/0/2,14,15,1,2,2.13,0.07,-82.25,auto,234.58,231.33,252,9.79,34.99,0.7,Normal
7/1/2021 1:55,P/A/2/0,12,12,2,2,285.16,1.46,-81.75,auto,234.58,231.33,252,9.79,34.99,0.7,Normal
7/1/2021 1:55,A/P/0/2,15,15,3,2,0.4,0.64,-82,auto,234.58,231.33,252,9.79,34.99,0.7,Normal
7/1/2021 1:55,P/A/2/0,12,12,1,2,435.44,2.33,-81,auto,255.23,252.01,259,9.79,34.99,0.7,Normal
7/1/2021 1:55,A/P/0/2,15,15,2,2,1.25,1.46,-82.25,auto,255.23,252.01,259,9.79,34.99,0.7,Normal
7/1/2021 1:55,P/A/2/0,11,12,1,2,608.49,0,-80.75,auto,255.23,252.01,259,9.79,34.99,0.7,Normal
7/1/2021 1:55,A/P/0/2,15,15,2,1,4.05,0.91,-82.5,auto,255.23,252.01,259,9.79,34.99,0.7,Normal
7/1/2021 1:55,P/A/2/0,13,12,4,3,553.38,0.66,-80.5,auto,255.23,252.01,259,9.79,34.99,0.7,Normal
7/1/2021 1:55,A/P/0/2,15,15,3,4,2.81,4.33,-82,auto,255.23,252.01,259,9.79,34.99,0.7,Normal
7/1/2021 1:55,P/A/2/0,12,12,1,2,623.17,1.24,-80.5,auto,255.23,252.01,259,9.79,34.99,0.7,Normal
7/1/2021 1:55,P/A/2/0,12,12,4,2,603.69,0.37,-80,auto,255.23,252.01,259,9.79,34.99,0.7,Normal
7/1/2021 1:55,A/P/0/2,15,16,2,4,3.06,0.16,-82,auto,255.23,252.01,259,9.79,34.99,0.7,Normal
7/1/2021 1:55,A/P/0/2,15,16,3,4,1.74,0.82,-82,auto,255.23,252.01,259,9.79,34.99,0.7,Normal
7/1/2021 1:55,P/A/2/0,12,12,4,3,388.39,0.92,-80.4,auto,255.23,252.01,259,9.79,34.99,0.7,Normal
7/1/2021 1:55,P/A/2/0,12,12,6,2,377.55,2.31,-80.8,auto,274.62,270.33,863,9.79,34.99,0.7,Normal
7/1/2021 1:55,A/P/0/2,15,16,2,4,0.41,0.63,-82,auto,274.62,270.33,863,9.79,34.99,0.7,Normal
7/1/2021 1:55,A/P/0/2,15,16,2,4,3.49,0.73,-82,auto,274.62,270.33,863,9.79,34.99,0.7,Normal
7/1/2021 1:55,P/A/2/0,12,12,6,2,573.08,0.89,-81.6,auto,274.62,270.33,863,14.96,68.8,0.7,Normal
7/1/2021 1:55,A/P/0/2,15,16,2,4,2.61,0.11,-82,auto,274.62,270.33,863,14.96,68.8,0.7,Normal
7/1/2021 1:55,P/A/2/0,12,12,3,2,532.53,1.4,-82,auto,274.62,270.33,863,14.96,68.8,0.7,Normal
7/1/2021 1:55,A/P/0/2,15,16,2,4,1.8,0.87,-82,auto,274.62,270.33,863,14.96,68.8,0.7,Normal
7/1/2021 1:55,P/A/2/0,13,12,6,3,566.66,1.57,-79.5,auto,274.62,270.33,863,14.96,68.8,0.7,Normal
7/1/2021 1:55,A/P/0/2,15,16,2,6,2.12,4.82,-82,auto,274.62,270.33,863,14.96,68.8,0.7,Normal
7/1/2021 1:55,P/A/2/0,12,12,4,2,476.37,0.96,-80,auto,274.62,270.33,863,14.96,68.8,0.7,Normal
7/1/2021 1:55,A/P/0/2,15,16,3,4,1.69,4.56,-82,auto,274.62,270.33,863,14.96,68.8,0.7,Normal
7/1/2021 1:55,A/P/0/2,15,16,3,4,0.06,0.69,-82,auto,338.37,331.47,766,14.96,68.8,0.7,Normal
7/1/2021 1:55,P/A/2/0,12,12,4,3,326.14,0.81,-80.5,auto,338.37,331.47,766,14.96,68.8,0.7,Normal
7/1/2021 1:55,A/P/0/2,14,16,2,4,3.11,0.5,-83,auto,338.37,331.47,766,14.96,68.8,0.7,Normal
7/1/2021 1:55,P/A/2/0,12,12,4,2,548.57,0.05,-80.5,auto,338.37,331.47,766,14.96,68.8,0.7,Normal
7/1/2021 1:55,P/A/2/0,12,12,4,2,593.64,2.22,-80.5,auto,338.37,331.47,766,14.96,68.8,0.7,Normal
7/1/2021 1:55,A/P/0/2,14,16,2,4,3.18,1.62,-82.5,auto,338.37,331.47,766,14.96,68.8,0.7,Normal
7/1/2021 1:55,P/A/2/0,12,12,4,2,548,2.5,-80,auto,338.37,331.47,766,14.96,68.8,0.7,Normal
7/1/2021 1:55,A/P/0/2,14,16,2,4,2.06,0.45,-83.5,auto,338.37,331.47,766,14.96,68.8,0.7,Normal
7/1/2021 1:55,P/A/2/0,12,12,4,2,608,0.78,-80.5,auto,338.37,331.47,766,14.96,68.8,0.7,Normal
7/1/2021 1:55,A/P/0/2,15,16,3,4,2.62,7.49,-83,auto,338.37,331.47,766,14.96,68.8,0.7,Normal
7/1/2021 1:55,P/A/2/0,12,12,4,2,560.16,0.15,-80.5,auto,338.37,331.47,766,14.96,68.8,0.7,Normal
7/1/2021 1:55,A/P/0/2,15,16,2,4,2.33,0.75,-82.5,auto,338.37,331.47,766,14.96,68.8,0.7,Normal
7/1/2021 1:55,P/A/2/0,12,12,4,3,521.09,0.09,-80.5,auto,338.37,331.47,766,7.74,24.62,0.77,Normal
7/1/2021 1:55,A/P/0/2,15,16,2,4,0.51,0.16,-82,auto,338.37,331.47,766,7.74,24.62,0.77,Normal
7/1/2021 1:55,P/A/2/0,12,12,4,2,482.02,0.84,-80.5,auto,296.91,292.77,388,7.74,24.62,0.77,Normal
7/1/2021 1:55,A/P/0/2,15,16,2,4,2.75,0.69,-82,auto,296.91,292.77,388,7.74,24.62,0.77,Normal
7/1/2021 1:55,A/P/0/2,15,16,2,4,4.04,0.94,-82,auto,296.91,292.77,388,7.74,24.62,0.77,Normal
7/1/2021 1:55,P/A/2/0,12,12,4,2,515.8,2.39,-80.5,auto,296.91,292.77,388,7.74,24.62,0.77,Normal
7/1/2021 1:55,P/A/2/0,12,12,4,2,619.09,0.62,-80.5,auto,296.91,292.77,388,7.74,24.62,0.77,Normal
7/1/2021 1:55,A/P/0/2,15,16,2,6,3.12,1.27,-82,auto,296.91,292.77,388,7.74,24.62,0.77,Normal
7/1/2021 1:55,P/A/2/0,12,12,4,1,545.85,0.19,-80,auto,296.91,292.77,388,7.74,24.62,0.77,Normal
7/1/2021 1:55,A/P/0/2,14,16,2,4,2.81,0.07,-82.25,auto,296.91,292.77,388,7.74,24.62,0.77,Normal
7/1/2021 1:55,P/A/2/0,12,12,6,2,559.88,1.31,-80,auto,296.91,292.77,388,7.74,24.62,0.77,Normal
7/1/2021 1:55,A/P/0/2,15,16,2,4,1.76,1.8,-82.5,auto,296.91,292.77,388,7.74,24.62,0.77,Normal
7/1/2021 1:55,P/A/2/0,12,12,4,3,342.41,1.09,-80.5,auto,296.91,292.77,388,7.74,24.62,0.77,Normal
7/1/2021 1:55,A/P/0/2,15,16,3,4,1.13,0.67,-82,auto,296.91,292.77,388,7.74,24.62,0.77,Normal
7/1/2021 1:55,P/A/2/0,12,12,4,3,412.71,1.08,-80.5,auto,337.64,333.36,606,7.74,24.62,0.77,Normal
7/1/2021 1:55,A/P/0/2,15,16,2,4,1.18,0.88,-82.25,auto,337.64,333.36,606,7.74,24.62,0.77,Normal
7/1/2021 1:55,A/P/0/2,15,16,2,6,4.32,2.6,-82.5,auto,337.64,333.36,606,7.74,24.62,0.77,Normal
7/1/2021 1:55,P/A/2/0,12,12,4,3,562.7,1.08,-80,auto,337.64,333.36,606,7.74,24.62,0.77,Normal
7/1/2021 1:55,A/P/0/2,15,16,2,4,2.54,1.28,-82.75,auto,337.64,333.36,606,7.74,24.62,0.77,Normal
7/1/2021 1:55,P/A/2/0,12,12,4,2,579.78,0.89,-80.5,auto,337.64,333.36,606,7.74,24.62,0.77,Normal
7/1/2021 1:55,P/A/2/0,12,12,6,2,548.99,0.08,-80,auto,337.64,333.36,606,7.33,38.47,0.6,Normal
7/1/2021 1:55,A/P/0/2,14,16,2,4,2.72,3.15,-83,auto,337.64,333.36,606,7.33,38.47,0.6,Normal
7/1/2021 1:55,P/A/2/0,12,12,4,2,530.84,1.1,-80,auto,337.64,333.36,606,7.33,38.47,0.6,Normal
7/1/2021 1:55,A/P/0/2,14,16,2,6,2.12,1.15,-82,auto,337.64,333.36,606,7.33,38.47,0.6,Normal
7/1/2021 1:55,P/A/2/0,12,12,4,3,430.7,1.72,-80.5,auto,337.64,333.36,606,7.33,38.47,0.6,Normal
7/1/2021 1:55,A/P/0/2,15,16,3,4,2.22,0.72,-82,auto,337.64,333.36,606,7.33,38.47,0.6,Normal
7/1/2021 1:55,P/A/2/0,12,12,4,3,321.84,1.39,-80.5,auto,345.59,340.22,161,7.33,38.47,0.6,Normal
7/1/2021 1:55,A/P/0/2,15,16,3,4,0.14,0.52,-82,auto,345.59,340.22,161,7.33,38.47,0.6,Normal
7/1/2021 1:55,A/P/0/2,14,16,1,1,3.65,0.07,-83.5,auto,345.59,340.22,161,7.33,38.47,0.6,Normal
7/1/2021 1:55,P/A/2/0,12,12,4,2,421.78,1.29,-80.5,auto,345.59,340.22,161,7.33,38.47,0.6,Normal
7/1/2021 1:55,P/A/2/0,12,12,4,2,593.25,0.23,-80,auto,345.59,340.22,161,7.33,38.47,0.6,Normal
7/1/2021 1:55,A/P/0/2,14,16,2,4,2.62,0.49,-82.83,auto,345.59,340.22,161,7.33,38.47,0.6,Normal
7/1/2021 1:55,A/P/0/2,15,16,2,4,2.86,0.81,-82.5,auto,345.59,340.22,161,7.33,38.47,0.6,Normal
7/1/2021 1:55,P/A/2/0,12,12,4,2,533.12,0.73,-80,auto,345.59,340.22,161,7.33,38.47,0.6,Normal
7/1/2021 1:55,P/A/2/0,12,12,4,2,620.5,0.5,-80.5,auto,345.59,340.22,161,7.33,38.47,0.6,Normal
7/1/2021 1:55,A/P/0/2,15,16,2,4,2.63,0.78,-82,auto,345.59,340.22,161,7.33,38.47,0.6,Normal
7/1/2021 1:55,P/A/2/0,12,12,4,3,528.72,2.01,-80.5,auto,314.94,311.83,218,7.33,38.47,0.6,Normal
7/1/2021 1:55,A/P/0/2,15,16,3,4,0.05,0.59,-81.5,auto,314.94,311.83,218,7.33,38.47,0.6,Normal
7/1/2021 1:55,P/A/2/0,12,12,4,3,242.41,1.87,-80.25,auto,314.94,311.83,218,17.11,67.19,0.83,Normal
7/1/2021 1:55,A/P/0/2,14,16,2,6,2.8,0.32,-83,auto,314.94,311.83,218,17.11,67.19,0.83,Normal
7/1/2021 1:55,P/A/2/0,12,12,4,2,481.91,0.92,-80,auto,314.94,311.83,218,17.11,67.19,0.83,Normal
7/1/2021 1:55,A/P/0/2,15,16,3,4,2.38,5.71,-82.5,auto,314.94,311.83,218,17.11,67.19,0.83,Normal
7/1/2021 1:55,A/P/0/2,15,16,2,4,2.8,0.87,-82,auto,314.94,311.83,218,17.11,67.19,0.83,Normal
7/1/2021 1:55,P/A/2/0,12,12,6,2,579.84,1.66,-80,auto,314.94,311.83,218,17.11,67.19,0.83,Normal
7/1/2021 1:55,A/P/0/2,15,16,2,4,2.94,1,-82,auto,314.94,311.83,218,17.11,67.19,0.83,Normal
7/1/2021 1:55,A/P/0/2,14,16,2,4,3.01,2.29,-83,auto,314.94,311.83,218,17.11,67.19,0.83,Normal
7/1/2021 1:55,P/A/2/0,12,12,4,2,628.81,1.14,-80,auto,314.94,311.83,218,17.11,67.19,0.83,Normal
7/1/2021 1:55,A/P/0/2,15,16,3,1,0.5,0.82,-82,auto,314.94,311.83,218,17.11,67.19,0.83,Normal
7/1/2021 1:55,P/A/2/0,12,12,4,2,535.07,0.7,-81,auto,314.94,311.83,218,17.11,67.19,0.83,Normal
7/1/2021 1:55,P/A/2/0,11,12,1,3,328.17,0.6,-82,auto,296.93,293.23,389,17.11,67.19,0.83,Normal
7/1/2021 1:55,A/P/0/2,15,16,2,4,1.64,1.06,-82,auto,296.93,293.23,389,17.11,67.19,0.83,Normal
7/1/2021 1:55,P/A/2/0,13,12,6,3,385.04,0.57,-80,auto,296.93,293.23,389,17.11,67.19,0.83,Normal
7/1/2021 1:55,A/P/0/2,15,16,2,4,3.07,3.68,-82,auto,296.93,293.23,389,17.11,67.19,0.83,Normal
7/1/2021 1:55,P/A/2/0,12,12,4,2,598.15,1.13,-80.5,auto,296.93,293.23,389,17.11,67.19,0.83,Normal
7/1/2021 1:55,A/P/0/2,15,16,3,4,2.12,0.29,-82,auto,296.93,293.23,389,17.11,67.19,0.83,Normal
7/1/2021 1:56,P/A/2/0,11,12,1,1,477.63,2.03,-81.5,auto,296.93,293.23,389,17.11,67.19,0.83,Normal
7/1/2021 1:56,A/P/0/2,15,16,2,4,1.9,0,-82,auto,296.93,293.23,389,17.11,67.19,0.83,Normal
7/1/2021 1:56,P/A/2/0,12,12,4,2,541.11,1.07,-80,auto,296.93,293.23,389,17.11,67.19,0.83,Normal
7/1/2021 1:56,A/P/0/2,15,16,2,4,2.53,3.16,-82,auto,296.93,293.23,389,17.11,67.19,0.83,Normal
7/1/2021 1:56,P/A/2/0,12,12,4,2,604.6,0.17,-80.5,auto,296.93,293.23,389,17.11,67.19,0.83,Normal
7/1/2021 1:56,A/P/0/2,14,16,2,2,1.68,1.54,-82,auto,296.93,293.23,389,17.11,67.19,0.83,Normal
7/1/2021 1:56,A/P/0/2,15,16,2,4,0.8,3.38,-82,auto,287.85,284.65,158,17.11,67.19,0.83,Normal
7/1/2021 1:56,P/A/2/0,12,12,4,1,403.67,0.28,-80.5,auto,287.85,284.65,158,17.11,67.19,0.83,Normal
7/1/2021 1:56,P/A/2/0,12,12,4,1,227.65,0.21,-80,auto,287.85,284.65,158,17.11,67.19,0.83,Normal
7/1/2021 1:56,A/P/0/2,15,16,2,4,2.54,1.12,-82.5,auto,287.85,284.65,158,17.11,67.19,0.83,Normal
7/1/2021 1:56,P/A/2/0,12,12,4,2,506.11,1.79,-80.5,auto,287.85,284.65,158,17.11,67.19,0.83,Normal
7/1/2021 1:56,A/P/0/2,15,16,2,4,2.65,0.08,-82,auto,287.85,284.65,158,17.11,67.19,0.83,Normal
7/1/2021 1:56,P/A/2/0,12,12,4,2,591.66,0.09,-80,auto,287.85,284.65,158,17.11,67.19,0.83,Normal
7/1/2021 1:56,A/P/0/2,14,16,1,4,2.27,3.27,-83,auto,287.85,284.65,158,17.11,67.19,0.83,Normal
7/1/2021 1:56,P/A/2/0,12,12,6,1,467.46,0.14,-80,auto,287.85,284.65,158,17.11,67.19,0.83,Normal
7/1/2021 1:56,A/P/0/2,15,16,2,4,2.67,1.13,-82.5,auto,287.85,284.65,158,17.11,67.19,0.83,Normal
7/1/2021 1:56,P/A/2/0,12,12,4,2,412.21,0.47,-80,auto,287.85,284.65,158,17.11,67.19,0.83,Normal
7/1/2021 1:56,A/P/0/2,15,16,2,4,1.55,1.51,-82,auto,287.85,284.65,158,17.11,67.19,0.83,Normal
7/1/2021 1:56,P/A/2/0,12,12,4,3,356.95,0.45,-80.5,auto,287.85,284.65,158,17.11,67.19,0.83,Normal
7/1/2021 1:56,A/P/0/2,15,16,3,4,0.04,0.42,-81.5,auto,287.85,284.65,158,17.11,67.19,0.83,Normal
6/19/2021 2:58,P/A/2/0,12,14,1,1,267.65,2.86,-86.5,auto,148.91,147.43,153,84.7,581.52,0.36,Long-term blockage
6/19/2021 2:58,A/P/0/2,15,17,1,1,1.74,9.82,-86,auto,148.91,147.43,153,84.7,581.52,0.36,Long-term blockage
6/19/2021 2:58,P/A/2/0,12,14,1,1,237.78,0.17,-85.5,auto,177.75,173.67,427,59.84,410.69,0.59,Long-term blockage
6/19/2021 2:58,A/P/0/2,15,17,1,1,1.34,11.64,-86,auto,177.75,173.67,427,59.84,410.69,0.59,Long-term blockage
6/19/2021 2:58,P/A/2/0,12,14,1,1,207.91,0.76,-85,auto,177.75,173.67,427,59.84,410.69,0.59,Long-term blockage
6/19/2021 2:58,A/P/0/2,15,17,1,1,0.42,6.29,-86.5,auto,177.75,173.67,427,59.84,410.69,0.59,Long-term blockage
6/19/2021 2:58,P/A/2/0,12,14,1,1,178.04,1.54,-85.5,auto,177.75,173.67,427,59.84,410.69,0.59,Long-term blockage
6/19/2021 2:58,A/P/0/2,15,17,1,1,1.19,7.84,-87,auto,177.75,173.67,427,59.84,410.69,0.59,Long-term blockage
6/19/2021 2:58,P/A/2/0,11,14,1,1,269.85,2.93,-86.5,auto,177.75,173.67,427,59.84,410.69,0.59,Long-term blockage
6/19/2021 2:58,A/P/0/2,15,17,1,1,2.16,9.38,-87,auto,177.75,173.67,427,59.84,410.69,0.59,Long-term blockage
6/19/2021 2:58,P/A/2/0,12,14,1,1,266.59,1.24,-85,auto,177.75,173.67,427,59.84,410.69,0.59,Long-term blockage
6/19/2021 2:58,P/A/2/0,12,14,1,1,81.79,2.51,-85.5,auto,177.75,173.67,427,59.84,410.69,0.59,Long-term blockage
6/19/2021 2:58,A/P/0/2,15,17,1,1,0.62,39.26,-87,auto,177.75,173.67,427,59.84,410.69,0.59,Long-term blockage
6/19/2021 2:58,A/P/0/2,15,17,1,1,1.45,7.13,-87,auto,150.47,147.64,167,59.84,410.69,0.59,Long-term blockage
6/19/2021 2:58,P/A/2/0,12,14,1,1,218.84,1.55,-85.5,auto,150.47,147.64,167,59.84,410.69,0.59,Long-term blockage
6/19/2021 2:58,P/A/2/0,12,14,1,1,51.57,2.31,-85.25,auto,150.47,147.64,167,59.84,410.69,0.59,Long-term blockage
6/19/2021 2:58,A/P/0/2,15,17,1,1,0.17,2.46,-87,auto,150.47,147.64,167,59.84,410.69,0.59,Long-term blockage
6/19/2021 2:58,P/A/2/0,12,14,1,1,270.61,1.31,-85,auto,150.47,147.64,167,59.84,410.69,0.59,Long-term blockage
6/19/2021 2:58,A/P/0/2,15,17,1,1,2.28,9.96,-87.5,auto,150.47,147.64,167,59.84,410.69,0.59,Long-term blockage
6/19/2021 2:58,P/A/2/0,12,14,1,1,163.96,0.37,-85,auto,150.47,147.64,167,59.84,410.69,0.59,Long-term blockage
6/19/2021 2:58,A/P/0/2,15,17,1,1,2.44,10.66,-87.25,auto,150.47,147.64,167,59.84,410.69,0.59,Long-term blockage
6/19/2021 2:58,P/A/2/0,12,14,1,1,267.93,2.1,-85.25,auto,150.47,147.64,167,48.24,304.2,0.44,Long-term blockage
6/19/2021 2:58,A/P/0/2,15,17,1,1,1.45,8.55,-87,auto,150.47,147.64,167,48.24,304.2,0.44,Long-term blockage
6/19/2021 2:58,P/A/2/0,12,14,1,1,255.02,1.21,-85.5,auto,150.47,147.64,167,48.24,304.2,0.44,Long-term blockage
6/19/2021 2:58,A/P/0/2,15,17,1,1,2.35,9.14,-87.5,auto,150.47,147.64,167,48.24,304.2,0.44,Long-term blockage
6/19/2021 2:58,P/A/2/0,12,14,1,1,51.73,1.14,-86,auto,195.34,191.33,420,48.24,304.2,0.44,Long-term blockage
6/19/2021 2:58,A/P/0/2,15,17,1,1,2.07,11.44,-87,auto,195.34,191.33,420,48.24,304.2,0.44,Long-term blockage
6/19/2021 2:58,A/P/0/2,15,17,1,1,0.13,13.67,-86.5,auto,195.34,191.33,420,48.24,304.2,0.44,Long-term blockage
6/19/2021 2:58,P/A/2/0,13,14,1,1,231.82,3.5,-84.5,auto,195.34,191.33,420,48.24,304.2,0.44,Long-term blockage
6/19/2021 2:58,A/P/0/2,15,17,1,1,1.98,11.4,-87.5,auto,195.34,191.33,420,48.24,304.2,0.44,Long-term blockage
6/19/2021 2:58,P/A/2/0,12,14,1,1,77.95,1.87,-84.83,auto,195.34,191.33,420,48.24,304.2,0.44,Long-term blockage
6/19/2021 2:58,A/P/0/2,15,17,1,1,2.32,13.21,-87,auto,195.34,191.33,420,48.24,304.2,0.44,Long-term blockage
6/19/2021 2:58,P/A/2/0,12,14,1,1,268.62,1.58,-85,auto,195.34,191.33,420,48.24,304.2,0.44,Long-term blockage
6/19/2021 2:58,A/P/0/2,15,17,1,1,0.63,34.66,-87,auto,195.34,191.33,420,48.24,304.2,0.44,Long-term blockage
6/19/2021 2:58,P/A/2/0,12,14,1,1,149.15,0.4,-85,auto,195.34,191.33,420,48.24,304.2,0.44,Long-term blockage
6/19/2021 2:58,A/P/0/2,15,17,1,1,2.36,10.04,-87,auto,195.34,191.33,420,48.24,304.2,0.44,Long-term blockage
6/19/2021 2:58,P/A/2/0,11,14,1,1,42.04,1.78,-87,auto,157.29,153.19,626,48.24,304.2,0.44,Long-term blockage
6/19/2021 2:58,A/P/0/2,15,17,1,1,1.28,6.64,-86.5,auto,157.29,153.19,626,48.24,304.2,0.44,Long-term blockage
6/19/2021 2:59,P/A/2/0,11,14,1,1,214.69,1.26,-86.5,auto,157.29,153.19,626,48.24,304.2,0.44,Long-term blockage
6/19/2021 2:59,A/P/0/2,15,17,1,1,0.4,9.87,-86.8,auto,157.29,153.19,626,48.24,304.2,0.44,Long-term blockage
6/19/2021 2:59,P/A/2/0,12,14,1,1,269.85,0.9,-85.5,auto,157.29,153.19,626,48.24,304.2,0.44,Long-term blockage
6/19/2021 2:59,A/P/0/2,15,17,1,1,1.77,9.35,-87.1,auto,157.29,153.19,626,48.24,304.2,0.44,Long-term blockage
6/19/2021 2:59,A/P/0/2,15,17,1,1,2.32,8.19,-87.4,auto,157.29,153.19,626,52.1,435.55,0.43,Long-term blockage
6/19/2021 2:59,P/A/2/0,12,14,1,1,263.99,1.91,-85.5,auto,157.29,153.19,626,52.1,435.55,0.43,Long-term blockage
6/19/2021 2:59,P/A/2/0,12,14,1,1,251.03,3.04,-85,auto,157.29,153.19,626,52.1,435.55,0.43,Long-term blockage
6/19/2021 2:59,A/P/0/2,15,17,1,1,2.23,8.92,-87.7,auto,157.29,153.19,626,52.1,435.55,0.43,Long-term blockage
6/19/2021 2:59,P/A/2/0,12,14,1,1,111.92,3.23,-85.5,auto,157.29,153.19,626,52.1,435.55,0.43,Long-term blockage
6/19/2021 2:59,A/P/0/2,14,17,1,1,2.27,31.85,-88,auto,157.29,153.19,626,52.1,435.55,0.43,Long-term blockage
6/19/2021 2:59,P/A/2/0,12,14,1,1,70.97,0.91,-86,auto,174.82,172.79,117,52.1,435.55,0.43,Long-term blockage
6/19/2021 2:59,A/P/0/2,15,17,1,1,0.8,30.21,-88,auto,174.82,172.79,117,52.1,435.55,0.43,Long-term blockage
6/19/2021 2:59,P/A/2/0,12,14,1,1,126.76,2.07,-85,auto,174.82,172.79,117,52.1,435.55,0.43,Long-term blockage
6/19/2021 2:59,A/P/0/2,15,17,1,1,0.84,4.57,-88,auto,174.82,172.79,117,52.1,435.55,0.43,Long-term blockage
6/19/2021 2:59,P/A/2/0,13,14,1,1,184.64,1.33,-84.5,auto,174.82,172.79,117,52.1,435.55,0.43,Long-term blockage
6/19/2021 2:59,A/P/0/2,14,17,1,1,1.08,22.02,-88,auto,174.82,172.79,117,52.1,435.55,0.43,Long-term blockage
6/19/2021 2:59,A/P/0/2,15,17,1,1,1.78,6.78,-87.83,auto,174.82,172.79,117,52.1,435.55,0.43,Long-term blockage
6/19/2021 2:59,P/A/2/0,12,14,1,1,264.09,0.67,-85.5,auto,174.82,172.79,117,52.1,435.55,0.43,Long-term blockage
6/19/2021 2:59,A/P/0/2,15,17,1,1,2.43,8.27,-87.67,auto,174.82,172.79,117,52.1,435.55,0.43,Long-term blockage
6/19/2021 2:59,P/A/2/0,12,14,1,1,265.84,0,-85,auto,174.82,172.79,117,52.1,435.55,0.43,Long-term blockage
6/19/2021 2:59,P/A/2/0,13,14,1,1,180.46,0.49,-84.5,auto,174.82,172.79,117,52.1,435.55,0.43,Long-term blockage
6/19/2021 2:59,A/P/0/2,15,17,1,1,2.24,7.93,-87.5,auto,174.82,172.79,117,52.1,435.55,0.43,Long-term blockage
6/19/2021 2:59,P/A/2/0,12,14,1,1,125.72,0.89,-85.5,auto,174.82,172.79,117,52.1,435.55,0.43,Long-term blockage
6/19/2021 2:59,A/P/0/2,15,17,1,1,1.64,6.31,-87.33,auto,174.82,172.79,117,52.1,435.55,0.43,Long-term blockage
6/19/2021 2:59,P/A/2/0,12,14,1,1,156.86,1.83,-85,auto,164.74,163.16,156,52.1,435.55,0.43,Long-term blockage
6/19/2021 2:59,A/P/0/2,14,17,1,1,1.11,10.44,-87.17,auto,164.74,163.16,156,52.1,435.55,0.43,Long-term blockage
6/19/2021 2:59,P/A/2/0,12,14,1,1,270.62,0.97,-85,auto,164.74,163.16,156,43.38,219.09,0.67,Long-term blockage
6/19/2021 2:59,A/P/0/2,15,17,1,1,1.28,10.43,-87,auto,164.74,163.16,156,43.38,219.09,0.67,Long-term blockage
6/19/2021 2:59,P/A/2/0,12,14,1,1,267.72,0.88,-85,auto,164.74,163.16,156,43.38,219.09,0.67,Long-term blockage
6/19/2021 2:59,A/P/0/2,15,17,1,1,2.25,11.54,-87.5,auto,164.74,163.16,156,43.38,219.09,0.67,Long-term blockage
6/19/2021 2:59,P/A/2/0,12,14,1,1,266.32,2.77,-85,auto,164.74,163.16,156,43.38,219.09,0.67,Long-term blockage
6/19/2021 2:59,A/P/0/2,15,17,1,1,2.33,11.32,-87.25,auto,164.74,163.16,156,43.38,219.09,0.67,Long-term blockage
6/19/2021 2:59,A/P/0/2,15,17,1,1,2.1,11.27,-87,auto,164.74,163.16,156,43.38,219.09,0.67,Long-term blockage
6/19/2021 2:59,P/A/2/0,12,14,1,1,226.14,1.09,-85,auto,164.74,163.16,156,43.38,219.09,0.67,Long-term blockage
6/19/2021 2:59,P/A/2/0,13,14,1,1,50.35,1.23,-85,auto,164.74,163.16,156,43.38,219.09,0.67,Long-term blockage
6/19/2021 2:59,A/P/0/2,14,17,1,1,1.83,22.51,-88,auto,164.74,163.16,156,43.38,219.09,0.67,Long-term blockage
6/19/2021 2:59,P/A/2/0,12,14,1,1,140.42,2.23,-85,auto,184,179.49,79,43.38,219.09,0.67,Long-term blockage
6/19/2021 2:59,A/P/0/2,15,17,1,1,0.27,18.64,-86,auto,184,179.49,79,43.38,219.09,0.67,Long-term blockage
6/19/2021 2:59,P/A/2/0,12,14,1,1,274.03,0.86,-85,auto,184,179.49,79,43.38,219.09,0.67,Long-term blockage
6/19/2021 2:59,P/A/2/0,12,14,1,1,269.86,0.97,-85.5,auto,184,179.49,79,43.38,219.09,0.67,Long-term blockage
6/19/2021 2:59,A/P/0/2,15,17,1,1,2.3,10.91,-86.6,auto,184,179.49,79,43.38,219.09,0.67,Long-term blockage
6/19/2021 2:59,P/A/2/0,12,14,1,1,256.68,4.61,-85.5,auto,184,179.49,79,43.38,219.09,0.67,Long-term blockage
6/19/2021 2:59,A/P/0/2,15,17,1,1,2.42,9.08,-86.9,auto,184,179.49,79,43.38,219.09,0.67,Long-term blockage
6/19/2021 2:59,P/A/2/0,13,14,1,1,243.49,0.53,-85.5,auto,184,179.49,79,43.38,219.09,0.67,Long-term blockage
6/19/2021 2:59,A/P/0/2,14,17,1,1,1.55,36.8,-87.2,auto,184,179.49,79,43.38,219.09,0.67,Long-term blockage
6/19/2021 2:59,A/P/0/2,15,17,1,1,2.27,7.78,-87.5,auto,184,179.49,79,24.06,51.56,0.59,Long-term blockage
6/19/2021 2:59,P/A/2/0,12,14,1,1,168.95,2.13,-85.5,auto,184,179.49,79,24.06,51.56,0.59,Long-term blockage
6/19/2021 2:59,A/P/0/2,14,17,1,1,1.38,12.15,-87.5,auto,191.57,187.54,332,24.06,51.56,0.59,Long-term blockage
6/19/2021 2:59,P/A/2/0,12,14,1,1,106.27,1.48,-85,auto,191.57,187.54,332,24.06,51.56,0.59,Long-term blockage
6/19/2021 2:59,P/A/2/0,12,14,1,1,166.39,3.81,-85.67,auto,191.57,187.54,332,24.06,51.56,0.59,Long-term blockage
6/19/2021 2:59,A/P/0/2,15,17,1,1,0.78,6.42,-87.5,auto,191.57,187.54,332,24.06,51.56,0.59,Long-term blockage
6/19/2021 2:59,A/P/0/2,14,17,1,1,1.43,41.11,-87,auto,191.57,187.54,332,24.06,51.56,0.59,Long-term blockage
6/19/2021 2:59,P/A/2/0,11,14,1,1,180.59,0.61,-87,auto,191.57,187.54,332,24.06,51.56,0.59,Long-term blockage
6/19/2021 2:59,A/P/0/2,15,17,1,1,1.6,9.25,-87.25,auto,191.57,187.54,332,24.06,51.56,0.59,Long-term blockage
6/19/2021 2:59,P/A/2/0,12,14,1,1,270.94,0.81,-86.83,auto,191.57,187.54,332,24.06,51.56,0.59,Long-term blockage
6/19/2021 2:59,A/P/0/2,15,17,1,1,2.34,9.75,-87.5,auto,191.57,187.54,332,24.06,51.56,0.59,Long-term blockage
6/19/2021 2:59,P/A/2/0,12,14,1,1,270.56,1.59,-86.67,auto,191.57,187.54,332,24.06,51.56,0.59,Long-term blockage
6/19/2021 2:59,A/P/0/2,15,17,1,1,2.34,10.96,-87.5,auto,191.57,187.54,332,24.06,51.56,0.59,Long-term blockage
6/19/2021 2:59,P/A/2/0,11,14,1,1,202.74,1.26,-86.5,auto,172.88,169.16,247,24.06,51.56,0.59,Long-term blockage
6/19/2021 2:59,A/P/0/2,15,17,1,1,1.82,9.04,-86.5,auto,172.88,169.16,247,24.06,51.56,0.59,Long-term blockage
6/19/2021 2:59,A/P/0/2,15,17,1,1,0.48,3,-86.75,auto,172.88,169.16,247,24.06,51.56,0.59,Long-term blockage
6/19/2021 2:59,P/A/2/0,12,14,1,1,85.42,1.78,-85,auto,172.88,169.16,247,24.06,51.56,0.59,Long-term blockage
6/19/2021 2:59,P/A/2/0,12,14,1,1,277.88,2.29,-85.17,auto,172.88,169.16,247,24.06,51.56,0.59,Long-term blockage
6/19/2021 2:59,A/P/0/2,15,17,1,1,2.46,10.37,-87,auto,172.88,169.16,247,24.06,51.56,0.59,Long-term blockage
6/19/2021 2:59,A/P/0/2,15,17,1,1,2.27,10.98,-87.25,auto,172.88,169.16,247,32.16,98.81,0.43,Long-term blockage
6/19/2021 2:59,P/A/2/0,12,14,1,1,194.27,2,-85.5,auto,172.88,169.16,247,32.16,98.81,0.43,Long-term blockage
6/19/2021 2:59,A/P/0/2,15,17,1,1,1.53,33.63,-87.5,auto,172.88,169.16,247,32.16,98.81,0.43,Long-term blockage
6/19/2021 2:59,P/A/2/0,11,14,1,1,231.56,2.94,-86.5,auto,172.88,169.16,247,32.16,98.81,0.43,Long-term blockage
6/19/2021 2:59,A/P/0/2,15,17,1,1,2.01,9.19,-87,auto,172.88,169.16,247,32.16,98.81,0.43,Long-term blockage
6/19/2021 2:59,P/A/2/0,12,14,1,1,213.96,2.93,-85.75,auto,191.82,182.66,1001,32.16,98.81,0.43,Long-term blockage
6/19/2021 2:59,A/P/0/2,14,17,1,1,1.8,38.27,-88,auto,191.82,182.66,1001,32.16,98.81,0.43,Long-term blockage
6/19/2021 2:59,P/A/2/0,12,12,1,1,54.77,1.97,-85,auto,191.82,182.66,1001,32.16,98.81,0.43,Long-term blockage
6/19/2021 2:59,A/P/0/2,14,16,1,1,0.2,13.38,-87.5,auto,191.82,182.66,1001,32.16,98.81,0.43,Long-term blockage
6/19/2021 2:59,P/A/2/0,12,11,1,1,231.83,2.04,-84.5,auto,191.82,182.66,1001,32.16,98.81,0.43,Long-term blockage
6/19/2021 2:59,A/P/0/2,14,16,1,1,2.15,18.15,-87.5,auto,191.82,182.66,1001,32.16,98.81,0.43,Long-term blockage
6/19/2021 2:59,A/P/0/2,14,16,1,1,2.38,15.44,-87.5,auto,191.82,182.66,1001,32.16,98.81,0.43,Long-term blockage
6/19/2021 2:59,P/A/2/0,12,11,1,1,267.77,1.51,-85,auto,191.82,182.66,1001,32.16,98.81,0.43,Long-term blockage
6/19/2021 2:59,P/A/2/0,11,11,1,1,285.32,1.1,-87.5,auto,191.82,182.66,1001,32.16,98.81,0.43,Long-term blockage
6/19/2021 2:59,A/P/0/2,15,16,1,1,2.65,2.37,-87,auto,191.82,182.66,1001,32.16,98.81,0.43,Long-term blockage
6/19/2021 2:59,P/A/2/0,12,11,1,1,250.5,1.75,-85,auto,191.82,182.66,1001,32.16,98.81,0.43,Long-term blockage
6/19/2021 2:59,A/P/0/2,14,16,1,1,2.11,16.52,-87.5,auto,191.82,182.66,1001,32.16,98.81,0.43,Long-term blockage
6/19/2021 2:59,P/A/2/0,11,11,1,1,280.85,1.61,-86.5,auto,219.44,215.27,34,32.16,98.81,0.43,Long-term blockage
6/19/2021 2:59,A/P/0/2,15,16,1,1,0.66,2.11,-86,auto,219.44,215.27,34,32.16,98.81,0.43,Long-term blockage
6/19/2021 2:59,P/A/2/0,12,11,1,1,86.7,2.32,-85.75,auto,219.44,215.27,34,61.39,249.09,0.44,Long-term blockage
6/19/2021 2:59,A/P/0/2,15,16,1,2,1.55,5.3,-87,auto,219.44,215.27,34,61.39,249.09,0.44,Long-term blockage
6/19/2021 2:59,P/A/2/0,12,11,1,1,203.12,1.17,-85,auto,219.44,215.27,34,61.39,249.09,0.44,Long-term blockage
6/19/2021 2:59,A/P/0/2,15,16,1,1,2.45,5.19,-87.25,auto,219.44,215.27,34,61.39,249.09,0.44,Long-term blockage
6/19/2021 2:59,P/A/2/0,12,11,1,1,261.41,0.89,-85,auto,219.44,215.27,34,61.39,249.09,0.44,Long-term blockage
6/19/2021 2:59,A/P/0/2,15,16,1,1,3.04,2.8,-87.5,auto,219.44,215.27,34,61.39,249.09,0.44,Long-term blockage
6/19/2021 2:59,A/P/0/2,15,16,1,1,3.05,1.5,-86.5,auto,219.44,215.27,34,61.39,249.09,0.44,Long-term blockage
6/19/2021 2:59,P/A/2/0,12,11,1,1,288.45,1.57,-85.25,auto,219.44,215.27,34,61.39,249.09,0.44,Long-term blockage
6/19/2021 2:59,P/A/2/0,12,11,1,1,291.05,1.61,-85.5,auto,219.44,215.27,34,61.39,249.09,0.44,Long-term blockage
6/19/2021 2:59,A/P/0/2,15,16,1,1,2.44,11.68,-86.5,auto,219.44,215.27,34,61.39,249.09,0.44,Long-term blockage
6/19/2021 2:59,P/A/2/0,11,11,1,1,266.97,0.61,-87,auto,219.99,217.01,38,61.39,249.09,0.44,Long-term blockage
6/19/2021 2:59,A/P/0/2,15,16,1,1,0.99,1.63,-86.5,auto,219.99,217.01,38,61.39,249.09,0.44,Long-term blockage
6/19/2021 2:59,P/A/2/0,13,11,1,1,102.01,0.75,-85,auto,219.99,217.01,38,61.39,249.09,0.44,Long-term blockage
6/19/2021 2:59,A/P/0/2,15,16,1,1,1.88,2.24,-87,auto,219.99,217.01,38,61.39,249.09,0.44,Long-term blockage
6/19/2021 2:59,P/A/2/0,12,11,1,1,188.74,1.54,-85,auto,219.99,217.01,38,61.39,249.09,0.44,Long-term blockage
6/19/2021 2:59,A/P/0/2,15,16,1,2,3.45,3.12,-86.5,auto,219.99,217.01,38,61.39,249.09,0.44,Long-term blockage
6/19/2021 2:59,P/A/2/0,12,11,1,1,300.08,1.95,-85,auto,219.99,217.01,38,61.39,249.09,0.44,Long-term blockage
6/19/2021 2:59,A/P/0/2,15,16,1,1,3.35,2.72,-86.5,auto,219.99,217.01,38,61.39,249.09,0.44,Long-term blockage
6/19/2021 2:59,P/A/2/0,12,11,1,1,300.54,2.16,-85.5,auto,219.99,217.01,38,61.39,249.09,0.44,Long-term blockage
6/19/2021 2:59,A/P/0/2,15,16,1,1,3.31,2.47,-86.17,auto,219.99,217.01,38,18.18,55.29,0.55,Long-term blockage
6/19/2021 2:59,P/A/2/0,12,11,1,1,295.04,1.13,-85,auto,219.99,217.01,38,18.18,55.29,0.55,Long-term blockage
6/19/2021 2:59,A/P/0/2,15,16,1,1,1.54,2.47,-86,auto,219.99,217.01,38,18.18,55.29,0.55,Long-term blockage
6/19/2021 2:59,P/A/2/0,12,11,1,1,299.62,1.77,-86,auto,219.99,217.01,38,18.18,55.29,0.55,Long-term blockage
6/19/2021 2:59,P/A/2/0,11,11,1,1,148.84,2.1,-87,auto,231.29,227.36,333,18.18,55.29,0.55,Long-term blockage
6/19/2021 2:59,A/P/0/2,15,16,1,1,1.4,2.72,-86.5,auto,231.29,227.36,333,18.18,55.29,0.55,Long-term blockage
6/19/2021 2:59,P/A/2/0,12,11,1,1,170.64,0.19,-86.25,auto,231.29,227.36,333,18.18,55.29,0.55,Long-term blockage
6/19/2021 2:59,A/P/0/2,15,16,1,1,3.07,3.34,-87,auto,231.29,227.36,333,18.18,55.29,0.55,Long-term blockage
6/19/2021 2:59,P/A/2/0,12,11,1,1,295.35,1.61,-85.5,auto,231.29,227.36,333,18.18,55.29,0.55,Long-term blockage
6/19/2021 2:59,A/P/0/2,15,16,1,1,2.38,3.2,-87.5,auto,231.29,227.36,333,18.18,55.29,0.55,Long-term blockage
6/19/2021 2:59,P/A/2/0,12,11,1,1,266.45,1.23,-85,auto,231.29,227.36,333,18.18,55.29,0.55,Long-term blockage
6/19/2021 2:59,A/P/0/2,15,16,1,1,2.26,3.41,-87.25,auto,231.29,227.36,333,18.18,55.29,0.55,Long-term blockage
6/19/2021 2:59,P/A/2/0,12,11,1,1,268.49,0.45,-85.25,auto,231.29,227.36,333,18.18,55.29,0.55,Long-term blockage
6/19/2021 2:59,A/P/0/2,15,16,1,1,2.38,2.98,-87,auto,231.29,227.36,333,18.18,55.29,0.55,Long-term blockage
6/19/2021 3:00,P/A/2/0,12,11,1,1,263.87,2.02,-85.5,auto,231.29,227.36,333,18.18,55.29,0.55,Long-term blockage
6/19/2021 3:00,A/P/0/2,15,16,1,1,1.7,1.97,-86,auto,231.29,227.36,333,18.18,55.29,0.55,Long-term blockage
6/19/2021 3:00,A/P/0/2,15,16,1,1,1,2.91,-87,auto,221.88,217.83,325,18.18,55.29,0.55,Long-term blockage
6/19/2021 3:00,P/A/2/0,12,11,1,1,171.51,1.19,-85.5,auto,221.88,217.83,325,18.18,55.29,0.55,Long-term blockage
6/19/2021 3:00,P/A/2/0,12,11,1,1,120.26,0.72,-85.17,auto,221.88,217.83,325,18.18,55.29,0.55,Long-term blockage
6/19/2021 3:00,A/P/0/2,15,16,1,1,3.29,2.41,-87,auto,221.88,217.83,325,18.18,55.29,0.55,Long-term blockage
6/19/2021 3:00,P/A/2/0,12,11,1,1,298.14,0,-84.83,auto,221.88,217.83,325,14.93,50.64,0.39,Long-term blockage
6/19/2021 3:00,A/P/0/2,14,16,1,1,2.07,20.51,-87.5,auto,221.88,217.83,325,14.93,50.64,0.39,Long-term blockage
6/19/2021 3:00,P/A/2/0,12,11,1,1,282.41,1.6,-84.5,auto,221.88,217.83,325,14.93,50.64,0.39,Long-term blockage
6/19/2021 3:00,A/P/0/2,14,16,1,1,2.29,15.45,-87.5,auto,221.88,217.83,325,14.93,50.64,0.39,Long-term blockage
6/19/2021 3:00,P/A/2/0,12,11,1,1,266.69,1.2,-85,auto,221.88,217.83,325,14.93,50.64,0.39,Long-term blockage
6/19/2021 3:00,A/P/0/2,15,16,1,1,2.61,1.98,-87,auto,221.88,217.83,325,14.93,50.64,0.39,Long-term blockage
6/19/2021 3:00,P/A/2/0,12,11,1,1,274.43,0.7,-85,auto,221.88,217.83,325,14.93,50.64,0.39,Long-term blockage
6/19/2021 3:00,A/P/0/2,14,16,1,1,2.03,2.71,-87,auto,221.88,217.83,325,14.93,50.64,0.39,Long-term blockage
6/19/2021 3:00,A/P/0/2,15,16,1,1,0.81,1.21,-86.75,auto,217.59,213.44,409,14.93,50.64,0.39,Long-term blockage
6/19/2021 3:00,P/A/2/0,11,11,1,1,200.7,3.34,-86.5,auto,217.59,213.44,409,14.93,50.64,0.39,Long-term blockage
6/19/2021 3:00,A/P/0/2,15,16,1,1,3,2.74,-86.5,auto,217.59,213.44,409,14.93,50.64,0.39,Long-term blockage
6/19/2021 3:00,P/A/2/0,12,11,1,1,103.08,0.73,-85.5,auto,217.59,213.44,409,14.93,50.64,0.39,Long-term blockage
6/19/2021 3:00,P/A/2/0,12,11,1,1,297.21,0.82,-85,auto,217.59,213.44,409,14.93,50.64,0.39,Long-term blockage
6/19/2021 3:00,A/P/0/2,16,16,1,1,2.81,9.11,-86.5,auto,217.59,213.44,409,14.93,50.64,0.39,Long-term blockage
6/19/2021 3:00,P/A/2/0,12,15,1,1,273.62,0.66,-85,auto,217.59,213.44,409,14.93,50.64,0.39,Long-term blockage
6/19/2021 3:00,A/P/0/2,15,16,1,1,1.65,9.07,-86.5,auto,217.59,213.44,409,14.93,50.64,0.39,Long-term blockage
6/19/2021 3:00,A/P/0/2,15,16,1,1,2.25,10.41,-86.5,auto,217.59,213.44,409,14.93,50.64,0.39,Long-term blockage
6/19/2021 3:00,P/A/2/0,12,15,1,1,229.54,1.41,-85,auto,217.59,213.44,409,14.93,50.64,0.39,Long-term blockage
6/19/2021 3:00,A/P/0/2,15,16,1,1,0.68,10.26,-86.5,auto,217.59,213.44,409,14.93,50.64,0.39,Long-term blockage
6/19/2021 3:00,P/A/2/0,12,15,1,1,74.32,2.76,-85.5,auto,181.35,177,250,13.51,36.31,1.58,Long-term blockage
6/19/2021 3:00,A/P/0/2,15,16,1,1,0.4,5.47,-86.61,auto,181.35,177,250,13.51,36.31,1.58,Long-term blockage
6/19/2021 3:00,P/A/2/0,12,15,1,1,80.17,2.54,-85.5,auto,181.35,177,250,13.51,36.31,1.58,Long-term blockage
6/19/2021 3:00,A/P/0/2,15,16,1,1,2.04,13.21,-86.72,auto,181.35,177,250,13.51,36.31,1.58,Long-term blockage
6/19/2021 3:00,P/A/2/0,12,15,1,1,238.8,2.12,-85,auto,181.35,177,250,13.51,36.31,1.58,Long-term blockage
6/19/2021 3:00,A/P/0/2,14,16,1,1,1.42,42.43,-86.83,auto,181.35,177,250,13.51,36.31,1.58,Long-term blockage
6/19/2021 3:00,A/P/0/2,15,16,1,1,1.24,18.49,-86.94,auto,181.35,177,250,13.51,36.31,1.58,Long-term blockage
6/19/2021 3:00,P/A/2/0,12,15,1,1,159.59,1.69,-85.5,auto,181.35,177,250,13.51,36.31,1.58,Long-term blockage
6/19/2021 3:00,P/A/2/0,12,15,1,1,160.6,1.76,-85,auto,181.35,177,250,13.51,36.31,1.58,Long-term blockage
6/19/2021 3:00,A/P/0/2,14,16,1,1,1.57,31.1,-87.06,auto,181.35,177,250,13.51,36.31,1.58,Long-term blockage
6/19/2021 3:00,P/A/2/0,12,15,1,1,183.71,1.32,-85.5,auto,181.35,177,250,13.51,36.31,1.58,Long-term blockage
6/19/2021 3:00,A/P/0/2,15,16,1,1,1.27,11.48,-87.17,auto,181.35,177,250,13.51,36.31,1.58,Long-term blockage
6/19/2021 3:00,P/A/2/0,12,15,1,1,145.04,0.87,-86,auto,138.35,135.69,136,13.51,36.31,1.58,Long-term blockage
6/19/2021 3:00,A/P/0/2,15,16,1,1,0.19,3.95,-87.28,auto,138.35,135.69,136,13.51,36.31,1.58,Long-term blockage
6/19/2021 3:00,P/A/2/0,12,15,1,1,64.69,2.69,-85,auto,138.35,135.69,136,13.51,36.31,1.58,Long-term blockage
6/19/2021 3:00,A/P/0/2,14,16,1,1,2.01,20.83,-87.39,auto,138.35,135.69,136,13.51,36.31,1.58,Long-term blockage
6/19/2021 3:00,P/A/2/0,12,15,1,1,217.4,1.51,-85.5,auto,138.35,135.69,136,13.51,36.31,1.58,Long-term blockage
6/19/2021 3:00,A/P/0/2,15,16,1,1,0.43,5.68,-87.5,auto,138.35,135.69,136,13.51,36.31,1.58,Long-term blockage
6/19/2021 3:00,P/A/2/0,13,15,1,1,69.42,3.46,-85.33,auto,138.35,135.69,136,13.51,36.31,1.58,Long-term blockage
6/19/2021 3:00,A/P/0/2,14,16,1,1,1.9,13.87,-88,auto,138.35,135.69,136,13.51,36.31,1.58,Long-term blockage
6/19/2021 3:00,A/P/0/2,15,15,1,1,2.6,2.17,-87,auto,138.35,135.69,136,75.81,306.72,0.45,Long-term blockage
6/19/2021 3:00,P/A/2/0,12,12,1,1,238.91,1.03,-85.17,auto,138.35,135.69,136,75.81,306.72,0.45,Long-term blockage
6/19/2021 3:00,P/A/2/0,12,12,1,1,273.79,3.68,-85,auto,138.35,135.69,136,75.81,306.72,0.45,Long-term blockage
6/19/2021 3:00,A/P/0/2,16,17,1,1,2.91,4.35,-86.75,auto,138.35,135.69,136,75.81,306.72,0.45,Long-term blockage
6/19/2021 3:00,P/A/2/0,12,12,1,1,274.31,0.18,-85.5,auto,166.87,163.74,79,75.81,306.72,0.45,Long-term blockage
6/19/2021 3:00,A/P/0/2,15,17,1,1,0.07,3.91,-86.5,auto,166.87,163.74,79,75.81,306.72,0.45,Long-term blockage
6/19/2021 3:00,P/A/2/0,12,12,1,1,28.99,0.16,-85.5,auto,166.87,163.74,79,75.81,306.72,0.45,Long-term blockage
6/19/2021 3:00,P/A/2/0,12,12,1,1,261.02,1.36,-85,auto,166.87,163.74,79,75.81,306.72,0.45,Long-term blockage
6/19/2021 3:00,A/P/0/2,15,17,1,1,3.06,3.02,-87,auto,166.87,163.74,79,75.81,306.72,0.45,Long-term blockage
6/19/2021 3:00,P/A/2/0,11,12,1,1,298.37,3.93,-87.5,auto,166.87,163.74,79,75.81,306.72,0.45,Long-term blockage
6/19/2021 3:00,A/P/0/2,15,17,1,2,3.06,2.98,-86.5,auto,166.87,163.74,79,75.81,306.72,0.45,Long-term blockage
6/19/2021 3:00,P/A/2/0,12,12,1,1,297.98,0.94,-85,auto,166.87,163.74,79,75.81,306.72,0.45,Long-term blockage
6/19/2021 3:00,A/P/0/2,15,17,1,1,2.93,3.91,-86.75,auto,166.87,163.74,79,75.81,306.72,0.45,Long-term blockage
6/19/2021 3:00,P/A/2/0,12,12,1,1,298.43,1.85,-85,auto,166.87,163.74,79,75.81,306.72,0.45,Long-term blockage
6/19/2021 3:00,A/P/0/2,15,17,1,1,3,3.22,-87,auto,166.87,163.74,79,75.81,306.72,0.45,Long-term blockage
6/19/2021 3:00,A/P/0/2,15,17,1,1,0.63,1.53,-86,auto,231.56,227.87,107,75.81,306.72,0.45,Long-term blockage
6/19/2021 3:00,P/A/2/0,12,12,1,1,296.67,2.49,-85.5,auto,231.56,227.87,107,75.81,306.72,0.45,Long-term blockage
6/19/2021 3:00,P/A/2/0,12,12,1,1,74.66,2.48,-86,auto,231.56,227.87,107,75.81,306.72,0.45,Long-term blockage
6/19/2021 3:00,A/P/0/2,15,17,1,1,2.24,3.81,-86.38,auto,231.56,227.87,107,75.81,306.72,0.45,Long-term blockage
6/19/2021 3:00,P/A/2/0,12,12,1,1,231.43,1.75,-85,auto,231.56,227.87,107,75.81,306.72,0.45,Long-term blockage
6/19/2021 3:00,A/P/0/2,15,17,1,1,3.23,2.85,-86.75,auto,231.56,227.87,107,75.81,306.72,0.45,Long-term blockage
6/19/2021 3:00,P/A/2/0,12,12,1,1,297.68,2.26,-85.5,auto,231.56,227.87,107,75.81,306.72,0.45,Long-term blockage
6/19/2021 3:00,A/P/0/2,14,17,1,1,2.32,15.62,-87.12,auto,231.56,227.87,107,75.81,306.72,0.45,Long-term blockage
6/19/2021 3:00,P/A/2/0,12,12,1,1,261,0.58,-85.5,auto,231.56,227.87,107,75.81,306.72,0.45,Long-term blockage
6/19/2021 3:00,A/P/0/2,14,17,1,1,1.85,18.17,-87.5,auto,231.56,227.87,107,75.81,306.72,0.45,Long-term blockage
6/19/2021 3:00,P/A/2/0,12,12,1,1,239.83,0,-85.5,auto,231.56,227.87,107,75.81,306.72,0.45,Long-term blockage
6/19/2021 3:00,A/P/0/2,15,17,1,1,2.56,2.45,-87,auto,231.56,227.87,107,75.81,306.72,0.45,Long-term blockage
6/19/2021 3:00,P/A/2/0,12,12,1,1,276.55,0.55,-85.5,auto,231.56,227.87,107,75.81,306.72,0.45,Long-term blockage
6/19/2021 3:00,A/P/0/2,15,17,1,1,0.96,2.2,-86,auto,231.56,227.87,107,75.81,306.72,0.45,Long-term blockage
6/19/2021 3:00,P/A/2/0,12,12,1,1,93.7,1.73,-85.5,auto,231.56,227.87,107,75.81,306.72,0.45,Long-term blockage
6/19/2021 3:00,A/P/0/2,15,17,1,1,1.92,3.66,-86,auto,231.56,227.87,107,75.81,306.72,0.45,Long-term blockage
7/1/2021 3:28,P/A/1/1,51,56,9,9,816.55,1.02,-60.5,auto,499.76,499.55,458,2.45,12.26,0.66,Normal
7/1/2021 3:28,A/P/1/1,58,59,9,9,3.49,5.59,-63.5,auto,499.76,499.55,458,2.45,12.26,0.66,Normal
7/1/2021 3:28,P/A/1/1,51,56,9,9,664.96,1.77,-61,auto,499.76,499.55,458,2.45,12.26,0.66,Normal
7/1/2021 3:28,A/P/1/1,57,59,9,9,4.8,2.63,-64.5,auto,499.76,499.55,458,2.45,12.26,0.66,Normal
7/1/2021 3:28,A/P/1/1,58,59,9,10,3.38,1.92,-63,auto,499.76,499.55,458,2.45,12.26,0.66,Normal
7/1/2021 3:28,P/A/1/1,51,56,9,9,524.9,0.46,-60.5,auto,499.76,499.55,458,2.89,7.56,0.71,Normal
7/1/2021 3:28,A/P/1/1,58,59,9,10,0.04,2.16,-63,auto,499.76,499.55,458,2.89,7.56,0.71,Normal
7/1/2021 3:28,P/A/1/1,51,56,9,10,390.7,1.26,-61,auto,499.91,499.2,60,2.89,7.56,0.71,Normal
7/1/2021 3:28,A/P/1/1,58,59,9,10,3.02,1.7,-63,auto,499.91,499.2,60,2.89,7.56,0.71,Normal
7/1/2021 3:28,P/A/1/1,51,56,9,8,551.21,1.09,-60.5,auto,499.91,499.2,60,2.89,7.56,0.71,Normal
7/1/2021 3:28,A/P/1/1,57,59,9,9,3.13,1.63,-64.5,auto,499.91,499.2,60,2.89,7.56,0.71,Normal
7/1/2021 3:28,P/A/1/1,51,56,10,10,866.03,1.04,-61,auto,499.91,499.2,60,2.89,7.56,0.71,Normal
7/1/2021 3:28,A/P/1/1,58,59,9,9,3.59,1.29,-63.5,auto,499.91,499.2,60,2.89,7.56,0.71,Normal
7/1/2021 3:28,A/P/1/1,57,59,9,9,2.8,2.28,-64.5,auto,499.91,499.2,60,2.89,7.56,0.71,Normal
7/1/2021 3:28,P/A/1/1,51,56,9,9,759.11,1.66,-61,auto,499.91,499.2,60,2.89,7.56,0.71,Normal
7/1/2021 3:28,P/A/1/1,51,56,9,9,646.96,1.61,-61,auto,499.91,499.2,60,2.89,7.56,0.71,Normal
7/1/2021 3:28,P/A/1/1,51,56,9,9,669.66,4.13,-61,auto,499.91,499.2,60,2.89,7.56,0.71,Normal
7/1/2021 3:28,A/P/1/1,58,59,10,9,1.24,2.38,-63,auto,499.91,499.2,60,2.89,7.56,0.71,Normal
7/1/2021 3:28,P/A/1/1,51,56,9,9,319.88,6.67,-61,auto,499.97,493.57,164,2.89,7.56,0.71,Normal
7/1/2021 3:28,A/P/1/1,57,59,9,9,1.66,1.93,-64.5,auto,499.97,493.57,164,2.89,7.56,0.71,Normal
7/1/2021 3:28,P/A/1/1,51,56,9,9,749.25,0.9,-61,auto,499.97,493.57,164,2.89,7.56,0.71,Normal
7/1/2021 3:28,A/P/1/1,58,59,10,9,5.43,1.98,-63.5,auto,499.97,493.57,164,2.89,7.56,0.71,Normal
7/1/2021 3:28,P/A/1/1,51,56,9,9,699.4,1.12,-60.5,auto,499.97,493.57,164,2.89,7.56,0.71,Normal
7/1/2021 3:28,A/P/1/1,57,59,10,9,4.31,1.84,-64.5,auto,499.97,493.57,164,2.89,7.56,0.71,Normal
7/1/2021 3:28,P/A/1/1,51,56,9,10,790.42,1.06,-61,auto,499.97,493.57,164,1.28,3.14,0.6,Normal
7/1/2021 3:28,A/P/1/1,57,59,9,9,5.2,1.63,-64.5,auto,499.97,493.57,164,1.28,3.14,0.6,Normal
7/1/2021 3:28,A/P/1/1,58,59,10,9,5.15,1.42,-63.5,auto,499.97,493.57,164,1.28,3.14,0.6,Normal
7/1/2021 3:28,P/A/1/1,51,56,9,9,657.41,2.95,-60.5,auto,499.97,493.57,164,1.28,3.14,0.6,Normal
7/1/2021 3:28,A/P/1/1,58,59,9,9,2.79,2.65,-63,auto,499.97,493.57,164,1.28,3.14,0.6,Normal
7/1/2021 3:28,P/A/1/1,51,56,9,9,804.49,2.07,-61,auto,499.97,493.57,164,1.28,3.14,0.6,Normal
7/1/2021 3:28,P/A/1/1,51,56,9,10,294.17,1.57,-61,auto,499.09,495.74,11,1.28,3.14,0.6,Normal
7/1/2021 3:28,A/P/1/1,58,59,9,9,0.28,1.66,-63.5,auto,499.09,495.74,11,1.28,3.14,0.6,Normal
7/1/2021 3:28,P/A/1/1,51,56,9,9,593.33,0.84,-60.5,auto,499.09,495.74,11,1.28,3.14,0.6,Normal
7/1/2021 3:28,A/P/1/1,58,59,9,9,5.35,1.44,-64,auto,499.09,495.74,11,1.28,3.14,0.6,Normal
7/1/2021 3:28,P/A/1/1,51,56,9,9,798.26,1.08,-60.5,auto,499.09,495.74,11,1.28,3.14,0.6,Normal
7/1/2021 3:28,A/P/1/1,57,59,9,9,4.91,3.71,-64.5,auto,499.09,495.74,11,1.28,3.14,0.6,Normal
7/1/2021 3:28,P/A/1/1,51,56,10,9,724.41,2.66,-60.5,auto,499.09,495.74,11,1.28,3.14,0.6,Normal
7/1/2021 3:28,A/P/1/1,58,59,9,9,4.42,4.23,-63.5,auto,499.09,495.74,11,1.28,3.14,0.6,Normal
7/1/2021 3:28,P/A/1/1,51,56,9,9,582.57,1.33,-60.5,auto,499.09,495.74,11,1.28,3.14,0.6,Normal
7/1/2021 3:28,A/P/1/1,58,59,9,9,2.95,1.39,-63.5,auto,499.09,495.74,11,1.28,3.14,0.6,Normal
7/1/2021 3:28,P/A/1/1,51,56,9,9,703.15,0.62,-60.5,auto,499.09,495.74,11,1.28,3.14,0.6,Normal
7/1/2021 3:28,A/P/1/1,57,59,9,9,1.49,1.82,-63,auto,499.09,495.74,11,1.28,3.14,0.6,Normal
7/1/2021 3:28,A/P/1/1,58,59,9,9,0.03,2.61,-63,auto,499.09,495.74,11,1.28,3.14,0.6,Normal
7/1/2021 3:28,P/A/1/1,51,56,9,9,516.14,0.44,-61,auto,499.09,495.74,11,1.28,3.14,0.6,Normal
7/1/2021 3:28,P/A/1/1,51,56,9,10,410.8,1.95,-61,auto,499.92,498.33,3,1.28,3.14,0.6,Normal
7/1/2021 3:28,A/P/1/1,57,59,10,9,3.48,2.39,-64.5,auto,499.92,498.33,3,1.28,3.14,0.6,Normal
7/1/2021 3:28,P/A/1/1,51,56,9,9,780.34,0.99,-61,auto,499.92,498.33,3,4.56,17,0.71,Normal
7/1/2021 3:28,A/P/1/1,57,59,9,9,4.03,2.56,-63.5,auto,499.92,498.33,3,4.56,17,0.71,Normal
7/1/2021 3:28,P/A/1/1,51,56,9,10,747.23,0.73,-61,auto,499.92,498.33,3,4.56,17,0.71,Normal
7/1/2021 3:28,A/P/1/1,57,59,9,9,3.46,1.97,-64.5,auto,499.92,498.33,3,4.56,17,0.71,Normal
7/1/2021 3:28,P/A/1/1,51,56,9,9,610.25,1.31,-61,auto,499.92,498.33,3,4.56,17,0.71,Normal
7/1/2021 3:28,A/P/1/1,58,59,10,9,4.32,1.38,-63.5,auto,499.92,498.33,3,4.56,17,0.71,Normal
7/1/2021 3:29,P/A/1/1,51,56,9,9,803.47,1.15,-60.5,auto,499.92,498.33,3,4.56,17,0.71,Normal
7/1/2021 3:29,A/P/1/1,58,59,9,9,4.2,1.55,-63.5,auto,499.92,498.33,3,4.56,17,0.71,Normal
7/1/2021 3:29,A/P/1/1,58,59,9,9,1.3,2.41,-63,auto,499.92,498.33,3,4.56,17,0.71,Normal
7/1/2021 3:29,P/A/1/1,51,56,9,9,648.08,1.08,-60.5,auto,499.92,498.33,3,4.56,17,0.71,Normal
7/1/2021 3:29,A/P/1/1,58,59,9,9,1.85,1.36,-63.5,auto,481.75,477.95,91,4.56,17,0.71,Normal
7/1/2021 3:29,P/A/1/1,51,56,10,9,284.6,1.84,-61,auto,481.75,477.95,91,4.56,17,0.71,Normal
7/1/2021 3:29,P/A/1/1,51,56,9,9,784.07,0.73,-61,auto,481.75,477.95,91,4.56,17,0.71,Normal
7/1/2021 3:29,A/P/1/1,57,59,9,9,4.29,2.55,-64,auto,481.75,477.95,91,4.56,17,0.71,Normal
7/1/2021 3:29,P/A/1/1,51,56,9,10,779.85,0.78,-61,auto,481.75,477.95,91,4.56,17,0.71,Normal
7/1/2021 3:29,A/P/1/1,58,59,9,9,3.35,2.29,-63.5,auto,481.75,477.95,91,4.56,17,0.71,Normal
7/1/2021 3:29,A/P/1/1,58,59,9,9,3.52,2.03,-63.5,auto,481.75,477.95,91,4.56,17,0.71,Normal
7/1/2021 3:29,P/A/1/1,51,56,9,10,766,0.67,-61,auto,481.75,477.95,91,4.56,17,0.71,Normal
7/1/2021 3:29,A/P/1/1,57,59,9,9,3.62,1.96,-64.5,auto,481.75,477.95,91,4.56,17,0.71,Normal
7/1/2021 3:29,P/A/1/1,51,56,9,9,802.64,1.03,-60.5,auto,481.75,477.95,91,1.97,4.03,0.5,Normal
7/1/2021 3:29,A/P/1/1,58,59,10,9,1.45,2.61,-63,auto,481.75,477.95,91,1.97,4.03,0.5,Normal
7/1/2021 3:29,P/A/1/1,51,56,9,9,303.22,1,-60.5,auto,499.93,499.33,228,1.97,4.03,0.5,Normal
7/1/2021 3:29,A/P/1/1,57,59,9,9,0.31,2.3,-64,auto,499.93,499.33,228,1.97,4.03,0.5,Normal
7/1/2021 3:29,P/A/1/1,51,56,9,10,628.42,0.84,-60.5,auto,499.93,499.33,228,1.97,4.03,0.5,Normal
7/1/2021 3:29,A/P/1/1,57,59,9,9,3.46,1.68,-64.5,auto,499.93,499.33,228,1.97,4.03,0.5,Normal
7/1/2021 3:29,P/A/1/1,51,56,9,9,887.67,1.21,-61,auto,499.93,499.33,228,1.97,4.03,0.5,Normal
7/1/2021 3:29,P/A/1/1,51,56,9,9,624.05,0.38,-61,auto,499.93,499.33,228,1.97,4.03,0.5,Normal
7/1/2021 3:29,P/A/1/1,51,56,9,9,751.96,1.23,-61,auto,499.93,499.33,228,1.97,4.03,0.5,Normal
7/1/2021 3:29,A/P/1/1,58,59,9,9,4.07,1.53,-63.5,auto,499.93,499.33,228,1.97,4.03,0.5,Normal
7/1/2021 3:29,P/A/1/1,51,56,10,9,821.56,1.46,-61,auto,499.93,499.33,228,1.97,4.03,0.5,Normal
7/1/2021 3:29,A/P/1/1,57,59,9,9,3.25,0.94,-64.5,auto,499.93,499.33,228,1.97,4.03,0.5,Normal
7/1/2021 3:29,P/A/1/1,51,56,9,9,437.14,2.98,-61,auto,499.93,499.33,228,1.97,4.03,0.5,Normal
7/1/2021 3:29,A/P/1/1,58,59,9,9,1.64,2.67,-63,auto,499.93,499.33,228,1.97,4.03,0.5,Normal
7/1/2021 3:29,P/A/1/1,51,56,9,9,496.92,0,-60.5,auto,499.19,494.92,278,1.97,4.03,0.5,Normal
7/1/2021 3:29,A/P/1/1,58,59,9,9,0.03,2,-63,auto,499.19,494.92,278,1.97,4.03,0.5,Normal
7/1/2021 3:29,P/A/1/1,51,56,9,9,820.65,0.75,-60.5,auto,499.19,494.92,278,1.97,4.03,0.5,Normal
7/1/2021 3:29,A/P/1/1,57,59,10,9,3.88,3,-63.25,auto,499.19,494.92,278,1.97,4.03,0.5,Normal
7/1/2021 3:29,A/P/1/1,58,59,9,9,4.56,1.82,-63.5,auto,499.19,494.92,278,3.17,11.21,0.66,Normal
7/1/2021 3:29,P/A/1/1,51,56,9,9,645.5,1.18,-61,auto,499.19,494.92,278,3.17,11.21,0.66,Normal
7/1/2021 3:29,A/P/1/1,58,59,9,9,4.61,3.46,-63.5,auto,499.19,494.92,278,3.17,11.21,0.66,Normal
7/1/2021 3:29,P/A/1/1,51,56,9,9,684.69,1.35,-60.5,auto,499.19,494.92,278,3.17,11.21,0.66,Normal
7/1/2021 3:29,P/A/1/1,51,56,9,9,789.63,0,-61,auto,499.19,494.92,278,3.17,11.21,0.66,Normal
7/1/2021 3:29,A/P/1/1,57,59,9,9,4.36,5.1,-64.5,auto,499.19,494.92,278,3.17,11.21,0.66,Normal
7/1/2021 3:29,P/A/1/1,51,56,9,9,595.19,0.85,-61,auto,499.19,494.92,278,3.17,11.21,0.66,Normal
7/1/2021 3:29,A/P/1/1,57,59,9,10,4.6,1.85,-64.5,auto,499.19,494.92,278,3.17,11.21,0.66,Normal
7/1/2021 3:29,P/A/1/1,51,56,9,9,336.68,1.37,-60.5,auto,499.28,497.26,88,3.17,11.21,0.66,Normal
7/1/2021 3:29,A/P/1/1,58,59,9,9,0.6,1.15,-63,auto,499.28,497.26,88,3.17,11.21,0.66,Normal
7/1/2021 3:29,P/A/1/1,51,56,9,9,773.69,1.24,-60.5,auto,499.28,497.26,88,3.17,11.21,0.66,Normal
7/1/2021 3:29,A/P/1/1,58,59,9,10,2.36,1.25,-63.5,auto,499.28,497.26,88,3.17,11.21,0.66,Normal
7/1/2021 3:29,P/A/1/1,51,56,9,9,683.58,1.38,-61,auto,499.28,497.26,88,3.17,11.21,0.66,Normal
7/1/2021 3:29,A/P/1/1,57,59,10,9,4.59,2.02,-64.5,auto,499.28,497.26,88,3.17,11.21,0.66,Normal
7/1/2021 3:29,P/A/1/1,51,56,9,10,676.49,1.12,-60.5,auto,499.28,497.26,88,3.17,11.21,0.66,Normal
7/1/2021 3:29,A/P/1/1,57,59,9,9,5.04,1.02,-64,auto,499.28,497.26,88,3.17,11.21,0.66,Normal
7/1/2021 3:29,A/P/1/1,58,59,9,9,4.01,2.02,-63.5,auto,499.28,497.26,88,3.17,11.21,0.66,Normal
7/1/2021 3:29,P/A/1/1,51,56,9,9,822.5,0.92,-60.5,auto,499.28,497.26,88,3.17,11.21,0.66,Normal
7/1/2021 3:29,P/A/1/1,51,56,9,9,711.98,1.28,-61,auto,499.28,497.26,88,3.17,11.21,0.66,Normal
7/1/2021 3:29,A/P/1/1,58,59,9,9,3.06,1.14,-63.5,auto,499.28,497.26,88,3.17,11.21,0.66,Normal
7/1/2021 3:29,P/A/1/1,51,56,9,9,288.89,1.23,-61,auto,499.98,499.55,134,2.93,6.91,0.66,Normal
7/1/2021 3:29,A/P/1/1,58,59,9,9,1,1.5,-63,auto,499.98,499.55,134,2.93,6.91,0.66,Normal
7/1/2021 3:29,P/A/1/1,51,56,9,9,722.53,0.88,-61,auto,499.98,499.55,134,2.93,6.91,0.66,Normal
7/1/2021 3:29,A/P/1/1,58,59,9,9,2.77,2.43,-63.5,auto,499.98,499.55,134,2.93,6.91,0.66,Normal
7/1/2021 3:29,P/A/1/1,51,56,9,9,689.79,1,-61,auto,499.98,499.55,134,2.93,6.91,0.66,Normal
7/1/2021 3:29,A/P/1/1,58,59,9,9,4.54,2.18,-63.5,auto,499.98,499.55,134,2.93,6.91,0.66,Normal
7/1/2021 3:29,P/A/1/1,51,56,9,9,641.1,0.79,-61,auto,499.98,499.55,134,2.93,6.91,0.66,Normal
7/1/2021 3:29,A/P/1/1,58,59,9,9,4.2,1.53,-63.5,auto,499.98,499.55,134,2.93,6.91,0.66,Normal
7/1/2021 3:29,A/P/1/1,58,59,9,9,3.97,1.18,-63.5,auto,499.98,499.55,134,2.93,6.91,0.66,Normal
7/1/2021 3:29,P/A/1/1,51,56,9,9,855.26,0.75,-60.5,auto,499.98,499.55,134,2.93,6.91,0.66,Normal
7/1/2021 3:29,A/P/1/1,58,59,9,9,3.8,1.72,-63.5,auto,499.98,499.55,134,2.93,6.91,0.66,Normal
7/1/2021 3:29,P/A/1/1,51,56,9,9,831.53,1.49,-60.5,auto,499.98,499.55,134,2.93,6.91,0.66,Normal
7/1/2021 3:29,A/P/1/1,58,59,9,9,2.69,1.64,-63.5,auto,499.98,499.55,134,2.93,6.91,0.66,Normal
7/1/2021 3:29,P/A/1/1,51,56,9,10,587.92,1.27,-60.5,auto,499.96,495.93,154,2.93,6.91,0.66,Normal
7/1/2021 3:29,A/P/1/1,58,59,10,10,0.09,2.45,-63.5,auto,499.96,495.93,154,2.93,6.91,0.66,Normal
7/1/2021 3:29,A/P/1/1,57,59,9,9,4.68,2.68,-64.5,auto,499.96,495.93,154,2.93,6.91,0.66,Normal
7/1/2021 3:29,P/A/1/1,51,56,9,10,745.59,0.57,-60.5,auto,499.96,495.93,154,2.93,6.91,0.66,Normal
7/1/2021 3:29,A/P/1/1,58,59,9,9,5.06,2.91,-63.5,auto,499.96,495.93,154,2.93,6.91,0.66,Normal
7/1/2021 3:29,P/A/1/1,51,56,9,9,582.91,1.12,-61,auto,499.96,495.93,154,2.68,7.21,0.68,Normal
7/1/2021 3:29,P/A/1/1,51,56,9,9,817.75,2.38,-60.5,auto,499.96,495.93,154,2.68,7.21,0.68,Normal
7/1/2021 3:29,A/P/1/1,58,59,9,9,2.38,2.61,-63,auto,499.96,495.93,154,2.68,7.21,0.68,Normal
7/1/2021 3:29,P/A/1/1,51,56,9,9,814.27,0.8,-60.5,auto,499.96,495.93,154,2.68,7.21,0.68,Normal
7/1/2021 3:29,A/P/1/1,58,59,9,9,2.55,2.06,-63.5,auto,499.96,495.93,154,2.68,7.21,0.68,Normal
7/1/2021 3:29,P/A/1/1,51,56,9,9,591.52,0.99,-60.5,auto,499.67,499.51,54,2.68,7.21,0.68,Normal
7/1/2021 3:29,A/P/1/1,58,59,9,9,0.04,3.45,-63,auto,499.67,499.51,54,2.68,7.21,0.68,Normal
7/1/2021 3:29,A/P/1/1,58,59,9,9,3.26,1.72,-63.5,auto,499.67,499.51,54,2.68,7.21,0.68,Normal
7/1/2021 3:29,P/A/1/1,51,56,9,9,383.74,0.67,-61,auto,499.67,499.51,54,2.68,7.21,0.68,Normal
7/1/2021 3:29,P/A/1/1,51,56,9,9,798.32,0.85,-61,auto,499.67,499.51,54,2.68,7.21,0.68,Normal
7/1/2021 3:29,A/P/1/1,57,59,9,9,4.65,2.23,-64.5,auto,499.67,499.51,54,2.68,7.21,0.68,Normal
7/1/2021 3:29,P/A/1/1,51,56,9,9,596.83,1.06,-61,auto,499.67,499.51,54,2.68,7.21,0.68,Normal
7/1/2021 3:29,A/P/1/1,58,59,9,9,4.37,2.26,-63.5,auto,499.67,499.51,54,2.68,7.21,0.68,Normal
7/1/2021 3:29,P/A/1/1,51,56,9,9,824.64,0.57,-61,auto,499.67,499.51,54,2.68,7.21,0.68,Normal
7/1/2021 3:29,A/P/1/1,57,59,9,9,2.99,2.98,-64,auto,499.67,499.51,54,2.68,7.21,0.68,Normal
7/1/2021 3:29,P/A/1/1,51,56,9,9,779.49,1.4,-60.5,auto,499.67,499.51,54,2.68,7.21,0.68,Normal
7/1/2021 3:29,A/P/1/1,58,59,9,9,4.07,3.3,-63.5,auto,499.67,499.51,54,2.68,7.21,0.68,Normal
7/1/2021 3:29,P/A/1/1,51,56,10,9,697.4,0.46,-60.5,auto,499.02,489.57,410,2.68,7.21,0.68,Normal
7/1/2021 3:29,A/P/1/1,58,59,9,9,1.28,1.65,-63,auto,499.02,489.57,410,2.68,7.21,0.68,Normal
7/1/2021 3:29,P/A/1/1,51,56,9,9,262.16,0.96,-61,auto,499.02,489.57,410,2.15,4.6,0.57,Normal
7/1/2021 3:29,A/P/1/1,58,59,9,9,1.69,0,-63.5,auto,499.02,489.57,410,2.15,4.6,0.57,Normal
7/1/2021 3:29,A/P/1/1,58,59,9,10,3.73,1.3,-63.5,auto,499.02,489.57,410,2.15,4.6,0.57,Normal
7/1/2021 3:29,P/A/1/1,51,56,9,9,738.2,1.16,-60.5,auto,499.02,489.57,410,2.15,4.6,0.57,Normal
7/1/2021 3:29,P/A/1/1,51,56,9,10,548.15,1.33,-61,auto,499.02,489.57,410,2.15,4.6,0.57,Normal
7/1/2021 3:29,A/P/1/1,58,59,9,9,5.18,2.14,-63.5,auto,499.02,489.57,410,2.15,4.6,0.57,Normal
7/1/2021 3:29,P/A/1/1,51,56,9,9,771.24,0.51,-61,auto,499.02,489.57,410,2.15,4.6,0.57,Normal
7/1/2021 3:29,A/P/1/1,58,59,9,10,2.51,2.21,-64.5,auto,499.02,489.57,410,2.15,4.6,0.57,Normal
7/1/2021 3:29,P/A/1/1,51,56,9,8,839.12,1.03,-60.5,auto,499.02,489.57,410,2.15,4.6,0.57,Normal
7/1/2021 3:29,A/P/1/1,57,59,9,10,3.79,1.37,-64.5,auto,499.02,489.57,410,2.15,4.6,0.57,Normal
7/1/2021 3:29,P/A/1/1,51,56,9,9,778.21,0.93,-60.5,auto,499.91,499.64,200,2.15,4.6,0.57,Normal
7/1/2021 3:29,A/P/1/1,57,59,9,9,1.82,1.39,-64,auto,499.91,499.64,200,2.15,4.6,0.57,Normal
7/1/2021 3:29,P/A/1/1,51,56,9,9,304.65,0.72,-61,auto,499.91,499.64,200,2.15,4.6,0.57,Normal
7/1/2021 3:29,A/P/1/1,58,59,9,10,3.45,2.6,-63,auto,499.91,499.64,200,2.15,4.6,0.57,Normal
7/1/2021 3:29,P/A/1/1,51,56,10,9,629.96,0.68,-61,auto,499.91,499.64,200,2.15,4.6,0.57,Normal
7/1/2021 3:29,A/P/1/1,57,59,10,10,5.08,1.82,-64,auto,499.91,499.64,200,2.15,4.6,0.57,Normal
7/1/2021 3:29,A/P/1/1,58,59,9,9,5,1.63,-63.5,auto,499.91,499.64,200,2.15,4.6,0.57,Normal
7/1/2021 3:29,P/A/1/1,51,56,9,9,606.37,1.2,-61,auto,499.91,499.64,200,2.15,4.6,0.57,Normal
7/1/2021 3:29,P/A/1/1,51,56,9,10,750.19,2.23,-61,auto,499.91,499.64,200,2.15,4.6,0.57,Normal
7/1/2021 3:29,A/P/1/1,57,59,9,9,4.4,2.04,-64.5,auto,499.91,499.64,200,2.15,4.6,0.57,Normal
7/1/2021 3:29,P/A/1/1,51,56,9,9,804.3,0.73,-60.5,auto,499.91,499.64,200,2.15,4.6,0.57,Normal
7/1/2021 3:29,A/P/1/1,57,59,9,9,2.68,2.03,-64.5,auto,499.91,499.64,200,2.15,4.6,0.57,Normal
7/1/2021 3:29,P/A/1/1,51,56,9,9,825.93,1.26,-60.5,auto,499.91,499.64,200,2.17,4.54,0.83,Normal
7/1/2021 3:29,A/P/1/1,57,59,9,9,4.46,1.97,-64,auto,499.91,499.64,200,2.17,4.54,0.83,Normal
7/1/2021 3:29,P/A/1/1,51,56,9,9,445,0.69,-60.5,auto,499.89,499.72,216,2.17,4.54,0.83,Normal
7/1/2021 3:29,A/P/1/1,58,59,9,9,0.03,2.03,-63,auto,499.89,499.72,216,2.17,4.54,0.83,Normal
7/1/2021 3:30,P/A/1/1,51,56,10,9,437.28,0.47,-60.5,auto,499.89,499.72,216,2.17,4.54,0.83,Normal
7/1/2021 3:30,A/P/1/1,58,59,9,9,3.71,1.29,-63.5,auto,499.89,499.72,216,2.17,4.54,0.83,Normal
7/1/2021 3:30,P/A/1/1,51,56,9,9,621.43,0,-61,auto,499.89,499.72,216,2.17,4.54,0.83,Normal
7/1/2021 3:30,A/P/1/1,58,59,9,9,4.3,2.2,-63.5,auto,499.89,499.72,216,2.17,4.54,0.83,Normal
7/1/2021 3:30,A/P/1/1,57,59,9,9,4.33,1.34,-64.5,auto,499.89,499.72,216,2.17,4.54,0.83,Normal
7/1/2021 3:30,P/A/1/1,51,56,9,9,789.2,1.03,-61,auto,499.89,499.72,216,2.17,4.54,0.83,Normal
7/1/2021 3:30,A/P/1/1,57,59,9,9,3.36,2.88,-64.5,auto,499.89,499.72,216,2.17,4.54,0.83,Normal
7/1/2021 3:30,P/A/1/1,51,56,9,10,640.37,0.37,-61,auto,499.89,499.72,216,2.17,4.54,0.83,Normal
7/1/2021 3:30,P/A/1/1,51,56,9,9,337.69,1.21,-61,auto,499.88,499.78,0,2.17,4.54,0.83,Normal
7/1/2021 3:30,A/P/1/1,57,59,9,9,4.23,2.78,-64,auto,499.88,499.78,0,2.17,4.54,0.83,Normal
7/1/2021 3:30,P/A/1/1,51,56,9,9,629.17,1.39,-61,auto,499.88,499.78,0,2.17,4.54,0.83,Normal
7/1/2021 3:30,A/P/1/1,58,59,9,9,4.66,1.19,-63.5,auto,499.88,499.78,0,2.17,4.54,0.83,Normal
7/1/2021 3:30,P/A/1/1,51,56,10,9,706.97,3.92,-61,auto,499.88,499.78,0,2.17,4.54,0.83,Normal
7/1/2021 3:30,A/P/1/1,58,59,9,9,5.09,1.24,-63.5,auto,499.88,499.78,0,2.17,4.54,0.83,Normal
7/1/2021 3:30,P/A/1/1,51,56,9,9,845.03,0.56,-60.5,auto,499.88,499.78,0,2.42,7.46,0.7,Normal
7/1/2021 3:30,A/P/1/1,58,59,9,10,3.94,1.29,-63.5,auto,499.88,499.78,0,2.42,7.46,0.7,Normal
7/1/2021 3:30,P/A/1/1,51,56,9,9,811.26,0.66,-61,auto,499.88,499.78,0,2.42,7.46,0.7,Normal
7/1/2021 3:30,A/P/1/1,58,59,9,10,2.96,2.42,-63.5,auto,499.88,499.78,0,2.42,7.46,0.7,Normal
7/1/2021 3:30,A/P/1/1,58,59,9,9,2.54,1.64,-63.5,auto,499.88,499.78,0,2.42,7.46,0.7,Normal
7/1/2021 3:30,P/A/1/1,51,56,9,9,776.52,0.94,-61,auto,499.88,499.78,0,2.42,7.46,0.7,Normal
7/1/2021 3:30,P/A/1/1,51,56,9,9,321.85,0.9,-60.5,auto,499.89,499.8,16,2.42,7.46,0.7,Normal
7/1/2021 3:30,A/P/1/1,58,59,9,9,0.99,3.33,-63,auto,499.89,499.8,16,2.42,7.46,0.7,Normal
7/1/2021 3:30,P/A/1/1,51,56,9,9,596.95,1.71,-60.5,auto,499.89,499.8,16,2.42,7.46,0.7,Normal
7/1/2021 3:30,A/P/1/1,58,59,9,9,1.3,2.02,-63.5,auto,499.89,499.8,16,2.42,7.46,0.7,Normal
7/1/2021 3:30,P/A/1/1,51,56,9,9,685.6,0.51,-61,auto,499.89,499.8,16,2.42,7.46,0.7,Normal
7/1/2021 3:30,A/P/1/1,58,59,10,9,4.37,1.86,-63.5,auto,499.89,499.8,16,2.42,7.46,0.7,Normal
7/1/2021 3:30,P/A/1/1,51,56,9,9,827.49,1.53,-60.75,auto,499.89,499.8,16,2.42,7.46,0.7,Normal
7/1/2021 3:30,A/P/1/1,58,59,10,10,3.93,4.64,-63.5,auto,499.89,499.8,16,2.42,7.46,0.7,Normal
7/1/2021 3:30,P/A/1/1,51,56,9,8,838.43,0.34,-60.5,auto,499.89,499.8,16,2.42,7.46,0.7,Normal
7/1/2021 3:30,A/P/1/1,57,59,9,9,3.37,2.04,-64.5,auto,499.89,499.8,16,2.42,7.46,0.7,Normal
7/1/2021 3:30,P/A/1/1,51,56,9,9,861.08,0.69,-61,auto,499.89,499.8,16,2.42,7.46,0.7,Normal
7/1/2021 3:30,A/P/1/1,57,59,9,10,2.63,4.12,-64.5,auto,499.89,499.8,16,2.42,7.46,0.7,Normal
7/1/2021 3:30,A/P/1/1,58,59,9,9,2.47,6.2,-63,auto,499.89,499.8,16,2.42,7.46,0.7,Normal
7/1/2021 3:30,P/A/1/1,51,56,9,9,398.78,1.15,-60.5,auto,499.89,499.8,16,2.42,7.46,0.7,Normal
7/1/2021 3:30,P/A/1/1,51,56,9,9,461.97,2.71,-61,auto,499.93,496.79,559,2.25,3.93,0.67,Normal
7/1/2021 3:30,A/P/1/1,57,59,9,9,0.1,2.02,-64,auto,499.93,496.79,559,2.25,3.93,0.67,Normal
7/1/2021 3:30,P/A/1/1,51,56,9,9,643.52,3.81,-60.5,auto,499.93,496.79,559,2.25,3.93,0.67,Normal
7/1/2021 3:30,A/P/1/1,58,59,9,9,4.68,1.23,-63.5,auto,499.93,496.79,559,2.25,3.93,0.67,Normal
7/1/2021 3:30,P/A/1/1,51,56,9,9,784.84,1.23,-60.5,auto,499.93,496.79,559,2.25,3.93,0.67,Normal
7/1/2021 3:30,A/P/1/1,58,59,9,9,3.79,2.64,-63.5,auto,499.93,496.79,559,2.25,3.93,0.67,Normal
7/1/2021 3:30,P/A/1/1,51,56,9,9,840.34,0.6,-61,auto,499.93,496.79,559,2.25,3.93,0.67,Normal
7/1/2021 3:30,A/P/1/1,57,59,9,10,2.32,3.17,-64.5,auto,499.93,496.79,559,2.25,3.93,0.67,Normal
7/1/2021 3:30,P/A/1/1,51,56,9,9,827.64,1.54,-61,auto,499.93,496.79,559,2.25,3.93,0.67,Normal
7/1/2021 3:30,A/P/1/1,58,59,9,10,4.34,6.93,-63.5,auto,499.93,496.79,559,2.25,3.93,0.67,Normal
7/1/2021 3:30,P/A/1/1,51,56,9,9,559.78,0.9,-61,auto,499.93,496.79,559,2.25,3.93,0.67,Normal
7/1/2021 3:30,A/P/1/1,58,59,9,9,4.21,1.19,-63.5,auto,499.93,496.79,559,2.25,3.93,0.67,Normal
7/1/2021 3:30,A/P/1/1,58,59,9,9,0.02,1.67,-63,auto,499.99,499.58,240,2.25,3.93,0.67,Normal
7/1/2021 3:30,P/A/1/1,51,56,9,9,360.2,1.62,-61,auto,499.99,499.58,240,2.25,3.93,0.67,Normal
7/1/2021 3:30,P/A/1/1,51,56,9,9,607,1.23,-61,auto,499.99,499.58,240,2.25,3.93,0.67,Normal
7/1/2021 3:30,A/P/1/1,58,59,9,9,3.7,1.2,-63.5,auto,499.99,499.58,240,2.25,3.93,0.67,Normal
7/1/2021 3:30,P/A/1/1,51,56,9,9,802.78,0.37,-61,auto,499.99,499.58,240,2.25,3.93,0.67,Normal
7/1/2021 3:30,A/P/1/1,57,59,9,9,4.8,1.16,-64.5,auto,499.99,499.58,240,2.25,3.93,0.67,Normal
7/1/2021 3:30,P/A/1/1,51,56,9,9,739.32,0.41,-60.5,auto,499.99,499.58,240,2.25,3.93,0.67,Normal
7/1/2021 3:30,A/P/1/1,58,59,9,9,3.74,3.19,-63.5,auto,499.99,499.58,240,2.25,3.93,0.67,Normal
7/1/2021 3:30,P/A/1/1,51,56,9,9,812.28,0.73,-60.5,auto,499.99,499.58,240,2.25,3.93,0.67,Normal
7/1/2021 3:30,A/P/1/1,58,59,10,9,2.67,7.88,-63.5,auto,499.99,499.58,240,2.25,3.93,0.67,Normal
7/1/2021 3:30,P/A/1/1,51,56,9,9,665.6,0.47,-61,auto,499.99,499.58,240,2.25,3.93,0.67,Normal
7/1/2021 3:30,A/P/1/1,57,59,9,9,2.62,2.6,-63.25,auto,499.99,499.58,240,2.25,3.93,0.67,Normal
7/1/2021 3:30,P/A/1/1,51,56,9,10,236.5,0.44,-61,auto,499.99,499.58,240,2.25,3.93,0.67,Normal
7/1/2021 3:30,A/P/1/1,58,59,9,9,0.88,2.84,-63,auto,499.99,499.58,240,2.25,3.93,0.67,Normal
7/1/2021 3:30,P/A/1/1,51,56,9,9,568.74,0.83,-60.5,auto,499.99,499.58,240,2.25,3.93,0.67,Normal
7/1/2021 3:30,A/P/1/1,57,59,9,9,2.05,2.96,-64,auto,499.99,499.58,240,2.25,3.93,0.67,Normal
6/19/2021 4:33,P/A/1/1,51,54,2,7,525.26,10.98,-79,auto,493.91,493.8,88,0.79,2.31,0.36,Long-term blockage
6/19/2021 4:33,A/P/1/1,58,59,7,2,0.02,1.88,-76,auto,493.91,493.8,88,0.79,2.31,0.36,Long-term blockage
6/19/2021 4:33,P/A/1/1,51,54,1,7,524.41,10.82,-79,auto,493.91,493.8,88,0.79,2.31,0.36,Long-term blockage
6/19/2021 4:33,A/P/1/1,57,59,7,2,0.02,0.52,-77,auto,493.91,493.8,88,0.79,2.31,0.36,Long-term blockage
6/19/2021 4:33,P/A/1/1,51,54,2,7,620.21,10.44,-79,auto,493.91,493.8,88,0.79,2.31,0.36,Long-term blockage
6/19/2021 4:33,A/P/1/1,58,59,7,2,0.02,1.8,-75.5,auto,493.91,493.8,88,0.79,2.31,0.36,Long-term blockage
6/19/2021 4:33,P/A/1/1,51,54,6,7,555.14,11.08,-79,auto,493.91,493.8,88,0.79,2.31,0.36,Long-term blockage
6/19/2021 4:33,A/P/1/1,58,59,7,6,0.02,1.74,-75.5,auto,493.91,493.8,88,0.79,2.31,0.36,Long-term blockage
6/19/2021 4:33,P/A/1/1,51,54,1,7,521.56,10.83,-79,auto,493.91,493.8,88,0.79,2.31,0.36,Long-term blockage
6/19/2021 4:33,A/P/1/1,57,59,7,1,0.02,9.97,-76.5,auto,493.91,493.8,88,0.79,2.31,0.36,Long-term blockage
6/19/2021 4:33,A/P/1/1,58,59,7,1,0.02,2.08,-75,auto,493.59,488.09,131,0.79,2.31,0.36,Long-term blockage
6/19/2021 4:33,A/P/1/1,59,57,9,1,0.02,5.58,-75,auto,493.59,488.09,131,0.79,2.31,0.36,Long-term blockage
6/19/2021 4:33,P/A/1/1,51,54,1,7,487.49,10.89,-80,auto,493.59,488.09,131,0.79,2.31,0.36,Long-term blockage
6/19/2021 4:33,P/A/1/1,51,54,1,7,552.57,11.88,-80,auto,493.59,488.09,131,0.79,2.31,0.36,Long-term blockage
6/19/2021 4:33,A/P/1/1,58,57,7,1,0.02,3.34,-76,auto,493.59,488.09,131,0.79,2.31,0.36,Long-term blockage
6/19/2021 4:33,P/A/1/1,51,54,1,7,442.56,11.63,-80.5,auto,493.59,488.09,131,0.79,2.31,0.36,Long-term blockage
6/19/2021 4:33,P/A/1/1,51,54,1,7,535.37,12.35,-80.5,auto,493.59,488.09,131,0.79,2.31,0.36,Long-term blockage
6/19/2021 4:33,A/P/1/1,58,57,7,2,0.02,1.9,-76,auto,493.59,488.09,131,0.79,2.31,0.36,Long-term blockage
6/19/2021 4:33,P/A/1/1,51,54,1,7,528.44,13.38,-80,auto,493.59,488.09,131,0.68,1.4,0.37,Long-term blockage
6/19/2021 4:33,P/A/1/1,54,54,2,6,97.26,17.08,-79.5,auto,460.07,459.97,17,0.68,1.4,0.37,Long-term blockage
6/19/2021 4:33,A/P/1/1,57,57,7,2,0.01,0.42,-77,auto,460.07,459.97,17,0.68,1.4,0.37,Long-term blockage
6/19/2021 4:33,P/A/1/1,51,54,1,6,442.1,17.61,-80,auto,460.07,459.97,17,0.68,1.4,0.37,Long-term blockage
6/19/2021 4:33,A/P/1/1,57,57,7,2,0.02,1,-76.5,auto,460.07,459.97,17,0.68,1.4,0.37,Long-term blockage
6/19/2021 4:33,P/A/1/1,51,54,1,6,564.96,18.76,-80,auto,460.07,459.97,17,0.68,1.4,0.37,Long-term blockage
6/19/2021 4:33,A/P/1/1,58,57,7,1,0.02,1.81,-76,auto,460.07,459.97,17,0.68,1.4,0.37,Long-term blockage
6/19/2021 4:33,A/P/1/1,58,57,7,1,0.02,2.62,-75.5,auto,460.07,459.97,17,0.68,1.4,0.37,Long-term blockage
6/19/2021 4:33,P/A/1/1,51,54,1,6,581.62,19.22,-80,auto,460.07,459.97,17,0.68,1.4,0.37,Long-term blockage
6/19/2021 4:33,P/A/1/1,51,54,1,7,442.76,20.47,-80,auto,460.07,459.97,17,0.68,1.4,0.37,Long-term blockage
6/19/2021 4:33,A/P/1/1,58,57,7,1,0.02,2.56,-76,auto,460.07,459.97,17,0.68,1.4,0.37,Long-term blockage
6/19/2021 4:33,P/A/1/1,51,54,2,7,603.79,20.87,-80,auto,460.07,459.97,17,0.68,1.4,0.37,Long-term blockage
6/19/2021 4:33,A/P/1/1,58,57,7,1,0.02,1.52,-76,auto,460.07,459.97,17,0.68,1.4,0.37,Long-term blockage
6/19/2021 4:33,P/A/1/1,51,54,1,7,147.78,20.42,-80,auto,482.21,473.95,76,0.68,1.4,0.37,Long-term blockage
6/19/2021 4:33,A/P/1/1,57,57,7,2,0.02,4,-77,auto,482.21,473.95,76,0.68,1.4,0.37,Long-term blockage
6/19/2021 4:33,P/A/1/1,51,54,1,7,342.98,20.13,-80,auto,482.21,473.95,76,0.68,1.4,0.37,Long-term blockage
6/19/2021 4:33,A/P/1/1,58,57,7,2,0.02,6.48,-75,auto,482.21,473.95,76,0.68,1.4,0.37,Long-term blockage
6/19/2021 4:33,P/A/1/1,51,54,1,7,555.55,20.7,-80,auto,482.21,473.95,76,0.68,1.4,0.37,Long-term blockage
6/19/2021 4:33,A/P/1/1,57,57,7,1,0.02,0.64,-77,auto,482.21,473.95,76,0.68,1.4,0.37,Long-term blockage
6/19/2021 4:33,A/P/1/1,58,57,7,1,0.02,0,-76,auto,482.21,473.95,76,0.68,1.4,0.37,Long-term blockage
6/19/2021 4:33,P/A/1/1,51,54,1,7,539.95,20.42,-80,auto,482.21,473.95,76,0.68,1.4,0.37,Long-term blockage
6/19/2021 4:33,A/P/1/1,57,57,8,1,0.02,0.6,-77,auto,482.21,473.95,76,0.94,1.79,0.32,Long-term blockage
6/19/2021 4:33,P/A/1/1,51,54,1,7,544.2,21.04,-80,auto,482.21,473.95,76,0.94,1.79,0.32,Long-term blockage
6/19/2021 4:33,P/A/1/1,51,54,1,7,446.3,21.05,-80,auto,482.21,473.95,76,0.94,1.79,0.32,Long-term blockage
6/19/2021 4:33,A/P/1/1,57,57,7,1,0.02,0.12,-77,auto,482.21,473.95,76,0.94,1.79,0.32,Long-term blockage
6/19/2021 4:33,P/A/1/1,51,54,1,7,200.73,20.81,-80,auto,455.96,455.81,6,0.94,1.79,0.32,Long-term blockage
6/19/2021 4:33,A/P/1/1,58,57,7,1,0.02,0.31,-75.5,auto,455.96,455.81,6,0.94,1.79,0.32,Long-term blockage
6/19/2021 4:33,P/A/1/1,51,54,1,7,329.85,20.51,-80,auto,455.96,455.81,6,0.94,1.79,0.32,Long-term blockage
6/19/2021 4:33,A/P/1/1,58,57,7,1,0.02,1.1,-75.5,auto,455.96,455.81,6,0.94,1.79,0.32,Long-term blockage
6/19/2021 4:33,P/A/1/1,51,54,1,7,472.1,24.59,-80,auto,455.96,455.81,6,0.94,1.79,0.32,Long-term blockage
6/19/2021 4:33,A/P/1/1,58,57,7,1,0.02,0.09,-76,auto,455.96,455.81,6,0.94,1.79,0.32,Long-term blockage
6/19/2021 4:33,P/A/1/1,51,56,2,7,497.31,24.28,-79,auto,455.96,455.81,6,0.94,1.79,0.32,Long-term blockage
6/19/2021 4:33,A/P/1/1,58,57,7,2,0.02,2.44,-75.5,auto,455.96,455.81,6,0.94,1.79,0.32,Long-term blockage
6/19/2021 4:33,A/P/1/1,59,59,6,2,0.02,1.47,-75,auto,455.96,455.81,6,0.94,1.79,0.32,Long-term blockage
6/19/2021 4:33,P/A/1/1,51,56,2,7,525.4,23.43,-79,auto,455.96,455.81,6,0.94,1.79,0.32,Long-term blockage
6/19/2021 4:33,A/P/1/1,58,59,7,2,0.02,1.35,-75.5,auto,455.96,455.81,6,0.94,1.79,0.32,Long-term blockage
6/19/2021 4:33,A/P/1/1,58,59,7,2,0.02,1.4,-75.5,auto,455.96,455.81,6,0.94,1.79,0.32,Long-term blockage
6/19/2021 4:33,P/A/1/1,51,56,2,7,536.54,22.86,-79,auto,455.96,455.81,6,0.94,1.79,0.32,Long-term blockage
6/19/2021 4:33,P/A/1/1,51,56,3,7,242.37,23.44,-79,auto,446.14,446.09,20,0.94,1.79,0.32,Long-term blockage
6/19/2021 4:33,A/P/1/1,58,59,7,3,0.01,1.09,-75,auto,446.14,446.09,20,0.94,1.79,0.32,Long-term blockage
6/19/2021 4:33,P/A/1/1,51,56,1,7,267.15,22.55,-79,auto,446.14,446.09,20,0.84,1.62,0.35,Long-term blockage
6/19/2021 4:33,A/P/1/1,58,59,7,2,0.02,1.21,-75.5,auto,446.14,446.09,20,0.84,1.62,0.35,Long-term blockage
6/19/2021 4:33,P/A/1/1,51,56,1,6,516.06,22.39,-79,auto,446.14,446.09,20,0.84,1.62,0.35,Long-term blockage
6/19/2021 4:33,A/P/1/1,57,59,7,1,0.02,2.83,-76.5,auto,446.14,446.09,20,0.84,1.62,0.35,Long-term blockage
6/19/2021 4:33,P/A/1/1,51,56,2,7,620.26,21.64,-79,auto,446.14,446.09,20,0.84,1.62,0.35,Long-term blockage
6/19/2021 4:33,A/P/1/1,58,59,7,2,0.02,1.7,-75.5,auto,446.14,446.09,20,0.84,1.62,0.35,Long-term blockage
6/19/2021 4:33,P/A/1/1,51,56,2,8,564.38,21.04,-79,auto,446.14,446.09,20,0.84,1.62,0.35,Long-term blockage
6/19/2021 4:33,A/P/1/1,57,59,7,2,0.02,1.8,-76.5,auto,446.14,446.09,20,0.84,1.62,0.35,Long-term blockage
6/19/2021 4:33,P/A/1/1,51,56,2,8,572.51,20.67,-79,auto,446.14,446.09,20,0.84,1.62,0.35,Long-term blockage
6/19/2021 4:33,A/P/1/1,58,59,8,2,0.02,4.99,-75,auto,446.14,446.09,20,0.84,1.62,0.35,Long-term blockage
6/19/2021 4:33,A/P/1/1,58,59,7,2,0.02,1.8,-75,auto,499.94,499.79,89,0.84,1.62,0.35,Long-term blockage
6/19/2021 4:33,P/A/1/1,51,56,2,8,352.83,20.22,-79,auto,499.94,499.79,89,0.84,1.62,0.35,Long-term blockage
6/19/2021 4:33,P/A/1/1,51,56,2,8,132.46,19.59,-79,auto,499.94,499.79,89,0.84,1.62,0.35,Long-term blockage
6/19/2021 4:33,A/P/1/1,58,59,7,2,0.02,1.22,-75,auto,499.94,499.79,89,0.84,1.62,0.35,Long-term blockage
6/19/2021 4:33,P/A/1/1,51,56,2,7,471.25,19.2,-79,auto,499.94,499.79,89,0.84,1.62,0.35,Long-term blockage
6/19/2021 4:33,A/P/1/1,58,59,7,2,0.02,1.41,-75,auto,499.94,499.79,89,0.84,1.62,0.35,Long-term blockage
6/19/2021 4:33,P/A/1/1,51,56,2,7,474.62,18.73,-79,auto,499.94,499.79,89,0.84,1.62,0.35,Long-term blockage
6/19/2021 4:33,A/P/1/1,58,59,7,2,0.02,1.86,-75,auto,499.94,499.79,89,0.84,1.62,0.35,Long-term blockage
6/19/2021 4:33,P/A/1/1,51,56,1,8,469.42,18.31,-79,auto,499.94,499.79,89,0.84,1.62,0.35,Long-term blockage
6/19/2021 4:33,P/A/1/1,51,56,2,8,469.51,17.86,-79,auto,499.94,499.79,89,0.71,1.75,0.33,Long-term blockage
6/19/2021 4:33,A/P/1/1,58,59,7,2,0.02,1.46,-75,auto,499.94,499.79,89,0.71,1.75,0.33,Long-term blockage
6/19/2021 4:33,P/A/1/1,51,56,1,8,384.87,17.41,-79,auto,410.23,409.92,0,0.71,1.75,0.33,Long-term blockage
6/19/2021 4:33,A/P/1/1,58,59,7,2,0.02,1.39,-75,auto,410.23,409.92,0,0.71,1.75,0.33,Long-term blockage
6/19/2021 4:33,A/P/1/1,57,59,7,2,0.02,1.59,-76,auto,410.23,409.92,0,0.71,1.75,0.33,Long-term blockage
6/19/2021 4:33,A/P/1/1,58,59,8,2,0.02,1.66,-75,auto,410.23,409.92,0,0.71,1.75,0.33,Long-term blockage
6/19/2021 4:33,P/A/1/1,51,56,2,7,467.17,9.84,-79,auto,410.23,409.92,0,0.71,1.75,0.33,Long-term blockage
6/19/2021 4:33,P/A/1/1,51,56,2,7,492.01,9.86,-79,auto,410.23,409.92,0,0.71,1.75,0.33,Long-term blockage
6/19/2021 4:33,A/P/1/1,58,59,7,2,0.02,1.89,-75,auto,410.23,409.92,0,0.71,1.75,0.33,Long-term blockage
6/19/2021 4:34,P/A/1/1,51,56,2,7,526.02,9.88,-79,auto,410.23,409.92,0,0.71,1.75,0.33,Long-term blockage
6/19/2021 4:34,A/P/1/1,58,59,7,2,0.02,1.05,-75.5,auto,410.23,409.92,0,0.71,1.75,0.33,Long-term blockage
6/19/2021 4:34,P/A/1/1,51,56,1,7,511.99,9.74,-79,auto,410.23,409.92,0,0.71,1.75,0.33,Long-term blockage
6/19/2021 4:34,A/P/1/1,58,59,7,2,0.02,1.74,-75,auto,410.23,409.92,0,0.71,1.75,0.33,Long-term blockage
6/19/2021 4:34,P/A/1/1,51,56,1,7,388.24,9.43,-79.5,auto,434.42,434.36,0,0.71,1.75,0.33,Long-term blockage
6/19/2021 4:34,A/P/1/1,57,59,7,2,0.02,2.19,-76.5,auto,434.42,434.36,0,0.71,1.75,0.33,Long-term blockage
6/19/2021 4:34,P/A/1/1,51,56,1,7,98.11,10.04,-78.5,auto,434.42,434.36,0,0.71,1.75,0.33,Long-term blockage
6/19/2021 4:34,A/P/1/1,58,59,7,1,0.02,5.99,-75,auto,434.42,434.36,0,0.71,1.75,0.33,Long-term blockage
6/19/2021 4:34,P/A/1/1,51,56,1,7,545.42,9.79,-79,auto,434.42,434.36,0,0.71,1.75,0.33,Long-term blockage
6/19/2021 4:34,A/P/1/1,57,59,7,1,0.02,0.1,-76.5,auto,434.42,434.36,0,0.71,1.75,0.33,Long-term blockage
6/19/2021 4:34,A/P/1/1,58,59,7,1,0.02,0.84,-75,auto,434.42,434.36,0,0.71,1.75,0.33,Long-term blockage
6/19/2021 4:34,P/A/1/1,51,56,1,8,492.36,9.49,-79,auto,434.42,434.36,0,0.71,1.75,0.33,Long-term blockage
6/19/2021 4:34,P/A/1/1,51,56,1,7,494.88,9.23,-78.5,auto,434.42,434.36,0,0.54,0.97,0.26,Long-term blockage
6/19/2021 4:34,A/P/1/1,58,59,7,1,0.02,1.59,-75.5,auto,434.42,434.36,0,0.54,0.97,0.26,Long-term blockage
6/19/2021 4:34,P/A/1/1,51,56,1,7,525.66,9.33,-78.5,auto,434.42,434.36,0,0.54,0.97,0.26,Long-term blockage
6/19/2021 4:34,A/P/1/1,58,59,7,1,0.02,1.49,-75,auto,434.42,434.36,0,0.54,0.97,0.26,Long-term blockage
6/19/2021 4:34,P/A/1/1,51,56,1,7,466.61,9.05,-79,auto,449.07,448.89,3,0.54,0.97,0.26,Long-term blockage
6/19/2021 4:34,A/P/1/1,58,59,7,2,0.02,1.31,-75.5,auto,449.07,448.89,3,0.54,0.97,0.26,Long-term blockage
6/19/2021 4:34,P/A/1/1,51,56,2,9,25.47,8.79,-79,auto,449.07,448.89,3,0.54,0.97,0.26,Long-term blockage
6/19/2021 4:34,A/P/1/1,58,59,8,2,0.02,1.12,-75,auto,449.07,448.89,3,0.54,0.97,0.26,Long-term blockage
6/19/2021 4:34,P/A/1/1,51,56,2,7,541.92,8.69,-79,auto,449.07,448.89,3,0.54,0.97,0.26,Long-term blockage
6/19/2021 4:34,A/P/1/1,58,59,7,2,0.02,0.88,-75.5,auto,449.07,448.89,3,0.54,0.97,0.26,Long-term blockage
6/19/2021 4:34,P/A/1/1,51,56,2,7,584.45,8.66,-79,auto,449.07,448.89,3,0.54,0.97,0.26,Long-term blockage
6/19/2021 4:34,A/P/1/1,58,59,7,2,0.02,1.85,-75,auto,449.07,448.89,3,0.54,0.97,0.26,Long-term blockage
6/19/2021 4:34,P/A/1/1,51,56,2,7,530.21,8.51,-79,auto,449.07,448.89,3,0.54,0.97,0.26,Long-term blockage
6/19/2021 4:34,A/P/1/1,58,59,7,2,0.02,1.33,-75,auto,449.07,448.89,3,0.54,0.97,0.26,Long-term blockage
6/19/2021 4:34,A/P/1/1,58,59,8,2,0.02,0,-75.5,auto,449.07,448.89,3,0.54,0.97,0.26,Long-term blockage
6/19/2021 4:34,P/A/1/1,51,56,2,7,546.93,8.54,-78.5,auto,449.07,448.89,3,0.54,0.97,0.26,Long-term blockage
6/19/2021 4:34,P/A/1/1,51,56,2,7,623.34,8.41,-79,auto,499.8,499.75,5,0.54,0.97,0.26,Long-term blockage
6/19/2021 4:34,A/P/1/1,58,59,8,2,0.02,2.06,-75.5,auto,499.8,499.75,5,0.54,0.97,0.26,Long-term blockage
6/19/2021 4:34,P/A/1/1,51,56,2,7,53.17,8.19,-79,auto,499.8,499.75,5,0.54,0.97,0.26,Long-term blockage
6/19/2021 4:34,A/P/1/1,58,59,7,2,0.02,4.35,-75,auto,499.8,499.75,5,0.54,0.97,0.26,Long-term blockage
6/19/2021 4:34,P/A/1/1,51,56,2,8,484.8,8.17,-79,auto,499.8,499.75,5,0.68,1.7,0.31,Long-term blockage
6/19/2021 4:34,A/P/1/1,58,59,7,2,0.02,0.86,-75.5,auto,499.8,499.75,5,0.68,1.7,0.31,Long-term blockage
6/19/2021 4:34,P/A/1/1,51,56,2,8,583.19,5.58,-79,auto,499.8,499.75,5,0.68,1.7,0.31,Long-term blockage
6/19/2021 4:34,A/P/1/1,58,59,8,2,0.02,4.97,-75.5,auto,499.8,499.75,5,0.68,1.7,0.31,Long-term blockage
6/19/2021 4:34,P/A/1/1,51,56,2,8,564.25,5.47,-79,auto,499.8,499.75,5,0.68,1.7,0.31,Long-term blockage
6/19/2021 4:34,A/P/1/1,57,59,7,2,0.02,3.87,-76.5,auto,499.8,499.75,5,0.68,1.7,0.31,Long-term blockage
6/19/2021 4:34,P/A/1/1,51,56,2,7,568.95,5.77,-78.5,auto,499.8,499.75,5,0.68,1.7,0.31,Long-term blockage
6/19/2021 4:34,A/P/1/1,58,59,8,2,0.02,0.47,-75.5,auto,499.8,499.75,5,0.68,1.7,0.31,Long-term blockage
6/19/2021 4:34,A/P/1/1,57,59,6,2,0.02,13.4,-76.5,auto,499.93,499.87,38,0.68,1.7,0.31,Long-term blockage
6/19/2021 4:34,P/A/1/1,51,56,2,7,548.37,5.71,-79,auto,499.93,499.87,38,0.68,1.7,0.31,Long-term blockage
6/19/2021 4:34,P/A/1/1,51,56,1,7,87,5.67,-79,auto,499.93,499.87,38,0.68,1.7,0.31,Long-term blockage
6/19/2021 4:34,A/P/1/1,57,59,7,1,0.02,2.39,-76,auto,499.93,499.87,38,0.68,1.7,0.31,Long-term blockage
6/19/2021 4:34,P/A/1/1,51,56,1,7,325.64,5.98,-79,auto,499.93,499.87,38,0.68,1.7,0.31,Long-term blockage
6/19/2021 4:34,A/P/1/1,58,59,8,1,0.02,1.56,-75,auto,499.93,499.87,38,0.68,1.7,0.31,Long-term blockage
6/19/2021 4:34,P/A/1/1,51,56,1,7,564.28,5.88,-78.5,auto,499.93,499.87,38,0.68,1.7,0.31,Long-term blockage
6/19/2021 4:34,P/A/1/1,51,56,1,7,555.82,5.72,-79,auto,499.93,499.87,38,0.68,1.7,0.31,Long-term blockage
6/19/2021 4:34,A/P/1/1,58,59,8,1,0.02,1.65,-75,auto,499.93,499.87,38,0.68,1.7,0.31,Long-term blockage
6/19/2021 4:34,P/A/1/1,51,56,1,7,564.11,5.59,-79,auto,499.93,499.87,38,0.68,1.7,0.31,Long-term blockage
6/19/2021 4:34,A/P/1/1,58,59,8,1,0.02,1.93,-75.5,auto,499.93,499.87,38,0.68,1.7,0.31,Long-term blockage
6/19/2021 4:34,A/P/1/1,57,59,7,1,0.02,5.03,-76.5,auto,497.21,497.08,20,0.56,0.77,0.31,Long-term blockage
6/19/2021 4:34,P/A/1/1,54,56,4,7,143.9,5.66,-78,auto,497.21,497.08,20,0.56,0.77,0.31,Long-term blockage
6/19/2021 4:34,A/P/1/1,57,59,7,1,0.02,6.45,-76,auto,497.21,497.08,20,0.56,0.77,0.31,Long-term blockage
6/19/2021 4:34,A/P/1/1,59,59,8,1,0.02,1.48,-75,auto,497.21,497.08,20,0.56,0.77,0.31,Long-term blockage
6/19/2021 4:34,P/A/1/1,51,56,1,7,389.89,6.1,-79,auto,497.21,497.08,20,0.56,0.77,0.31,Long-term blockage
6/19/2021 4:34,P/A/1/1,51,56,1,7,574.96,5.88,-78.5,auto,497.21,497.08,20,0.56,0.77,0.31,Long-term blockage
6/19/2021 4:34,A/P/1/1,58,59,8,1,0.02,1.16,-75.5,auto,497.21,497.08,20,0.56,0.77,0.31,Long-term blockage
6/19/2021 4:34,P/A/1/1,51,56,1,7,584.3,6,-79,auto,497.21,497.08,20,0.56,0.77,0.31,Long-term blockage
6/19/2021 4:34,A/P/1/1,58,59,7,1,0.02,6.36,-75.5,auto,497.21,497.08,20,0.56,0.77,0.31,Long-term blockage
6/19/2021 4:34,P/A/1/1,51,56,1,8,513.86,5.79,-79,auto,497.21,497.08,20,0.56,0.77,0.31,Long-term blockage
6/19/2021 4:34,A/P/1/1,58,59,8,1,0.02,1.52,-75,auto,497.21,497.08,20,0.56,0.77,0.31,Long-term blockage
6/19/2021 4:34,P/A/1/1,51,56,1,7,474.38,5.71,-79,auto,467.1,467.04,4,0.56,0.77,0.31,Long-term blockage
6/19/2021 4:34,A/P/1/1,58,59,7,1,0.02,1.19,-75,auto,467.1,467.04,4,0.56,0.77,0.31,Long-term blockage
6/19/2021 4:34,P/A/1/1,51,56,2,7,166.18,5.58,-79,auto,467.1,467.04,4,0.56,0.77,0.31,Long-term blockage
6/19/2021 4:34,A/P/1/1,57,59,7,2,0.02,0.86,-76.5,auto,467.1,467.04,4,0.56,0.77,0.31,Long-term blockage
6/19/2021 4:34,P/A/1/1,51,56,2,7,359.87,5.65,-79,auto,467.1,467.04,4,0.56,0.77,0.31,Long-term blockage
6/19/2021 4:34,A/P/1/1,58,59,7,2,0.02,0,-75.5,auto,467.1,467.04,4,0.56,0.77,0.31,Long-term blockage
6/19/2021 4:34,A/P/1/1,58,59,9,2,0.02,1.2,-75,auto,467.1,467.04,4,0.56,0.77,0.31,Long-term blockage
6/19/2021 4:34,P/A/1/1,51,56,2,7,560.32,5.65,-78.5,auto,467.1,467.04,4,0.56,0.77,0.31,Long-term blockage
6/19/2021 4:34,P/A/1/1,51,56,2,7,568.22,5.55,-79,auto,467.1,467.04,4,1.06,5.73,0.38,Long-term blockage
6/19/2021 4:34,A/P/1/1,58,59,7,2,0.02,1.67,-75.5,auto,467.1,467.04,4,1.06,5.73,0.38,Long-term blockage
6/19/2021 4:34,P/A/1/1,51,56,2,8,569.43,5.63,-79,auto,467.1,467.04,4,1.06,5.73,0.38,Long-term blockage
6/19/2021 4:34,A/P/1/1,57,59,7,2,0.02,0,-76.5,auto,467.1,467.04,4,1.06,5.73,0.38,Long-term blockage
6/19/2021 4:34,P/A/1/1,51,56,2,8,529.61,5.59,-78.5,auto,467.1,467.04,4,1.06,5.73,0.38,Long-term blockage
6/19/2021 4:34,A/P/1/1,58,59,7,2,0.02,1.19,-75,auto,467.1,467.04,4,1.06,5.73,0.38,Long-term blockage
6/19/2021 4:34,P/A/1/1,51,56,2,7,281.57,5.48,-79,auto,496.13,496.01,24,1.06,5.73,0.38,Long-term blockage
6/19/2021 4:34,A/P/1/1,58,59,8,2,0.02,1.38,-75,auto,496.13,496.01,24,1.06,5.73,0.38,Long-term blockage
6/19/2021 4:34,P/A/1/1,51,56,2,8,301.16,5.45,-79.5,auto,496.13,496.01,24,1.06,5.73,0.38,Long-term blockage
6/19/2021 4:34,A/P/1/1,58,59,8,2,0.02,0.66,-75.5,auto,496.13,496.01,24,1.06,5.73,0.38,Long-term blockage
6/19/2021 4:34,P/A/1/1,51,56,2,8,469.22,5.58,-80,auto,496.13,496.01,24,1.06,5.73,0.38,Long-term blockage
6/19/2021 4:34,A/P/1/1,58,59,7,2,0.02,1.21,-75,auto,496.13,496.01,24,1.06,5.73,0.38,Long-term blockage
6/19/2021 4:34,A/P/1/1,58,60,7,1,0.02,1.3,-75.5,auto,496.13,496.01,24,1.06,5.73,0.38,Long-term blockage
6/19/2021 4:34,P/A/1/1,51,56,1,7,536.6,5.97,-79.5,auto,496.13,496.01,24,1.06,5.73,0.38,Long-term blockage
6/19/2021 4:34,A/P/1/1,58,60,7,1,0.02,0.57,-75,auto,496.13,496.01,24,1.06,5.73,0.38,Long-term blockage
6/19/2021 4:34,P/A/1/1,51,56,1,7,515.9,5.86,-79.5,auto,496.13,496.01,24,1.06,5.73,0.38,Long-term blockage
6/19/2021 4:34,P/A/1/1,51,56,1,7,547.14,5.74,-79.5,auto,496.13,496.01,24,1.06,5.73,0.38,Long-term blockage
6/19/2021 4:34,A/P/1/1,58,60,8,1,0.02,0.72,-75,auto,496.13,496.01,24,1.06,5.73,0.38,Long-term blockage
6/19/2021 4:34,P/A/1/1,51,56,2,8,248.37,5.63,-80,auto,451.83,451.66,29,1.06,5.73,0.38,Long-term blockage
6/19/2021 4:34,A/P/1/1,58,60,8,1,0.02,0.18,-74.5,auto,451.83,451.66,29,1.06,5.73,0.38,Long-term blockage
6/19/2021 4:34,P/A/1/1,51,56,2,8,259.89,6.03,-79.5,auto,451.83,451.66,29,1.06,5.73,0.38,Long-term blockage
6/19/2021 4:34,A/P/1/1,58,60,7,2,0.02,1.18,-75,auto,451.83,451.66,29,1.06,5.73,0.38,Long-term blockage
6/19/2021 4:34,P/A/1/1,51,56,2,7,527.6,6.74,-79.5,auto,451.83,451.66,29,0.75,1.5,0.38,Long-term blockage
6/19/2021 4:34,A/P/1/1,58,60,7,2,0.02,1.34,-75,auto,451.83,451.66,29,0.75,1.5,0.38,Long-term blockage
6/19/2021 4:34,P/A/1/1,51,56,2,7,510.43,7.08,-80,auto,451.83,451.66,29,0.75,1.5,0.38,Long-term blockage
6/19/2021 4:34,A/P/1/1,57,60,7,1,0.02,4.44,-76.5,auto,451.83,451.66,29,0.75,1.5,0.38,Long-term blockage
6/19/2021 4:34,P/A/1/1,51,56,1,7,522.1,7.34,-79.5,auto,451.83,451.66,29,0.75,1.5,0.38,Long-term blockage
6/19/2021 4:34,A/P/1/1,57,60,7,1,0.02,13.17,-76,auto,451.83,451.66,29,0.75,1.5,0.38,Long-term blockage
6/19/2021 4:34,A/P/1/1,58,60,8,1,0.02,0.27,-75,auto,451.83,451.66,29,0.75,1.5,0.38,Long-term blockage
6/19/2021 4:34,P/A/1/1,51,56,1,7,320.47,7.5,-79.5,auto,451.83,451.66,29,0.75,1.5,0.38,Long-term blockage
6/19/2021 4:34,P/A/1/1,51,56,2,7,205.03,7.86,-80,auto,455.14,454.96,156,0.75,1.5,0.38,Long-term blockage
6/19/2021 4:34,P/A/1/1,51,56,1,7,572.57,8.21,-79.5,auto,455.14,454.96,156,0.75,1.5,0.38,Long-term blockage
6/19/2021 4:34,A/P/1/1,58,60,7,1,0.02,1.94,-75,auto,455.14,454.96,156,0.75,1.5,0.38,Long-term blockage
6/19/2021 4:34,P/A/1/1,51,56,1,7,572.82,8,-79.5,auto,455.14,454.96,156,0.75,1.5,0.38,Long-term blockage
6/19/2021 4:34,A/P/1/1,58,60,7,1,0.02,2.3,-75.5,auto,455.14,454.96,156,0.75,1.5,0.38,Long-term blockage
6/19/2021 4:34,P/A/1/1,51,56,2,7,528.99,59.07,-80,auto,455.14,454.96,156,0.75,1.5,0.38,Long-term blockage
6/19/2021 4:34,A/P/1/1,58,57,7,2,0.02,1.82,-75.5,auto,455.14,454.96,156,0.75,1.5,0.38,Long-term blockage
6/19/2021 4:34,P/A/1/1,51,56,1,7,557.71,57.16,-80,auto,455.14,454.96,156,0.75,1.5,0.38,Long-term blockage
6/19/2021 4:34,A/P/1/1,58,57,7,1,0.02,3.16,-75.5,auto,455.14,454.96,156,0.75,1.5,0.38,Long-term blockage
6/19/2021 4:34,P/A/1/1,53,56,3,7,409.07,55.34,-79.5,auto,455.14,454.96,156,0.75,1.5,0.38,Long-term blockage
6/19/2021 4:34,A/P/1/1,58,57,7,3,0.02,1.48,-75,auto,455.14,454.96,156,0.75,1.5,0.38,Long-term blockage
6/19/2021 4:34,A/P/1/1,58,57,7,1,0.02,1.34,-75,auto,499.93,499.83,4,5.47,48.43,0.39,Long-term blockage
6/19/2021 4:34,A/P/1/1,58,59,7,2,0.02,1.73,-75.5,auto,499.93,499.83,4,5.47,48.43,0.39,Long-term blockage
6/19/2021 4:34,P/A/1/1,51,56,2,7,555.21,52.15,-79,auto,499.93,499.83,4,5.47,48.43,0.39,Long-term blockage
6/19/2021 4:34,P/A/1/1,51,56,4,8,564.19,50.87,-79,auto,499.93,499.83,4,5.47,48.43,0.39,Long-term blockage
6/19/2021 4:34,A/P/1/1,58,59,7,2,0.02,2.29,-75.5,auto,499.93,499.83,4,5.47,48.43,0.39,Long-term blockage
6/19/2021 4:35,P/A/1/1,51,56,1,8,579.84,49.52,-79,auto,499.93,499.83,4,5.47,48.43,0.39,Long-term blockage
6/19/2021 4:35,A/P/1/1,58,59,7,1,0.02,1.16,-75.5,auto,499.93,499.83,4,5.47,48.43,0.39,Long-term blockage
6/19/2021 4:35,P/A/1/1,51,56,1,7,565.47,48.39,-78.5,auto,499.93,499.83,4,5.47,48.43,0.39,Long-term blockage
6/19/2021 4:35,A/P/1/1,58,59,8,1,0.02,0.56,-75.5,auto,499.93,499.83,4,5.47,48.43,0.39,Long-term blockage
6/19/2021 4:35,P/A/1/1,51,56,1,7,444.63,46.94,-79,auto,499.93,499.83,4,5.47,48.43,0.39,Long-term blockage
6/19/2021 4:35,A/P/1/1,58,59,7,1,0.02,1.62,-75.5,auto,499.93,499.83,4,5.47,48.43,0.39,Long-term blockage
6/19/2021 4:35,P/A/1/1,51,56,1,6,96.11,48.62,-79,auto,499.94,499.76,3,5.47,48.43,0.39,Long-term blockage
6/19/2021 4:35,A/P/1/1,58,59,8,1,0.02,1.72,-74.5,auto,499.94,499.76,3,5.47,48.43,0.39,Long-term blockage
6/19/2021 4:35,P/A/1/1,51,56,1,7,510.19,46.5,-79,auto,499.94,499.76,3,5.47,48.43,0.39,Long-term blockage
6/19/2021 4:35,A/P/1/1,58,59,7,1,0.02,1.83,-74.75,auto,499.94,499.76,3,5.47,48.43,0.39,Long-term blockage
6/19/2021 4:35,A/P/1/1,58,59,8,1,0.02,1.17,-75,auto,499.94,499.76,3,5.47,48.43,0.39,Long-term blockage
6/19/2021 4:35,P/A/1/1,51,56,1,7,501.88,44.18,-79,auto,499.94,499.76,3,5.47,48.43,0.39,Long-term blockage
6/19/2021 4:35,P/A/1/1,51,56,1,7,553.56,42.3,-79,auto,499.94,499.76,3,5.47,48.43,0.39,Long-term blockage
6/19/2021 4:35,A/P/1/1,58,59,7,1,0.02,0.95,-75,auto,499.94,499.76,3,5.47,48.43,0.39,Long-term blockage
6/19/2021 4:35,P/A/1/1,51,56,2,7,479.11,40.45,-79,auto,499.94,499.76,3,5.47,48.43,0.39,Long-term blockage
6/19/2021 4:35,A/P/1/1,58,59,7,2,0.02,0.96,-75,auto,499.94,499.76,3,5.47,48.43,0.39,Long-term blockage
6/19/2021 4:35,P/A/1/1,51,56,2,7,411.93,38.84,-78.75,auto,499.94,499.76,3,5.47,48.43,0.39,Long-term blockage
6/19/2021 4:35,A/P/1/1,58,59,7,2,0.02,0.98,-75,auto,499.94,499.76,3,5.47,48.43,0.39,Long-term blockage
6/19/2021 4:35,P/A/1/1,51,56,2,7,36.18,37.38,-78.5,auto,499.94,499.76,3,5.47,48.43,0.39,Long-term blockage
6/19/2021 4:35,A/P/1/1,58,59,7,2,0.02,0.63,-75,auto,499.94,499.76,3,5.47,48.43,0.39,Long-term blockage
6/19/2021 4:35,P/A/1/1,51,54,2,7,503.54,36.11,-79,auto,499.94,499.76,3,5.47,48.43,0.39,Long-term blockage
6/19/2021 4:35,A/P/1/1,58,59,7,2,0.02,1.33,-75.5,auto,499.94,499.76,3,5.47,48.43,0.39,Long-term blockage
6/19/2021 4:35,P/A/1/1,51,54,2,7,514.67,34.75,-79,auto,499.94,499.76,3,5.47,48.43,0.39,Long-term blockage
6/19/2021 4:35,A/P/1/1,58,59,7,2,0.02,2.44,-76,auto,499.94,499.76,3,5.47,48.43,0.39,Long-term blockage
6/19/2021 4:35,P/A/1/1,51,54,2,7,480.61,33.76,-79,auto,499.94,499.76,3,5.47,48.43,0.39,Long-term blockage
6/19/2021 4:35,A/P/1/1,58,59,7,2,0.02,3.55,-75.5,auto,499.94,499.76,3,5.47,48.43,0.39,Long-term blockage
7/7/2021 17:56,P/A/1/1,51,55,9,9,800.23,1.33,-61.5,auto,352.93,350.9,817,2.96,7.9,0.39,Short-term blockage
7/7/2021 17:56,A/P/1/1,58,59,9,9,3.08,1.6,-63.5,auto,352.93,350.9,817,2.96,7.9,0.39,Short-term blockage
7/7/2021 17:56,P/A/1/1,51,55,9,9,751.77,0.88,-61.5,auto,490.2,488.67,22,2.96,7.9,0.39,Short-term blockage
7/7/2021 17:56,A/P/1/1,58,59,9,9,3.71,1.73,-63.5,auto,490.2,488.67,22,2.96,7.9,0.39,Short-term blockage
7/7/2021 17:56,P/A/1/1,51,55,9,9,603.54,0.94,-61.5,auto,490.2,488.67,22,2.96,7.9,0.39,Short-term blockage
7/7/2021 17:56,A/P/1/1,57,59,9,9,2.31,1.39,-63.5,auto,490.2,488.67,22,2.96,7.9,0.39,Short-term blockage
7/7/2021 17:56,P/A/1/1,51,55,9,9,219.52,0.51,-61.5,auto,490.2,488.67,22,2.96,7.9,0.39,Short-term blockage
7/7/2021 17:56,A/P/1/1,58,59,9,9,0.3,1.98,-63,auto,490.2,488.67,22,2.96,7.9,0.39,Short-term blockage
7/7/2021 17:56,P/A/1/1,51,55,9,9,801.59,1.49,-61.5,auto,490.2,488.67,22,1.98,4.79,0.5,Short-term blockage
7/7/2021 17:57,P/A/1/1,51,55,9,9,762.94,0.96,-61.5,auto,490.2,488.67,22,1.98,4.79,0.5,Short-term blockage
7/7/2021 17:57,A/P/1/1,58,59,10,9,3.48,2.8,-63.5,auto,490.2,488.67,22,1.98,4.79,0.5,Short-term blockage
7/7/2021 17:57,P/A/1/1,51,55,9,9,831.39,1.31,-61,auto,490.2,488.67,22,1.98,4.79,0.5,Short-term blockage
7/7/2021 17:57,A/P/1/1,58,59,9,9,3.17,1.66,-63.5,auto,490.2,488.67,22,1.98,4.79,0.5,Short-term blockage
7/7/2021 17:57,A/P/1/1,57,59,9,9,4.04,2.66,-63.5,auto,499.93,499.81,7,1.98,4.79,0.5,Short-term blockage
7/7/2021 17:57,P/A/1/1,51,55,9,9,807.83,1.13,-61.5,auto,499.93,499.81,7,1.98,4.79,0.5,Short-term blockage
7/7/2021 17:57,P/A/1/1,51,55,9,9,618.12,0.79,-61,auto,499.93,499.81,7,1.98,4.79,0.5,Short-term blockage
7/7/2021 17:57,A/P/1/1,58,59,9,9,3.17,2.92,-63,auto,499.93,499.81,7,1.98,4.79,0.5,Short-term blockage
7/7/2021 17:57,P/A/1/1,51,55,9,9,166.46,1.66,-61,auto,499.93,499.81,7,1.98,4.79,0.5,Short-term blockage
7/7/2021 17:57,A/P/1/1,58,59,9,9,2.9,3.06,-62.5,auto,499.93,499.81,7,1.98,4.79,0.5,Short-term blockage
7/7/2021 17:57,P/A/1/1,51,55,9,10,789.53,1.84,-63.5,auto,499.93,499.81,7,1.98,4.79,0.5,Short-term blockage
7/7/2021 17:57,A/P/1/1,58,59,9,10,2.64,0.84,-63,auto,499.93,499.81,7,1.98,4.79,0.5,Short-term blockage
7/7/2021 17:57,P/A/1/1,51,54,9,10,774.35,1.79,-66,auto,499.93,499.81,7,1.98,4.79,0.5,Short-term blockage
7/7/2021 17:57,A/P/1/1,58,60,10,9,2.52,9.87,-65,auto,499.93,499.81,7,1.98,4.79,0.5,Short-term blockage
7/7/2021 17:57,P/A/1/1,51,56,9,8,469.62,0,-66,auto,499.93,499.81,7,1.98,4.79,0.5,Short-term blockage
7/7/2021 17:57,A/P/1/1,58,60,9,7,2.4,6.94,-70,auto,499.93,499.81,7,1.98,4.79,0.5,Short-term blockage
7/7/2021 17:57,P/A/1/1,51,56,9,10,692.56,2,-67,auto,498.84,494.92,263,1.98,4.79,0.5,Short-term blockage
7/7/2021 17:57,A/P/1/1,58,59,9,9,2.73,1.43,-66,auto,498.84,494.92,263,1.98,4.79,0.5,Short-term blockage
7/7/2021 17:57,A/P/1/1,58,59,10,9,3.06,5.05,-68.5,auto,498.84,494.92,263,1.84,3.23,0.53,Short-term blockage
7/7/2021 17:57,P/A/1/1,51,56,9,10,522.28,1.5,-68.5,auto,498.84,494.92,263,1.84,3.23,0.53,Short-term blockage
7/7/2021 17:57,P/A/1/1,51,56,9,9,120.58,2.02,-65,auto,498.84,494.92,263,1.84,3.23,0.53,Short-term blockage
7/7/2021 17:57,A/P/1/1,58,59,9,10,0.8,1.88,-65.5,auto,498.84,494.92,263,1.84,3.23,0.53,Short-term blockage
7/7/2021 17:57,P/A/1/1,51,56,9,9,710.98,0.72,-61.5,auto,498.84,494.92,263,1.84,3.23,0.53,Short-term blockage
7/7/2021 17:57,A/P/1/1,58,60,9,9,2.81,1.48,-61,auto,498.84,494.92,263,1.84,3.23,0.53,Short-term blockage
7/7/2021 17:57,A/P/1/1,58,59,9,9,5.24,2.73,-63,auto,498.84,494.92,263,1.84,3.23,0.53,Short-term blockage
7/7/2021 17:57,P/A/1/1,51,56,9,9,844.12,0.58,-60.5,auto,498.84,494.92,263,1.84,3.23,0.53,Short-term blockage
7/7/2021 17:57,A/P/1/1,58,59,9,9,4.64,2.33,-63,auto,498.84,494.92,263,1.84,3.23,0.53,Short-term blockage
7/7/2021 17:57,P/A/1/1,51,56,9,9,767.7,0.66,-61,auto,498.84,494.92,263,1.84,3.23,0.53,Short-term blockage
7/7/2021 17:57,A/P/1/1,58,59,9,9,4.8,2.27,-62,auto,498.84,494.92,263,1.84,3.23,0.53,Short-term blockage
7/7/2021 17:57,P/A/1/1,51,56,9,9,784.37,1.29,-60,auto,499.78,499.66,268,1.84,3.23,0.53,Short-term blockage
7/7/2021 17:57,A/P/1/1,58,59,9,9,4.35,1.3,-61.5,auto,499.78,499.66,268,1.84,3.23,0.53,Short-term blockage
7/7/2021 17:57,P/A/1/1,51,56,9,9,116.55,1.23,-61.5,auto,499.78,499.66,268,1.84,3.23,0.53,Short-term blockage
7/7/2021 17:57,A/P/1/1,58,59,9,9,1.59,1.3,-61.5,auto,499.78,499.66,268,1.84,3.23,0.53,Short-term blockage
7/7/2021 17:57,A/P/1/1,58,59,9,9,2.17,2.07,-63.5,auto,499.78,499.66,268,1.84,3.23,0.53,Short-term blockage
7/7/2021 17:57,P/A/1/1,51,56,9,9,668.73,1.2,-61,auto,499.78,499.66,268,1.84,3.23,0.53,Short-term blockage
7/7/2021 17:57,P/A/1/1,51,55,9,9,738.81,1.33,-64,auto,499.78,499.66,268,1.84,3.23,0.53,Short-term blockage
7/7/2021 17:57,A/P/1/1,58,59,10,9,3.83,1.9,-65.5,auto,499.78,499.66,268,1.84,3.23,0.53,Short-term blockage
7/7/2021 17:57,P/A/1/1,51,56,7,9,666.64,0.45,-69.5,auto,499.78,499.66,268,1.84,3.23,0.53,Short-term blockage
7/7/2021 17:57,A/P/1/1,58,59,10,9,3.88,1.74,-66,auto,499.78,499.66,268,1.84,3.23,0.53,Short-term blockage
7/7/2021 17:57,P/A/1/1,51,56,9,9,511.38,3.93,-69,auto,499.78,499.66,268,2.2,5.03,0.5,Short-term blockage
7/7/2021 17:57,A/P/1/1,59,59,1,9,2.35,2.69,-83.5,auto,499.78,499.66,268,2.2,5.03,0.5,Short-term blockage
7/7/2021 17:57,P/A/1/1,51,56,8,9,719.28,0,-72,auto,350.01,347.74,721,2.2,5.03,0.5,Short-term blockage
7/7/2021 17:57,A/P/1/1,58,59,9,9,2.34,1.27,-68,auto,350.01,347.74,721,2.2,5.03,0.5,Short-term blockage
7/7/2021 17:57,P/A/1/1,51,57,7,3,138.19,0,-75,auto,350.01,347.74,721,2.2,5.03,0.5,Short-term blockage
7/7/2021 17:57,A/P/1/1,57,59,8,8,2.1,6.25,-69.5,auto,350.01,347.74,721,2.2,5.03,0.5,Short-term blockage
7/7/2021 17:57,A/P/1/1,58,59,8,6,1.63,0.47,-73,auto,350.01,347.74,721,2.2,5.03,0.5,Short-term blockage
7/7/2021 17:57,P/A/1/1,51,56,2,3,577.96,0.51,-79.5,auto,350.01,347.74,721,2.2,5.03,0.5,Short-term blockage
7/7/2021 17:57,A/P/1/1,58,59,6,7,2.7,1,-77,auto,350.01,347.74,721,2.2,5.03,0.5,Short-term blockage
7/7/2021 17:57,P/A/1/1,51,55,8,4,680.68,0.55,-71.5,auto,350.01,347.74,721,2.2,5.03,0.5,Short-term blockage
7/7/2021 17:57,P/A/1/1,51,54,4,6,714,0.79,-73.75,auto,350.01,347.74,721,2.2,5.03,0.5,Short-term blockage
7/7/2021 17:57,A/P/1/1,58,59,6,6,2.74,3.55,-75.5,auto,350.01,347.74,721,2.2,5.03,0.5,Short-term blockage
7/7/2021 17:57,P/A/1/1,51,55,3,7,601.52,2.28,-76,auto,350.01,347.74,721,2.2,5.03,0.5,Short-term blockage
7/7/2021 17:57,P/A/1/1,51,55,9,8,521.4,0,-67,auto,499.95,493.79,26,2.2,5.03,0.5,Short-term blockage
7/7/2021 17:57,A/P/1/1,58,60,9,7,1.62,0,-72,auto,499.95,493.79,26,2.2,5.03,0.5,Short-term blockage
7/7/2021 17:57,P/A/1/1,51,56,9,8,156.86,0.98,-65,auto,499.95,493.79,26,2.2,5.03,0.5,Short-term blockage
7/7/2021 17:57,A/P/1/1,57,59,8,9,1.06,17.45,-68.5,auto,499.95,493.79,26,2.2,5.03,0.5,Short-term blockage
7/7/2021 17:57,P/A/1/1,51,56,9,9,545.97,0.63,-64,auto,499.95,493.79,26,2.2,5.03,0.5,Short-term blockage
7/7/2021 17:57,A/P/1/1,57,59,8,9,1.23,3.42,-69,auto,499.95,493.79,26,2.2,5.03,0.5,Short-term blockage
7/7/2021 17:57,P/A/1/1,52,54,2,3,558.31,0,-78,auto,499.95,493.79,26,11.46,59.16,0.57,Short-term blockage
7/7/2021 17:57,A/P/1/1,58,60,10,9,4.08,4.28,-66,auto,499.95,493.79,26,11.46,59.16,0.57,Short-term blockage
7/7/2021 17:57,A/P/1/1,59,59,8,7,1.97,6.86,-71.5,auto,499.95,493.79,26,11.46,59.16,0.57,Short-term blockage
7/7/2021 17:57,A/P/1/1,58,59,1,4,2.44,2.81,-75.5,auto,499.95,493.79,26,11.46,59.16,0.57,Short-term blockage
7/7/2021 17:57,P/A/1/1,54,54,1,4,404.15,12.39,-80.5,auto,499.95,493.79,26,11.46,59.16,0.57,Short-term blockage
7/7/2021 17:57,P/A/1/1,51,55,9,9,621.66,0.74,-70.5,auto,384.52,381.75,122,11.46,59.16,0.57,Short-term blockage
7/7/2021 17:57,A/P/1/1,58,59,4,1,1.7,0.09,-79.5,auto,384.52,381.75,122,11.46,59.16,0.57,Short-term blockage
7/7/2021 17:57,P/A/1/1,51,55,9,9,476.31,1.81,-70,auto,384.52,381.75,122,11.46,59.16,0.57,Short-term blockage
7/7/2021 17:57,A/P/1/1,58,59,9,9,0.96,14.14,-70.5,auto,384.52,381.75,122,11.46,59.16,0.57,Short-term blockage
7/7/2021 17:57,P/A/1/1,51,55,9,9,330.96,0.46,-71,auto,384.52,381.75,122,11.46,59.16,0.57,Short-term blockage
7/7/2021 17:57,A/P/1/1,57,59,8,8,0.5,0,-72.5,auto,384.52,381.75,122,11.46,59.16,0.57,Short-term blockage
7/7/2021 17:57,P/A/1/1,51,56,9,9,577.16,0.49,-69,auto,384.52,381.75,122,11.46,59.16,0.57,Short-term blockage
7/7/2021 17:57,A/P/1/1,58,59,9,6,3.33,13.27,-70.5,auto,384.52,381.75,122,11.46,59.16,0.57,Short-term blockage
7/7/2021 17:57,P/A/1/1,51,56,9,9,438.43,1.87,-65,auto,384.52,381.75,122,11.46,59.16,0.57,Short-term blockage
7/7/2021 17:57,A/P/1/1,59,59,7,4,1.75,0,-74.5,auto,384.52,381.75,122,11.46,59.16,0.57,Short-term blockage
7/7/2021 17:57,P/A/1/1,51,54,9,9,837.6,1.31,-61.5,auto,384.52,381.75,122,11.46,59.16,0.57,Short-term blockage
7/7/2021 17:57,A/P/1/1,57,59,8,9,2.9,1.9,-65,auto,384.52,381.75,122,11.46,59.16,0.57,Short-term blockage
7/7/2021 17:57,A/P/1/1,57,59,8,9,3.76,1.68,-64,auto,357.99,353.71,350,11.46,59.16,0.57,Short-term blockage
7/7/2021 17:57,P/A/1/1,51,54,9,9,825.37,0.61,-61.5,auto,357.99,353.71,350,11.46,59.16,0.57,Short-term blockage
7/7/2021 17:57,P/A/1/1,51,54,9,9,432.08,0.56,-61,auto,357.99,353.71,350,7.77,36.9,0.57,Short-term blockage
7/7/2021 17:57,A/P/1/1,58,59,9,9,3.29,2.05,-63.5,auto,357.99,353.71,350,7.77,36.9,0.57,Short-term blockage
7/7/2021 17:57,P/A/1/1,51,54,9,9,358.68,0.48,-61.5,auto,357.99,353.71,350,7.77,36.9,0.57,Short-term blockage
7/7/2021 17:57,A/P/1/1,58,59,9,9,0.1,1.82,-63,auto,357.99,353.71,350,7.77,36.9,0.57,Short-term blockage
7/7/2021 17:57,P/A/1/1,51,54,9,9,793.3,0.75,-61.5,auto,357.99,353.71,350,7.77,36.9,0.57,Short-term blockage
7/7/2021 17:57,A/P/1/1,58,59,9,9,4.21,1.56,-63.5,auto,357.99,353.71,350,7.77,36.9,0.57,Short-term blockage
7/7/2021 17:57,A/P/1/1,58,59,9,9,4.57,0.95,-63.5,auto,357.99,353.71,350,7.77,36.9,0.57,Short-term blockage
7/7/2021 17:57,P/A/1/1,51,54,9,9,666.96,2.91,-61.5,auto,357.99,353.71,350,7.77,36.9,0.57,Short-term blockage
7/7/2021 17:57,A/P/1/1,58,59,10,9,3.3,6.88,-63.5,auto,357.99,353.71,350,7.77,36.9,0.57,Short-term blockage
7/7/2021 17:57,P/A/1/1,51,54,9,8,738.81,2,-61,auto,299.82,293.83,389,7.77,36.9,0.57,Short-term blockage
7/7/2021 17:57,A/P/1/1,57,59,9,10,2.03,4.18,-64,auto,299.82,293.83,389,7.77,36.9,0.57,Short-term blockage
7/7/2021 17:57,P/A/1/1,51,54,9,9,460.66,0.99,-61.5,auto,299.82,293.83,389,7.77,36.9,0.57,Short-term blockage
7/7/2021 17:57,A/P/1/1,58,59,9,10,2.44,1.47,-63.5,auto,299.82,293.83,389,7.77,36.9,0.57,Short-term blockage
7/7/2021 17:57,A/P/1/1,58,59,9,9,0.04,4.22,-62.5,auto,299.82,293.83,389,7.77,36.9,0.57,Short-term blockage
7/7/2021 17:57,P/A/1/1,51,54,9,9,271.27,0.68,-62,auto,299.82,293.83,389,7.77,36.9,0.57,Short-term blockage
7/7/2021 17:57,P/A/1/1,51,55,8,9,694.81,0.66,-66.5,auto,299.82,293.83,389,7.77,36.9,0.57,Short-term blockage
7/7/2021 17:57,A/P/1/1,59,60,8,7,2.37,1.53,-75,auto,299.82,293.83,389,7.77,36.9,0.57,Short-term blockage
7/7/2021 17:57,P/A/1/1,51,55,1,6,471.28,4.38,-80.5,auto,299.82,293.83,389,7.77,36.9,0.57,Short-term blockage
7/7/2021 17:57,A/P/1/1,58,59,8,1,1.49,2.05,-74.5,auto,299.82,293.83,389,7.77,36.9,0.57,Short-term blockage
7/7/2021 17:57,P/A/1/1,51,56,3,8,790,3.34,-76.5,auto,299.82,293.83,389,19.17,83.43,0.55,Short-term blockage
7/7/2021 17:57,A/P/1/1,58,59,9,9,4.03,11.52,-69.5,auto,299.82,293.83,389,19.17,83.43,0.55,Short-term blockage
7/7/2021 17:57,P/A/1/1,51,56,9,7,550.95,0,-67.5,auto,391.55,389.35,917,19.17,83.43,0.55,Short-term blockage
7/7/2021 17:57,A/P/1/1,58,59,9,8,1.42,0,-69.5,auto,391.55,389.35,917,19.17,83.43,0.55,Short-term blockage
7/7/2021 17:57,P/A/1/1,51,56,9,7,406.34,2.2,-67,auto,391.55,389.35,917,19.17,83.43,0.55,Short-term blockage
7/7/2021 17:57,A/P/1/1,58,59,9,8,0.2,1.54,-69.5,auto,391.55,389.35,917,19.17,83.43,0.55,Short-term blockage
7/7/2021 17:57,A/P/1/1,57,59,9,7,1.17,6.68,-69.5,auto,391.55,389.35,917,19.17,83.43,0.55,Short-term blockage
7/7/2021 17:57,P/A/1/1,51,56,8,8,110.27,1.78,-69,auto,391.55,389.35,917,19.17,83.43,0.55,Short-term blockage
7/7/2021 17:57,A/P/1/1,58,59,9,8,1.76,11.82,-71.5,auto,391.55,389.35,917,19.17,83.43,0.55,Short-term blockage
7/7/2021 17:57,P/A/1/1,51,56,8,8,385.29,0,-70.5,auto,391.55,389.35,917,19.17,83.43,0.55,Short-term blockage
7/7/2021 17:57,P/A/1/1,51,54,8,8,523.86,0,-71.5,auto,391.55,389.35,917,19.17,83.43,0.55,Short-term blockage
7/7/2021 17:57,P/A/1/1,51,56,9,9,575.65,0.1,-71.5,auto,391.55,389.35,917,19.17,83.43,0.55,Short-term blockage
7/7/2021 17:57,A/P/1/1,58,60,9,7,2.7,4.04,-73,auto,391.55,389.35,917,19.17,83.43,0.55,Short-term blockage
7/7/2021 17:57,P/A/1/1,51,55,8,9,593.42,0,-72,auto,447.06,444.92,307,19.17,83.43,0.55,Short-term blockage
7/7/2021 17:57,A/P/1/1,58,59,9,9,2.08,0,-68.5,auto,447.06,444.92,307,19.17,83.43,0.55,Short-term blockage
7/7/2021 17:57,P/A/1/1,51,54,9,9,586.92,1.22,-66.75,auto,447.06,444.92,307,19.17,83.43,0.55,Short-term blockage
7/7/2021 17:57,A/P/1/1,58,60,9,9,2.23,1.8,-63,auto,447.06,444.92,307,19.17,83.43,0.55,Short-term blockage
7/7/2021 17:57,P/A/1/1,51,56,9,9,79.73,1.01,-61.5,auto,447.06,444.92,307,19.17,83.43,0.55,Short-term blockage
7/7/2021 17:57,A/P/1/1,58,60,9,9,2.37,2.42,-63,auto,447.06,444.92,307,19.17,83.43,0.55,Short-term blockage
7/7/2021 17:58,P/A/1/1,51,56,9,10,761.84,1.2,-61.5,auto,447.06,444.92,307,2.07,4.68,0.43,Short-term blockage
7/7/2021 17:58,A/P/1/1,58,60,9,9,3.73,1.49,-62.5,auto,447.06,444.92,307,2.07,4.68,0.43,Short-term blockage
7/7/2021 17:58,P/A/1/1,51,56,9,9,842.62,0.45,-62,auto,447.06,444.92,307,2.07,4.68,0.43,Short-term blockage
7/7/2021 17:58,A/P/1/1,58,60,9,9,3.75,1.46,-62.5,auto,447.06,444.92,307,2.07,4.68,0.43,Short-term blockage
7/7/2021 17:58,A/P/1/1,58,60,9,9,3.57,2.56,-63,auto,447.06,444.92,307,2.07,4.68,0.43,Short-term blockage
7/7/2021 17:58,P/A/1/1,51,56,9,9,829.29,1.32,-61.5,auto,447.06,444.92,307,2.07,4.68,0.43,Short-term blockage
7/7/2021 17:58,P/A/1/1,51,56,9,9,765.8,0.71,-61.5,auto,339.62,331.6,861,2.07,4.68,0.43,Short-term blockage
7/7/2021 17:58,A/P/1/1,57,60,9,9,3.13,2.05,-63,auto,339.62,331.6,861,2.07,4.68,0.43,Short-term blockage
7/7/2021 17:58,P/A/1/1,51,56,9,9,806.94,1.27,-62,auto,339.62,331.6,861,2.07,4.68,0.43,Short-term blockage
7/7/2021 17:58,A/P/1/1,57,60,9,9,1.59,1.49,-63,auto,339.62,331.6,861,2.07,4.68,0.43,Short-term blockage
7/7/2021 17:58,P/A/1/1,51,56,9,9,84.61,1.23,-62,auto,339.62,331.6,861,2.07,4.68,0.43,Short-term blockage
7/7/2021 17:58,A/P/1/1,58,60,9,9,2.11,1.95,-62.5,auto,339.62,331.6,861,2.07,4.68,0.43,Short-term blockage
7/7/2021 17:58,P/A/1/1,51,56,9,9,644.76,0.74,-62,auto,339.62,331.6,861,2.07,4.68,0.43,Short-term blockage
7/7/2021 17:58,A/P/1/1,57,60,9,9,4.8,2.05,-63.5,auto,339.62,331.6,861,2.07,4.68,0.43,Short-term blockage
7/7/2021 17:58,P/A/1/1,51,56,9,10,802.63,1.12,-61.5,auto,339.62,331.6,861,2.07,4.68,0.43,Short-term blockage
7/7/2021 17:58,A/P/1/1,58,60,9,9,3.81,2.1,-63,auto,339.62,331.6,861,2.07,4.68,0.43,Short-term blockage
7/7/2021 17:58,P/A/1/1,51,56,9,10,832.35,0.49,-61.5,auto,339.62,331.6,861,2.07,4.68,0.43,Short-term blockage
7/7/2021 17:58,A/P/1/1,58,60,9,9,3.78,1.41,-62.5,auto,339.62,331.6,861,2.07,4.68,0.43,Short-term blockage
7/7/2021 17:58,A/P/1/1,58,60,9,9,3.63,1.35,-63,auto,339.62,331.6,861,2.07,4.68,0.43,Short-term blockage
7/7/2021 17:58,P/A/1/1,51,56,9,9,790.4,1.16,-62,auto,339.62,331.6,861,2.07,4.68,0.43,Short-term blockage
7/7/2021 17:58,P/A/1/1,51,56,9,9,738.71,1.12,-61.5,auto,254.12,253.01,741,12.92,45.73,0.62,Short-term blockage
7/7/2021 17:58,A/P/1/1,57,60,9,9,1.77,1.18,-64,auto,254.12,253.01,741,12.92,45.73,0.62,Short-term blockage
7/7/2021 17:58,P/A/1/1,51,56,9,9,139,1.22,-61.5,auto,254.12,253.01,741,12.92,45.73,0.62,Short-term blockage
7/7/2021 17:58,A/P/1/1,57,60,9,9,1.63,1.01,-63.5,auto,254.12,253.01,741,12.92,45.73,0.62,Short-term blockage
7/7/2021 17:58,P/A/1/1,51,56,9,9,547.57,0.52,-62,auto,254.12,253.01,741,12.92,45.73,0.62,Short-term blockage
7/7/2021 17:58,A/P/1/1,58,60,9,9,3.87,1.05,-63,auto,254.12,253.01,741,12.92,45.73,0.62,Short-term blockage
7/7/2021 17:58,A/P/1/1,58,60,9,9,3.83,1.41,-63,auto,254.12,253.01,741,12.92,45.73,0.62,Short-term blockage
7/7/2021 17:58,P/A/1/1,51,56,8,9,807.16,5.42,-62.5,auto,254.12,253.01,741,12.92,45.73,0.62,Short-term blockage
7/7/2021 17:58,A/P/1/1,58,60,9,9,3.79,1.98,-64,auto,254.12,253.01,741,12.92,45.73,0.62,Short-term blockage
7/7/2021 17:58,P/A/1/1,51,56,9,9,839.78,4.56,-62,auto,254.12,253.01,741,12.92,45.73,0.62,Short-term blockage
7/7/2021 17:58,A/P/1/1,58,60,9,9,3.06,2.21,-63,auto,254.12,253.01,741,12.92,45.73,0.62,Short-term blockage
7/7/2021 17:58,A/P/1/1,58,60,9,9,2.33,1.54,-62.5,auto,499.97,494.34,4,12.92,45.73,0.62,Short-term blockage
7/7/2021 17:58,P/A/1/1,51,56,9,9,865.1,2.01,-62,auto,499.97,494.34,4,12.92,45.73,0.62,Short-term blockage
7/7/2021 17:58,P/A/1/1,51,56,9,9,278.11,1.25,-62,auto,499.97,494.34,4,12.92,45.73,0.62,Short-term blockage
7/7/2021 17:58,A/P/1/1,58,60,9,9,1.28,2.55,-63,auto,499.97,494.34,4,12.92,45.73,0.62,Short-term blockage
7/7/2021 17:58,P/A/1/1,51,56,9,9,532.85,0.56,-62,auto,499.97,494.34,4,12.92,45.73,0.62,Short-term blockage
7/7/2021 17:58,A/P/1/1,58,60,9,9,3.75,1.73,-62.5,auto,499.97,494.34,4,12.92,45.73,0.62,Short-term blockage
7/7/2021 17:58,P/A/1/1,51,56,9,9,832.75,2.66,-62,auto,499.97,494.34,4,12.92,45.73,0.62,Short-term blockage
7/7/2021 17:58,A/P/1/1,58,60,9,9,3.96,1.36,-63,auto,499.97,494.34,4,12.92,45.73,0.62,Short-term blockage
7/7/2021 17:58,P/A/1/1,51,56,9,9,787.44,0,-61,auto,499.97,494.34,4,2.57,8.18,0.47,Short-term blockage
7/7/2021 17:58,A/P/1/1,57,59,10,9,4.16,1.72,-63.5,auto,499.97,494.34,4,2.57,8.18,0.47,Short-term blockage
7/7/2021 17:58,P/A/1/1,51,56,9,9,752.2,0.85,-62,auto,499.97,494.34,4,2.57,8.18,0.47,Short-term blockage
7/7/2021 17:58,A/P/1/1,58,59,10,9,3.48,3.08,-63.5,auto,499.97,494.34,4,2.57,8.18,0.47,Short-term blockage
7/7/2021 17:58,A/P/1/1,57,59,9,9,2.83,1.49,-63.33,auto,489.11,479.19,25,2.57,8.18,0.47,Short-term blockage
7/7/2021 17:58,P/A/1/1,51,56,9,9,816.44,0.95,-61.5,auto,489.11,479.19,25,2.57,8.18,0.47,Short-term blockage
7/7/2021 17:58,P/A/1/1,51,56,9,9,340.8,0.6,-61.5,auto,489.11,479.19,25,2.57,8.18,0.47,Short-term blockage
7/7/2021 17:58,A/P/1/1,58,59,9,9,4.16,1.86,-63,auto,489.11,479.19,25,2.57,8.18,0.47,Short-term blockage
7/7/2021 17:58,P/A/1/1,51,56,9,9,440.22,1.1,-61.5,auto,489.11,479.19,25,2.57,8.18,0.47,Short-term blockage
7/7/2021 17:58,P/A/1/1,51,56,9,9,745.37,1.45,-61.5,auto,489.11,479.19,25,2.57,8.18,0.47,Short-term blockage
7/7/2021 17:58,A/P/1/1,58,59,9,9,2.92,1.64,-63.5,auto,489.11,479.19,25,2.57,8.18,0.47,Short-term blockage
7/7/2021 17:58,P/A/1/1,51,56,9,9,766.16,3.47,-61.5,auto,489.11,479.19,25,2.57,8.18,0.47,Short-term blockage
7/7/2021 17:58,A/P/1/1,58,59,9,9,3.3,1.85,-63,auto,489.11,479.19,25,2.57,8.18,0.47,Short-term blockage
7/7/2021 17:58,P/A/1/1,51,56,9,9,851.82,0.6,-61.5,auto,489.11,479.19,25,2.57,8.18,0.47,Short-term blockage
7/7/2021 17:58,A/P/1/1,58,59,9,9,3.86,1.84,-63,auto,489.11,479.19,25,2.57,8.18,0.47,Short-term blockage
7/7/2021 17:58,P/A/1/1,51,56,9,9,862.17,0.45,-61,auto,489.17,486.91,104,2.57,8.18,0.47,Short-term blockage
7/7/2021 17:58,A/P/1/1,58,59,9,9,3.44,2.78,-62.5,auto,489.17,486.91,104,2.57,8.18,0.47,Short-term blockage
7/7/2021 17:58,P/A/1/1,51,56,9,9,430.22,1.2,-61.5,auto,489.17,486.91,104,2.57,8.18,0.47,Short-term blockage
7/7/2021 17:58,A/P/1/1,58,59,9,9,0.34,1.38,-63,auto,489.17,486.91,104,2.57,8.18,0.47,Short-term blockage
7/7/2021 17:58,P/A/1/1,51,56,9,9,364.68,3.3,-61.5,auto,489.17,486.91,104,2.57,8.18,0.47,Short-term blockage
7/7/2021 17:58,A/P/1/1,58,59,10,9,4.68,0.74,-62.5,auto,489.17,486.91,104,2.57,8.18,0.47,Short-term blockage
7/7/2021 17:58,A/P/1/1,58,59,10,9,4.99,2.95,-63.5,auto,489.17,486.91,104,2.55,6.42,0.68,Short-term blockage
7/7/2021 17:58,P/A/1/1,51,54,9,9,791.81,0.57,-61.5,auto,489.17,486.91,104,2.55,6.42,0.68,Short-term blockage
7/7/2021 17:58,P/A/1/1,51,54,9,9,777.54,0.9,-61,auto,489.17,486.91,104,2.55,6.42,0.68,Short-term blockage
7/7/2021 17:58,A/P/1/1,58,59,9,9,4.77,1.05,-63.5,auto,489.17,486.91,104,2.55,6.42,0.68,Short-term blockage
7/7/2021 17:58,P/A/1/1,51,55,9,9,817.89,1.04,-62,auto,489.17,486.91,104,2.55,6.42,0.68,Short-term blockage
7/7/2021 17:58,A/P/1/1,57,59,9,9,4.2,0,-63,auto,489.17,486.91,104,2.55,6.42,0.68,Short-term blockage
7/7/2021 17:58,P/A/1/1,51,55,9,9,836.37,3.34,-60.5,auto,499.96,499.52,188,2.55,6.42,0.68,Short-term blockage
7/7/2021 17:58,A/P/1/1,57,59,9,9,2.65,1.5,-63,auto,499.96,499.52,188,2.55,6.42,0.68,Short-term blockage
7/7/2021 17:58,P/A/1/1,51,55,9,9,317.3,0.96,-61.5,auto,499.96,499.52,188,2.55,6.42,0.68,Short-term blockage
7/7/2021 17:58,A/P/1/1,58,59,9,9,0.04,2.33,-60.5,auto,499.96,499.52,188,2.55,6.42,0.68,Short-term blockage
7/7/2021 17:58,P/A/1/1,51,56,9,10,257.68,0.86,-62,auto,499.96,499.52,188,2.55,6.42,0.68,Short-term blockage
7/7/2021 17:58,A/P/1/1,57,59,9,9,1.43,2.34,-64.5,auto,499.96,499.52,188,2.55,6.42,0.68,Short-term blockage
7/7/2021 17:58,P/A/1/1,51,56,9,10,840.96,0.84,-62.5,auto,499.96,499.52,188,2.55,6.42,0.68,Short-term blockage
7/7/2021 17:58,A/P/1/1,58,59,9,9,2.82,1.79,-66,auto,499.96,499.52,188,2.55,6.42,0.68,Short-term blockage
7/7/2021 17:58,A/P/1/1,58,59,8,9,2.26,2.27,-66.5,auto,499.96,499.52,188,2.55,6.42,0.68,Short-term blockage
7/7/2021 17:58,P/A/1/1,51,56,9,9,812.39,0.79,-67,auto,499.96,499.52,188,2.55,6.42,0.68,Short-term blockage
7/7/2021 17:58,P/A/1/1,51,56,9,10,592.06,1.06,-65.5,auto,499.96,499.52,188,2.55,6.42,0.68,Short-term blockage
7/7/2021 17:58,A/P/1/1,58,59,8,8,2.88,4.16,-68.5,auto,499.96,499.52,188,2.55,6.42,0.68,Short-term blockage
7/7/2021 17:58,P/A/1/1,51,54,9,9,636.62,0,-66.5,auto,499.89,499.65,374,2.55,6.42,0.68,Short-term blockage
7/7/2021 17:58,A/P/1/1,58,59,8,6,2.98,9.86,-67.5,auto,499.89,499.65,374,2.55,6.42,0.68,Short-term blockage
7/7/2021 17:58,A/P/1/1,59,59,7,3,0.17,0,-76.5,auto,499.89,499.65,374,3.63,8.75,0.68,Short-term blockage
7/7/2021 17:58,P/A/1/1,52,55,9,1,95.72,2.28,-74.5,auto,499.89,499.65,374,3.63,8.75,0.68,Short-term blockage
7/7/2021 17:58,A/P/1/1,58,60,6,6,2.79,2.45,-76,auto,499.89,499.65,374,3.63,8.75,0.68,Short-term blockage
7/7/2021 17:58,P/A/1/1,51,56,9,4,697.24,0.1,-71.5,auto,499.89,499.65,374,3.63,8.75,0.68,Short-term blockage
7/7/2021 17:58,A/P/1/1,59,59,1,3,2.76,1.05,-80,auto,499.89,499.65,374,3.63,8.75,0.68,Short-term blockage
7/7/2021 17:58,P/A/1/1,51,55,2,3,447.67,0.94,-77,auto,499.89,499.65,374,3.63,8.75,0.68,Short-term blockage
7/7/2021 17:58,A/P/1/1,59,59,7,4,2.72,3.59,-76,auto,499.89,499.65,374,3.63,8.75,0.68,Short-term blockage
7/7/2021 17:58,A/P/1/1,59,59,9,8,2.69,11.94,-68.5,auto,499.89,499.65,374,3.63,8.75,0.68,Short-term blockage
7/7/2021 17:58,P/A/1/1,51,54,6,9,635.32,0,-71.5,auto,499.89,499.65,374,3.63,8.75,0.68,Short-term blockage
7/7/2021 17:58,P/A/1/1,51,56,7,9,411.82,0,-69.5,auto,481.37,481.19,78,3.63,8.75,0.68,Short-term blockage
7/7/2021 17:58,A/P/1/1,59,59,8,7,1.49,11.72,-71,auto,481.37,481.19,78,3.63,8.75,0.68,Short-term blockage
7/7/2021 17:58,P/A/1/1,51,56,8,9,324.39,0,-70,auto,481.37,481.19,78,3.63,8.75,0.68,Short-term blockage
7/7/2021 17:58,A/P/1/1,58,59,4,2,0.3,8.23,-78.5,auto,481.37,481.19,78,3.63,8.75,0.68,Short-term blockage
7/7/2021 17:58,P/A/1/1,51,56,7,4,39.86,0,-70.5,auto,481.37,481.19,78,3.63,8.75,0.68,Short-term blockage
7/7/2021 17:58,A/P/1/1,58,59,9,9,1.89,1.72,-66,auto,481.37,481.19,78,3.63,8.75,0.68,Short-term blockage
7/7/2021 17:58,P/A/1/1,51,55,9,9,692.57,0.78,-61.5,auto,481.37,481.19,78,3.63,8.75,0.68,Short-term blockage
7/7/2021 17:58,A/P/1/1,58,59,9,9,3.93,1.82,-62,auto,481.37,481.19,78,3.63,8.75,0.68,Short-term blockage
7/7/2021 17:58,P/A/1/1,51,56,9,9,786.85,0.8,-62,auto,481.37,481.19,78,3.63,8.75,0.68,Short-term blockage
7/7/2021 17:58,A/P/1/1,57,59,9,9,3.98,1.39,-63,auto,481.37,481.19,78,3.63,8.75,0.68,Short-term blockage
7/7/2021 17:58,P/A/1/1,51,56,9,9,827.48,0.45,-61.5,auto,481.37,481.19,78,3.63,8.75,0.68,Short-term blockage
7/7/2021 17:58,P/A/1/1,51,56,9,9,823.56,0.94,-61,auto,481.37,481.19,78,3.63,8.75,0.68,Short-term blockage
7/7/2021 17:58,A/P/1/1,58,59,9,9,3.75,1.07,-63,auto,481.37,481.19,78,3.63,8.75,0.68,Short-term blockage
7/7/2021 17:58,P/A/1/1,51,56,10,9,744.24,1.15,-61.5,auto,481.37,481.19,78,3.63,8.75,0.68,Short-term blockage
7/7/2021 17:58,A/P/1/1,58,59,9,10,1.69,2.44,-63,auto,481.37,481.19,78,3.63,8.75,0.68,Short-term blockage
7/1/2021 5:02,P/A/2/1,51,53,10,9,204.28,0.62,-63.5,auto,498.67,496.32,110,1.88,4.69,0.43,Normal
7/1/2021 5:02,A/P/1/2,14,16,9,9,1.14,0.43,-62.5,auto,498.67,496.32,110,1.88,4.69,0.43,Normal
7/1/2021 5:02,A/P/1/2,15,16,9,9,2.05,1.92,-62.5,auto,498.67,496.32,110,1.88,4.69,0.43,Normal
7/1/2021 5:02,P/A/2/1,50,53,9,9,835.7,0.44,-64.5,auto,498.67,496.32,110,1.88,4.69,0.43,Normal
7/1/2021 5:02,A/P/1/2,13,16,9,9,3.79,1.12,-63,auto,498.67,496.32,110,1.88,4.69,0.43,Normal
7/1/2021 5:02,P/A/2/1,51,53,10,9,767.76,1.83,-63.5,auto,498.67,496.32,110,1.88,4.69,0.43,Normal
7/1/2021 5:02,A/P/1/2,13,16,9,9,3.89,0.31,-63,auto,498.67,496.32,110,1.88,4.69,0.43,Normal
7/1/2021 5:02,P/A/2/1,51,53,9,9,753.34,0.93,-65,auto,498.67,496.32,110,1.88,4.69,0.43,Normal
7/1/2021 5:02,A/P/1/2,14,16,9,9,3.97,2.39,-62.5,auto,498.67,496.32,110,1.88,4.69,0.43,Normal
7/1/2021 5:02,P/A/2/1,51,53,9,9,658.12,0.54,-63.5,auto,498.67,496.32,110,1.88,4.69,0.43,Normal
7/1/2021 5:02,A/P/1/2,14,16,9,9,3.03,2.47,-62.5,auto,498.67,496.32,110,1.88,4.69,0.43,Normal
7/1/2021 5:02,P/A/2/1,50,53,9,9,75.02,0.45,-64.5,auto,499.94,499.84,237,1.88,4.69,0.43,Normal
7/1/2021 5:02,A/P/1/2,13,16,9,9,2.08,1.57,-63,auto,499.94,499.84,237,1.88,4.69,0.43,Normal
7/1/2021 5:02,A/P/1/2,15,16,9,9,0.93,0.99,-62.5,auto,499.94,499.84,237,1.88,4.69,0.43,Normal
7/1/2021 5:02,P/A/2/1,51,53,9,9,771.19,0.5,-63.5,auto,499.94,499.84,237,1.88,4.69,0.43,Normal
7/1/2021 5:02,P/A/2/1,51,53,9,9,790.69,0.54,-63.5,auto,499.94,499.84,237,2.23,5.78,0.53,Normal
7/1/2021 5:02,A/P/1/2,13,16,9,9,4.35,2.2,-62.5,auto,499.94,499.84,237,2.23,5.78,0.53,Normal
7/1/2021 5:02,P/A/2/1,50,52,10,9,780.05,0.08,-63.5,auto,499.94,499.84,237,2.23,5.78,0.53,Normal
7/1/2021 5:02,A/P/1/2,14,16,9,10,4.44,3.42,-62.5,auto,499.94,499.84,237,2.23,5.78,0.53,Normal
7/1/2021 5:02,P/A/2/1,50,52,9,9,755.71,0.58,-65,auto,499.94,499.84,237,2.23,5.78,0.53,Normal
7/1/2021 5:02,A/P/1/2,15,16,10,9,3.34,1.49,-62.5,auto,499.94,499.84,237,2.23,5.78,0.53,Normal
7/1/2021 5:02,P/A/2/1,50,52,9,9,419.99,1.09,-64.5,auto,499.94,499.84,237,2.23,5.78,0.53,Normal
7/1/2021 5:02,A/P/1/2,13,16,9,9,3.63,0.19,-63,auto,499.94,499.84,237,2.23,5.78,0.53,Normal
7/1/2021 5:02,P/A/2/1,51,53,9,9,84.26,1.04,-63.5,auto,496.27,494.98,154,2.23,5.78,0.53,Normal
7/1/2021 5:02,A/P/1/2,14,16,9,9,0.1,3,-62.5,auto,496.27,494.98,154,2.23,5.78,0.53,Normal
7/1/2021 5:02,P/A/2/1,50,53,9,9,447.75,0.84,-64.5,auto,496.27,494.98,154,2.23,5.78,0.53,Normal
7/1/2021 5:02,A/P/1/2,14,16,9,9,4.5,2.38,-62.5,auto,496.27,494.98,154,2.23,5.78,0.53,Normal
7/1/2021 5:02,A/P/1/2,14,16,9,9,4.71,1.78,-62.5,auto,496.27,494.98,154,2.23,5.78,0.53,Normal
7/1/2021 5:02,P/A/2/1,51,53,10,9,811.23,0.95,-63.5,auto,496.27,494.98,154,2.23,5.78,0.53,Normal
7/1/2021 5:02,P/A/2/1,51,53,10,9,780.15,3.48,-63.5,auto,496.27,494.98,154,2.23,5.78,0.53,Normal
7/1/2021 5:02,A/P/1/2,14,16,9,9,4.02,2.71,-62.5,auto,496.27,494.98,154,2.23,5.78,0.53,Normal
7/1/2021 5:03,P/A/2/1,52,53,9,9,818.45,0.46,-63.5,auto,496.27,494.98,154,2.23,5.78,0.53,Normal
7/1/2021 5:03,A/P/1/2,14,16,9,9,4.83,2.53,-62.5,auto,496.27,494.98,154,2.23,5.78,0.53,Normal
7/1/2021 5:03,P/A/2/1,51,53,9,9,777.53,1.09,-63.5,auto,496.27,494.98,154,2.23,5.78,0.53,Normal
7/1/2021 5:03,A/P/1/2,14,16,9,10,2.44,3.65,-62.5,auto,496.27,494.98,154,2.23,5.78,0.53,Normal
7/1/2021 5:03,P/A/2/1,50,53,10,9,189.46,0.64,-65,auto,499.96,499.77,126,2.23,5.78,0.53,Normal
7/1/2021 5:03,A/P/1/2,13,16,9,10,0.05,2.23,-63,auto,499.96,499.77,126,2.23,5.78,0.53,Normal
7/1/2021 5:03,P/A/2/1,51,53,9,10,433.85,1.22,-63.5,auto,499.96,499.77,126,3.41,11.62,0.7,Normal
7/1/2021 5:03,A/P/1/2,14,16,10,9,2.65,0.22,-62.5,auto,499.96,499.77,126,3.41,11.62,0.7,Normal
7/1/2021 5:03,P/A/2/1,52,53,9,9,787.78,0.66,-64,auto,499.96,499.77,126,3.41,11.62,0.7,Normal
7/1/2021 5:03,A/P/1/2,13,16,9,9,4.9,2.81,-62.5,auto,499.96,499.77,126,3.41,11.62,0.7,Normal
7/1/2021 5:03,A/P/1/2,13,16,9,9,3.94,1.74,-63,auto,499.96,499.77,126,3.41,11.62,0.7,Normal
7/1/2021 5:03,P/A/2/1,52,53,9,9,818.24,0.26,-63.5,auto,499.96,499.77,126,3.41,11.62,0.7,Normal
7/1/2021 5:03,P/A/2/1,50,53,9,9,790.06,0.74,-65,auto,499.96,499.77,126,3.41,11.62,0.7,Normal
7/1/2021 5:03,A/P/1/2,14,16,9,9,4.36,2.71,-62.5,auto,499.96,499.77,126,3.41,11.62,0.7,Normal
7/1/2021 5:03,P/A/2/1,50,53,9,10,799.59,0.94,-63.5,auto,499.96,499.77,126,3.41,11.62,0.7,Normal
7/1/2021 5:03,A/P/1/2,14,16,9,9,4.78,0.13,-62.5,auto,499.96,499.77,126,3.41,11.62,0.7,Normal
7/1/2021 5:03,P/A/2/1,50,53,9,9,407.92,0.62,-65,auto,499.96,499.77,126,3.41,11.62,0.7,Normal
7/1/2021 5:03,A/P/1/2,14,16,9,9,1.56,5.16,-63,auto,499.96,499.77,126,3.41,11.62,0.7,Normal
7/1/2021 5:03,P/A/2/1,50,53,9,9,297.22,0.89,-65,auto,497.64,493.91,189,3.41,11.62,0.7,Normal
7/1/2021 5:03,A/P/1/2,14,15,9,9,1.72,4.18,-62.5,auto,497.64,493.91,189,3.41,11.62,0.7,Normal
7/1/2021 5:03,P/A/2/1,51,52,9,9,802.29,0.59,-63.5,auto,497.64,493.91,189,3.41,11.62,0.7,Normal
7/1/2021 5:03,A/P/1/2,14,15,9,10,3.61,3.19,-63,auto,497.64,493.91,189,3.41,11.62,0.7,Normal
7/1/2021 5:03,P/A/2/1,51,52,10,9,806.91,0.47,-63.5,auto,497.64,493.91,189,3.41,11.62,0.7,Normal
7/1/2021 5:03,P/A/2/1,51,52,10,9,740.33,1.72,-63.5,auto,497.64,493.91,189,3.41,11.62,0.7,Normal
7/1/2021 5:03,A/P/1/2,14,15,9,9,3.51,0.32,-63.67,auto,497.64,493.91,189,3.41,11.62,0.7,Normal
7/1/2021 5:03,A/P/1/2,12,15,9,9,2.95,2.06,-64,auto,497.64,493.91,189,2.88,7.64,0.59,Normal
7/1/2021 5:03,P/A/2/1,50,52,10,9,823.66,1.57,-64.5,auto,497.64,493.91,189,2.88,7.64,0.59,Normal
7/1/2021 5:03,A/P/1/2,14,15,9,10,2.43,2.53,-62.5,auto,497.64,493.91,189,2.88,7.64,0.59,Normal
7/1/2021 5:03,P/A/2/1,50,52,10,9,788.49,0.97,-64.5,auto,499.92,499.82,108,2.88,7.64,0.59,Normal
7/1/2021 5:03,A/P/1/2,15,15,9,9,0.34,1.97,-62.5,auto,499.92,499.82,108,2.88,7.64,0.59,Normal
7/1/2021 5:03,P/A/2/1,50,52,9,9,770.9,0.89,-65,auto,499.92,499.82,108,2.88,7.64,0.59,Normal
7/1/2021 5:03,A/P/1/2,15,16,9,10,3.6,7.88,-62.5,auto,499.92,499.82,108,2.88,7.64,0.59,Normal
7/1/2021 5:03,P/A/2/1,51,52,9,9,772.63,1.52,-63,auto,499.92,499.82,108,2.88,7.64,0.59,Normal
7/1/2021 5:03,A/P/1/2,14,16,9,9,2.78,0,-62.5,auto,499.92,499.82,108,2.88,7.64,0.59,Normal
7/1/2021 5:03,P/A/2/1,50,52,9,9,774.35,1.77,-65,auto,499.92,499.82,108,2.88,7.64,0.59,Normal
7/1/2021 5:03,A/P/1/2,12,16,9,9,3.62,16.77,-63.5,auto,499.92,499.82,108,2.88,7.64,0.59,Normal
7/1/2021 5:03,P/A/2/1,52,52,9,9,776.07,0.55,-63.5,auto,499.92,499.82,108,2.88,7.64,0.59,Normal
7/1/2021 5:03,A/P/1/2,14,16,9,10,3.28,3.92,-63,auto,499.92,499.82,108,2.88,7.64,0.59,Normal
7/1/2021 5:03,P/A/2/1,50,52,9,9,834.88,0.54,-64.5,auto,499.92,499.82,108,2.88,7.64,0.59,Normal
7/1/2021 5:03,A/P/1/2,14,16,9,9,2.99,3,-62.5,auto,499.92,499.82,108,2.88,7.64,0.59,Normal
7/1/2021 5:03,A/P/1/2,14,16,9,9,0.04,2.08,-62.5,auto,499.97,499.84,414,2.88,7.64,0.59,Normal
7/1/2021 5:03,P/A/2/1,51,52,9,9,184.47,0.39,-63.5,auto,499.97,499.84,414,2.88,7.64,0.59,Normal
7/1/2021 5:03,P/A/2/1,51,52,10,9,603.86,1.03,-63,auto,499.97,499.84,414,2.88,7.64,0.59,Normal
7/1/2021 5:03,A/P/1/2,15,16,9,9,3.79,1.52,-63,auto,499.97,499.84,414,2.88,7.64,0.59,Normal
7/1/2021 5:03,P/A/2/1,51,52,10,9,813.89,1.07,-63.5,auto,499.97,499.84,414,1.84,3.63,0.41,Normal
7/1/2021 5:03,A/P/1/2,13,16,9,9,4.4,0.72,-63.5,auto,499.97,499.84,414,1.84,3.63,0.41,Normal
7/1/2021 5:03,P/A/2/1,51,52,10,9,812.21,1.11,-63.5,auto,499.97,499.84,414,1.84,3.63,0.41,Normal
7/1/2021 5:03,A/P/1/2,13,16,9,9,4.41,1.96,-63,auto,499.97,499.84,414,1.84,3.63,0.41,Normal
7/1/2021 5:03,P/A/2/1,51,53,9,9,782.96,1.25,-64.5,auto,499.97,499.84,414,1.84,3.63,0.41,Normal
7/1/2021 5:03,A/P/1/2,15,14,9,9,4.49,3.21,-62.5,auto,499.97,499.84,414,1.84,3.63,0.41,Normal
7/1/2021 5:03,P/A/2/1,51,53,9,9,532.97,0.96,-64.5,auto,499.97,499.84,414,1.84,3.63,0.41,Normal
7/1/2021 5:03,A/P/1/2,14,14,9,9,4.1,2.41,-62.5,auto,499.97,499.84,414,1.84,3.63,0.41,Normal
7/1/2021 5:03,P/A/2/1,50,53,9,9,282.98,1.62,-64.5,auto,486.04,484.1,266,1.84,3.63,0.41,Normal
7/1/2021 5:03,A/P/1/2,13,14,9,9,0.87,0.4,-62.5,auto,486.04,484.1,266,1.84,3.63,0.41,Normal
7/1/2021 5:03,A/P/1/2,14,14,9,10,1.81,2.31,-62.5,auto,486.04,484.1,266,1.84,3.63,0.41,Normal
7/1/2021 5:03,P/A/2/1,50,53,9,9,447.24,0.75,-66,auto,486.04,484.1,266,1.84,3.63,0.41,Normal
7/1/2021 5:03,P/A/2/1,50,53,9,9,838.17,1.3,-66,auto,486.04,484.1,266,1.84,3.63,0.41,Normal
7/1/2021 5:03,A/P/1/2,15,14,9,9,4.36,2.39,-62.5,auto,486.04,484.1,266,1.84,3.63,0.41,Normal
7/1/2021 5:03,P/A/2/1,50,53,9,9,801.69,0.71,-64.5,auto,486.04,484.1,266,1.84,3.63,0.41,Normal
7/1/2021 5:03,A/P/1/2,13,14,9,9,4.12,0.26,-63,auto,486.04,484.1,266,1.84,3.63,0.41,Normal
7/1/2021 5:03,P/A/2/1,50,53,9,9,803.34,0.83,-66,auto,486.04,484.1,266,1.84,3.63,0.41,Normal
7/1/2021 5:03,A/P/1/2,14,14,9,10,3.34,4.21,-62.5,auto,486.04,484.1,266,1.84,3.63,0.41,Normal
7/1/2021 5:03,P/A/2/1,50,53,10,9,788.24,1.81,-66,auto,486.04,484.1,266,1.84,3.63,0.41,Normal
7/1/2021 5:03,A/P/1/2,14,14,9,10,4.04,1.88,-62.5,auto,486.04,484.1,266,1.84,3.63,0.41,Normal
7/1/2021 5:03,P/A/2/1,51,53,9,9,381.63,4.38,-64.5,auto,486.04,484.1,266,2.28,5.87,0.44,Normal
7/1/2021 5:03,A/P/1/2,13,14,9,9,1.78,2.73,-62.5,auto,486.04,484.1,266,2.28,5.87,0.44,Normal
7/1/2021 5:03,P/A/2/1,50,53,10,9,312.75,3.7,-66,auto,499.97,499.86,95,2.28,5.87,0.44,Normal
7/1/2021 5:03,A/P/1/2,14,14,9,9,1.06,3.58,-62.5,auto,499.97,499.86,95,2.28,5.87,0.44,Normal
7/1/2021 5:03,A/P/1/2,13,14,9,9,3.87,1.37,-63,auto,499.97,499.86,95,2.28,5.87,0.44,Normal
7/1/2021 5:03,P/A/2/1,50,53,9,9,552.78,0.57,-66,auto,499.97,499.86,95,2.28,5.87,0.44,Normal
7/1/2021 5:03,P/A/2/1,51,53,9,9,792.8,1.39,-65,auto,499.97,499.86,95,2.28,5.87,0.44,Normal
7/1/2021 5:03,A/P/1/2,14,14,9,9,5.2,2.14,-62.5,auto,499.97,499.86,95,2.28,5.87,0.44,Normal
7/1/2021 5:03,P/A/2/1,52,53,9,9,787.55,0.84,-64.5,auto,499.97,499.86,95,2.28,5.87,0.44,Normal
7/1/2021 5:03,A/P/1/2,14,14,9,9,5.13,2.35,-62.5,auto,499.97,499.86,95,2.28,5.87,0.44,Normal
7/1/2021 5:03,P/A/2/1,52,53,9,9,782.29,1.78,-65,auto,499.97,499.86,95,2.28,5.87,0.44,Normal
7/1/2021 5:03,A/P/1/2,13,14,9,9,3.38,3.22,-63,auto,499.97,499.86,95,2.28,5.87,0.44,Normal
7/1/2021 5:03,P/A/2/1,50,53,9,9,554.81,2.73,-65.5,auto,499.97,499.86,95,2.28,5.87,0.44,Normal
7/1/2021 5:03,P/A/2/1,51,53,9,9,284.23,2.64,-64.5,auto,499.88,499.69,118,2.28,5.87,0.44,Normal
7/1/2021 5:03,A/P/1/2,13,14,9,9,0.03,2.93,-62.5,auto,499.88,499.69,118,2.28,5.87,0.44,Normal
7/1/2021 5:03,P/A/2/1,50,53,9,9,668.89,0.45,-65.5,auto,499.88,499.69,118,2.28,5.87,0.44,Normal
7/1/2021 5:03,A/P/1/2,14,14,9,9,3.19,2.82,-62.5,auto,499.88,499.69,118,2.28,5.87,0.44,Normal
7/1/2021 5:03,A/P/1/2,15,14,9,10,2.72,2.72,-62.5,auto,499.88,499.69,118,2.28,5.87,0.44,Normal
7/1/2021 5:03,P/A/2/1,50,53,9,10,780.68,0.52,-65.5,auto,499.88,499.69,118,2.28,5.87,0.44,Normal
7/1/2021 5:03,A/P/1/2,14,14,9,9,2.92,0.28,-62.5,auto,499.88,499.69,118,4.89,29.52,0.48,Normal
7/1/2021 5:03,P/A/2/1,51,53,9,9,846.8,2.18,-65,auto,499.88,499.69,118,4.89,29.52,0.48,Normal
7/1/2021 5:03,A/P/1/2,15,14,8,9,2.96,6.56,-62.5,auto,499.88,499.69,118,4.89,29.52,0.48,Normal
7/1/2021 5:03,P/A/2/1,51,53,9,9,639.53,1.1,-65,auto,499.88,499.69,118,4.89,29.52,0.48,Normal
7/1/2021 5:03,A/P/1/2,14,14,9,9,1.59,0.65,-62.5,auto,499.88,499.69,118,4.89,29.52,0.48,Normal
7/1/2021 5:03,P/A/2/1,51,53,9,9,412.3,1.34,-64.5,auto,499.98,499.85,25,4.89,29.52,0.48,Normal
7/1/2021 5:03,A/P/1/2,13,14,9,9,0.21,0.35,-62.5,auto,499.98,499.85,25,4.89,29.52,0.48,Normal
7/1/2021 5:03,P/A/2/1,50,53,9,9,491.69,1.17,-65.5,auto,499.98,499.85,25,4.89,29.52,0.48,Normal
7/1/2021 5:03,A/P/1/2,14,14,9,9,2.65,2.45,-62.5,auto,499.98,499.85,25,4.89,29.52,0.48,Normal
7/1/2021 5:03,P/A/2/1,50,53,9,10,814.19,2.01,-66,auto,499.98,499.85,25,4.89,29.52,0.48,Normal
7/1/2021 5:03,A/P/1/2,14,14,10,9,3.22,0.75,-62.5,auto,499.98,499.85,25,4.89,29.52,0.48,Normal
7/1/2021 5:03,P/A/2/1,50,53,9,9,794.26,1.75,-66,auto,499.98,499.85,25,4.89,29.52,0.48,Normal
7/1/2021 5:03,A/P/1/2,14,14,9,10,4.63,0.14,-62.5,auto,499.98,499.85,25,4.89,29.52,0.48,Normal
7/1/2021 5:03,P/A/2/1,50,53,9,9,774.34,2.14,-65.5,auto,499.98,499.85,25,4.89,29.52,0.48,Normal
7/1/2021 5:03,A/P/1/2,13,14,9,9,3.12,1.86,-63,auto,499.98,499.85,25,4.89,29.52,0.48,Normal
7/1/2021 5:03,A/P/1/2,13,14,9,9,4.63,3.59,-63,auto,499.98,499.85,25,4.89,29.52,0.48,Normal
7/1/2021 5:03,P/A/2/1,50,53,9,9,649.93,1.37,-66,auto,499.98,499.85,25,4.89,29.52,0.48,Normal
7/1/2021 5:03,P/A/2/1,50,53,10,9,500.63,2.46,-66,auto,499.98,499.85,25,4.89,29.52,0.48,Normal
7/1/2021 5:03,A/P/1/2,13,14,9,10,1.77,3.39,-62.5,auto,499.98,499.85,25,4.89,29.52,0.48,Normal
7/1/2021 5:03,P/A/2/1,51,53,9,9,656.67,2.34,-65,auto,499.99,497.32,239,2.43,4.61,0.73,Normal
7/1/2021 5:03,A/P/1/2,14,14,9,9,1.22,3.19,-63,auto,499.99,497.32,239,2.43,4.61,0.73,Normal
7/1/2021 5:03,P/A/2/1,50,53,10,9,812.71,4.96,-65.5,auto,499.99,497.32,239,2.43,4.61,0.73,Normal
7/1/2021 5:03,A/P/1/2,13,14,9,9,3.98,1.74,-63,auto,499.99,497.32,239,2.43,4.61,0.73,Normal
7/1/2021 5:03,P/A/2/1,50,53,9,9,833.22,0.74,-66,auto,499.99,497.32,239,2.43,4.61,0.73,Normal
7/1/2021 5:03,A/P/1/2,15,14,9,9,3.42,0.3,-62.5,auto,499.99,497.32,239,2.43,4.61,0.73,Normal
7/1/2021 5:03,P/A/2/1,50,53,9,9,763.96,0.31,-66,auto,499.99,497.32,239,2.43,4.61,0.73,Normal
7/1/2021 5:03,A/P/1/2,14,14,9,9,2.86,0.49,-62.5,auto,499.99,497.32,239,2.43,4.61,0.73,Normal
7/1/2021 5:03,P/A/2/1,51,53,9,9,605.03,1.03,-65,auto,499.99,497.32,239,2.43,4.61,0.73,Normal
7/1/2021 5:03,A/P/1/2,13,14,9,9,4.77,0.84,-62.5,auto,499.99,497.32,239,2.43,4.61,0.73,Normal
7/1/2021 5:03,A/P/1/2,15,14,9,9,1.82,2.1,-62.5,auto,499.99,497.32,239,2.43,4.61,0.73,Normal
7/1/2021 5:03,P/A/2/1,50,53,9,9,446.11,0.95,-66,auto,499.99,497.32,239,2.43,4.61,0.73,Normal
7/1/2021 5:03,P/A/2/1,50,53,9,9,287.19,0.93,-64.5,auto,499.99,497.73,313,2.43,4.61,0.73,Normal
7/1/2021 5:03,A/P/1/2,13,14,9,10,0.27,3.87,-62.5,auto,499.99,497.73,313,2.43,4.61,0.73,Normal
7/1/2021 5:04,P/A/2/1,51,53,9,9,760.1,0.96,-66,auto,499.99,497.73,313,2.43,4.61,0.73,Normal
7/1/2021 5:04,A/P/1/2,14,14,10,9,4.28,1,-62.5,auto,499.99,497.73,313,2.43,4.61,0.73,Normal
7/1/2021 5:04,P/A/2/1,51,53,9,9,847.19,1.09,-65,auto,499.99,497.73,313,2.43,4.61,0.73,Normal
7/1/2021 5:04,A/P/1/2,13,14,9,9,4.37,1.94,-62.5,auto,499.99,497.73,313,2.43,4.61,0.73,Normal
7/1/2021 5:04,P/A/2/1,50,53,9,9,826.84,1.2,-66,auto,499.99,497.73,313,2.43,4.61,0.73,Normal
7/1/2021 5:04,A/P/1/2,13,14,9,9,4.11,2.76,-63,auto,499.99,497.73,313,2.43,4.61,0.73,Normal
7/1/2021 5:04,P/A/2/1,50,53,9,9,664.21,0.92,-65.5,auto,499.99,497.73,313,2.43,4.61,0.73,Normal
7/1/2021 5:04,A/P/1/2,13,14,9,9,5.04,1.41,-62.5,auto,499.99,497.73,313,2.43,4.61,0.73,Normal
7/1/2021 5:04,A/P/1/2,13,14,9,9,2.54,2.33,-63,auto,499.99,497.73,313,3,6.37,0.82,Normal
7/1/2021 5:04,P/A/2/1,50,53,9,9,693.62,1.52,-66,auto,499.99,497.73,313,3,6.37,0.82,Normal
7/1/2021 5:04,A/P/1/2,13,14,9,9,0.03,2.38,-62.5,auto,496.39,494.13,218,3,6.37,0.82,Normal
7/1/2021 5:04,P/A/2/1,51,53,9,9,406.47,1.7,-64.5,auto,496.39,494.13,218,3,6.37,0.82,Normal
7/1/2021 5:04,P/A/2/1,51,53,9,9,609.24,1.98,-64.5,auto,496.39,494.13,218,3,6.37,0.82,Normal
7/1/2021 5:04,P/A/2/1,51,53,9,9,768.66,0.95,-65,auto,496.39,494.13,218,3,6.37,0.82,Normal
7/1/2021 5:04,A/P/1/2,14,14,9,10,5.01,4.55,-62.5,auto,496.39,494.13,218,3,6.37,0.82,Normal
7/1/2021 5:04,P/A/2/1,52,53,9,9,854.25,6.96,-65,auto,496.39,494.13,218,3,6.37,0.82,Normal
7/1/2021 5:04,A/P/1/2,14,14,9,9,3.92,0.89,-62.5,auto,496.39,494.13,218,3,6.37,0.82,Normal
7/1/2021 5:04,P/A/2/1,51,53,9,9,755.35,1.58,-64.5,auto,496.39,494.13,218,3,6.37,0.82,Normal
7/1/2021 5:04,A/P/1/2,14,14,9,9,5,1.44,-62.5,auto,496.39,494.13,218,3,6.37,0.82,Normal
7/1/2021 5:04,P/A/2/1,50,53,9,9,628.97,1.47,-66,auto,496.39,494.13,218,3,6.37,0.82,Normal
7/1/2021 5:04,A/P/1/2,14,14,9,9,4.82,2.6,-62.5,auto,496.39,494.13,218,3,6.37,0.82,Normal
7/1/2021 5:04,P/A/2/1,52,53,9,9,505.34,0.86,-64.5,auto,496.39,494.13,218,3,6.37,0.82,Normal
7/1/2021 5:04,A/P/1/2,13,14,9,9,1,2.39,-62.5,auto,496.39,494.13,218,3,6.37,0.82,Normal
7/1/2021 5:04,A/P/1/2,14,14,9,10,1.46,2.18,-62.5,auto,499.98,498.54,178,3,6.37,0.82,Normal
7/1/2021 5:04,P/A/2/1,52,53,9,9,797.71,1.12,-64.5,auto,499.98,498.54,178,3,6.37,0.82,Normal
7/1/2021 5:04,A/P/1/2,13,14,9,9,4.18,1.48,-63,auto,499.98,498.54,178,3,6.37,0.82,Normal
7/1/2021 5:04,P/A/2/1,50,53,9,9,832.21,1.25,-66,auto,499.98,498.54,178,3,6.37,0.82,Normal
7/1/2021 5:04,P/A/2/1,51,53,9,9,732.38,2.08,-64.5,auto,499.98,498.54,178,3,6.37,0.82,Normal
7/1/2021 5:04,A/P/1/2,13,14,9,9,4.26,0.16,-62.5,auto,499.98,498.54,178,3,6.37,0.82,Normal
7/1/2021 5:04,P/A/2/1,50,53,9,8,606.56,0.28,-66,auto,499.98,498.54,178,1.97,4.3,0.76,Normal
7/1/2021 5:04,A/P/1/2,13,14,9,9,4.35,0.37,-62.5,auto,499.98,498.54,178,1.97,4.3,0.76,Normal
7/1/2021 5:04,P/A/2/1,50,53,9,9,650.7,1.21,-65.5,auto,499.98,498.54,178,1.97,4.3,0.76,Normal
7/1/2021 5:04,A/P/1/2,14,14,9,9,3.37,2.57,-62.5,auto,499.98,498.54,178,1.97,4.3,0.76,Normal
7/1/2021 5:04,P/A/2/1,51,53,9,9,298.83,1.18,-65,auto,499.98,498.54,178,1.97,4.3,0.76,Normal
7/1/2021 5:04,A/P/1/2,13,14,9,9,1.01,1.75,-63,auto,499.98,498.54,178,1.97,4.3,0.76,Normal
7/1/2021 5:04,A/P/1/2,14,14,9,10,0.72,0.92,-62.5,auto,499.68,499.54,303,1.97,4.3,0.76,Normal
7/1/2021 5:04,P/A/2/1,50,53,9,9,836.31,1.53,-65.5,auto,499.68,499.54,303,1.97,4.3,0.76,Normal
7/1/2021 5:04,A/P/1/2,13,14,9,9,3.66,0.1,-63,auto,499.68,499.54,303,1.97,4.3,0.76,Normal
7/1/2021 5:04,P/A/2/1,50,53,9,9,755.02,1.43,-66,auto,499.68,499.54,303,1.97,4.3,0.76,Normal
7/1/2021 5:04,A/P/1/2,15,14,9,10,4.05,1.5,-62.5,auto,499.68,499.54,303,1.97,4.3,0.76,Normal
7/1/2021 5:04,A/P/1/2,13,14,9,9,4.43,3.49,-62.5,auto,499.68,499.54,303,1.97,4.3,0.76,Normal
7/1/2021 5:04,P/A/2/1,50,53,9,9,601.02,0.96,-66,auto,499.68,499.54,303,1.97,4.3,0.76,Normal
7/1/2021 5:04,P/A/2/1,50,53,9,9,734.09,0.96,-66,auto,499.68,499.54,303,1.97,4.3,0.76,Normal
7/1/2021 5:04,A/P/1/2,15,14,9,10,4.79,0.25,-62.5,auto,499.68,499.54,303,1.97,4.3,0.76,Normal
7/1/2021 5:04,P/A/2/1,51,53,9,9,302.92,0.88,-64.5,auto,499.68,499.54,303,1.97,4.3,0.76,Normal
7/1/2021 5:04,A/P/1/2,13,14,9,9,1.82,0.46,-62.5,auto,499.68,499.54,303,1.97,4.3,0.76,Normal
7/1/2021 5:04,P/A/2/1,50,53,9,9,607.49,1.07,-64.5,auto,489.58,481.69,149,1.97,4.3,0.76,Normal
7/1/2021 5:04,A/P/1/2,13,14,9,9,0.03,0.67,-63,auto,489.58,481.69,149,1.97,4.3,0.76,Normal
7/1/2021 5:04,P/A/2/1,51,53,9,9,704.1,0.57,-64.5,auto,489.58,481.69,149,3.84,10.66,0.66,Normal
7/1/2021 5:04,A/P/1/2,13,14,9,9,3.26,3.5,-64,auto,489.58,481.69,149,3.84,10.66,0.66,Normal
7/1/2021 5:04,P/A/2/1,50,53,9,9,800.72,0.94,-65.5,auto,489.58,481.69,149,3.84,10.66,0.66,Normal
7/1/2021 5:04,A/P/1/2,13,14,9,9,4.05,3,-63,auto,489.58,481.69,149,3.84,10.66,0.66,Normal
7/1/2021 5:04,P/A/2/1,50,53,9,9,794.14,0.84,-66,auto,489.58,481.69,149,3.84,10.66,0.66,Normal
7/1/2021 5:04,A/P/1/2,14,14,9,9,4.77,2.51,-62.5,auto,489.58,481.69,149,3.84,10.66,0.66,Normal
7/1/2021 5:04,A/P/1/2,13,14,9,9,4.47,0.29,-62.5,auto,489.58,481.69,149,3.84,10.66,0.66,Normal
7/1/2021 5:04,P/A/2/1,52,53,9,9,787.55,0.74,-64.5,auto,489.58,481.69,149,3.84,10.66,0.66,Normal
7/1/2021 5:04,P/A/2/1,50,53,9,9,438.5,1.03,-67,auto,489.58,481.69,149,3.84,10.66,0.66,Normal
7/1/2021 5:04,A/P/1/2,14,14,9,9,4.85,2.76,-62.5,auto,489.58,481.69,149,3.84,10.66,0.66,Normal
7/1/2021 5:04,A/P/1/2,13,14,9,9,3.51,2.09,-63,auto,489.58,485.62,454,3.84,10.66,0.66,Normal
7/1/2021 5:04,P/A/2/1,50,53,9,9,550.95,0.74,-66.5,auto,489.58,485.62,454,3.84,10.66,0.66,Normal
7/1/2021 5:04,A/P/1/2,15,14,9,9,2.18,0.28,-62.5,auto,489.58,485.62,454,3.84,10.66,0.66,Normal
7/1/2021 5:04,P/A/2/1,50,53,9,9,707.78,2.03,-66,auto,489.58,485.62,454,3.84,10.66,0.66,Normal
7/1/2021 5:04,A/P/1/2,13,14,8,9,2.43,1.73,-63,auto,489.58,485.62,454,3.84,10.66,0.66,Normal
7/1/2021 5:04,P/A/2/1,50,53,9,9,850.02,1.44,-66,auto,489.58,485.62,454,3.84,10.66,0.66,Normal
7/1/2021 5:04,A/P/1/2,13,14,8,9,3.34,9.96,-63,auto,489.58,485.62,454,3.84,10.66,0.66,Normal
7/1/2021 5:04,P/A/2/1,50,53,9,9,618.33,0.85,-66,auto,489.58,485.62,454,3.84,10.66,0.66,Normal
7/1/2021 5:04,P/A/2/1,51,53,9,9,706.58,0.55,-65,auto,489.58,485.62,454,3.84,10.66,0.66,Normal
7/1/2021 5:04,A/P/1/2,14,14,9,9,3.14,1.38,-62.5,auto,489.58,485.62,454,3.84,10.66,0.66,Normal
7/1/2021 5:04,A/P/1/2,13,14,9,9,1.34,0.45,-63,auto,489.58,485.62,454,3.84,10.66,0.66,Normal
7/1/2021 5:04,P/A/2/1,51,53,9,9,608.89,1.15,-64.5,auto,489.58,485.62,454,3.84,10.66,0.66,Normal
7/1/2021 5:04,P/A/2/1,51,53,9,9,325.32,0.96,-64.5,auto,498.66,497.98,50,3.84,10.66,0.66,Normal
7/1/2021 5:04,A/P/1/2,13,14,9,9,0.91,3.74,-62.5,auto,498.66,497.98,50,3.84,10.66,0.66,Normal
7/1/2021 5:04,P/A/2/1,51,53,9,9,560.23,3.26,-64.5,auto,498.66,497.98,50,3.84,10.66,0.66,Normal
7/1/2021 5:04,A/P/1/2,14,14,9,9,4.12,1.86,-62.5,auto,498.66,497.98,50,3.84,10.66,0.66,Normal
7/1/2021 5:04,P/A/2/1,50,53,9,9,795.13,0.48,-65.5,auto,498.66,497.98,50,3.84,10.66,0.66,Normal
7/1/2021 5:04,A/P/1/2,14,14,9,9,3.62,1.62,-62.5,auto,498.66,497.98,50,3.84,10.66,0.66,Normal
7/1/2021 5:04,P/A/2/1,52,53,9,9,628.19,1.38,-64.5,auto,498.66,497.98,50,3.84,10.66,0.66,Normal
7/1/2021 5:04,A/P/1/2,13,14,9,9,5.2,3.63,-62.5,auto,498.66,497.98,50,3.84,10.66,0.66,Normal
7/1/2021 5:04,P/A/2/1,51,53,9,9,726.01,0.91,-65,auto,498.66,497.98,50,3.84,10.66,0.66,Normal
7/1/2021 5:04,A/P/1/2,14,14,9,9,4.28,1.8,-62.5,auto,498.66,497.98,50,3.84,10.66,0.66,Normal
7/1/2021 5:04,P/A/2/1,50,53,10,9,783.08,0.47,-66,auto,498.66,497.98,50,3.84,10.66,0.66,Normal
7/1/2021 5:04,A/P/1/2,13,14,9,10,3.36,2.58,-62.5,auto,498.66,497.98,50,3.84,10.66,0.66,Normal
6/19/2021 6:12,P/A/2/1,51,53,6,3,285.79,0.22,-74.5,auto,499.91,498.2,149,1.25,3.15,0.37,Long-term blockage
6/19/2021 6:12,P/A/2/1,51,53,4,4,560.52,0.32,-74.5,auto,499.91,498.2,149,1.25,3.15,0.37,Long-term blockage
6/19/2021 6:12,A/P/1/2,15,16,4,6,4.8,0.22,-80,auto,499.91,498.2,149,1.25,3.15,0.37,Long-term blockage
6/19/2021 6:12,P/A/2/1,51,53,6,3,567.22,0.21,-75,auto,499.91,498.2,149,1.25,3.15,0.37,Long-term blockage
6/19/2021 6:12,A/P/1/2,15,16,4,7,3.57,0.22,-79.5,auto,499.91,498.2,149,1.25,3.15,0.37,Long-term blockage
6/19/2021 6:12,P/A/2/1,51,53,7,3,574.38,0.39,-74.5,auto,499.91,498.2,149,1.25,3.15,0.37,Long-term blockage
6/19/2021 6:12,A/P/1/2,15,16,3,6,3.44,0.53,-80,auto,499.91,498.2,149,1.25,3.15,0.37,Long-term blockage
6/19/2021 6:12,P/A/2/1,51,53,6,4,514.22,0.2,-75.25,auto,499.91,498.2,149,1.25,3.15,0.37,Long-term blockage
6/19/2021 6:12,A/P/1/2,14,16,4,6,2.06,0.12,-79.5,auto,499.91,498.2,149,1.25,3.15,0.37,Long-term blockage
6/19/2021 6:12,P/A/2/1,50,53,4,4,385.64,0.07,-76,auto,499.94,499.85,94,1.25,3.15,0.37,Long-term blockage
6/19/2021 6:12,A/P/1/2,15,16,4,8,2.13,0.85,-79.5,auto,499.94,499.85,94,1.25,3.15,0.37,Long-term blockage
6/19/2021 6:12,P/A/2/1,52,53,7,6,235.48,0.72,-74.5,auto,499.94,499.85,94,3.1,11.4,0.37,Long-term blockage
6/19/2021 6:12,A/P/1/2,13,16,3,6,4.09,16.98,-80.5,auto,499.94,499.85,94,3.1,11.4,0.37,Long-term blockage
6/19/2021 6:12,A/P/1/2,15,16,4,6,3.93,0.36,-79.5,auto,499.94,499.85,94,3.1,11.4,0.37,Long-term blockage
6/19/2021 6:12,P/A/2/1,50,53,6,3,559.08,0.49,-75.5,auto,499.94,499.85,94,3.1,11.4,0.37,Long-term blockage
6/19/2021 6:12,P/A/2/1,50,53,4,3,575.1,0.41,-75,auto,499.94,499.85,94,3.1,11.4,0.37,Long-term blockage
6/19/2021 6:12,A/P/1/2,14,16,3,7,4.07,0,-80,auto,499.94,499.85,94,3.1,11.4,0.37,Long-term blockage
6/19/2021 6:13,P/A/2/1,51,53,6,2,573.09,0.63,-74.5,auto,499.94,499.85,94,3.1,11.4,0.37,Long-term blockage
6/19/2021 6:13,A/P/1/2,15,16,4,6,4.33,0,-79.5,auto,499.94,499.85,94,3.1,11.4,0.37,Long-term blockage
6/19/2021 6:13,P/A/2/1,50,53,6,4,567.5,0.17,-75.5,auto,499.94,499.85,94,3.1,11.4,0.37,Long-term blockage
6/19/2021 6:13,A/P/1/2,14,16,4,7,2.55,0,-79.5,auto,499.94,499.85,94,3.1,11.4,0.37,Long-term blockage
6/19/2021 6:13,P/A/2/1,51,53,7,4,382.06,0.4,-75,auto,499.94,499.77,265,3.1,11.4,0.37,Long-term blockage
6/19/2021 6:13,A/P/1/2,14,16,4,7,3.52,0.87,-79.5,auto,499.94,499.77,265,3.1,11.4,0.37,Long-term blockage
6/19/2021 6:13,P/A/2/1,51,53,7,3,163.32,0.2,-74.5,auto,499.94,499.77,265,3.1,11.4,0.37,Long-term blockage
6/19/2021 6:13,A/P/1/2,15,16,4,7,4.48,1.23,-79.5,auto,499.94,499.77,265,3.1,11.4,0.37,Long-term blockage
6/19/2021 6:13,P/A/2/1,52,53,7,4,568.65,1.49,-74.5,auto,499.94,499.77,265,3.1,11.4,0.37,Long-term blockage
6/19/2021 6:13,A/P/1/2,15,16,6,7,4.07,0.06,-79,auto,499.94,499.77,265,3.1,11.4,0.37,Long-term blockage
6/19/2021 6:13,A/P/1/2,15,16,4,7,4.3,0.24,-79.5,auto,499.94,499.77,265,3.1,11.4,0.37,Long-term blockage
6/19/2021 6:13,P/A/2/1,52,53,8,4,572.54,1.19,-74.5,auto,499.94,499.77,265,3.1,11.4,0.37,Long-term blockage
6/19/2021 6:13,P/A/2/1,52,53,7,4,576.43,1.43,-74.5,auto,499.94,499.77,265,3.1,11.4,0.37,Long-term blockage
6/19/2021 6:13,A/P/1/2,14,16,3,7,3.97,1.7,-80,auto,499.94,499.77,265,3.1,11.4,0.37,Long-term blockage
6/19/2021 6:13,P/A/2/1,52,53,7,3,553.55,1.07,-74,auto,499.94,499.77,265,1.82,3.39,0.62,Long-term blockage
6/19/2021 6:13,A/P/1/2,14,16,4,6,2.77,0.25,-79,auto,499.94,499.77,265,1.82,3.39,0.62,Long-term blockage
6/19/2021 6:13,P/A/2/1,51,53,6,4,423,0.18,-75,auto,499.92,498.74,126,1.82,3.39,0.62,Long-term blockage
6/19/2021 6:13,P/A/2/1,51,53,6,4,488.56,0.11,-74.5,auto,499.92,498.74,126,1.82,3.39,0.62,Long-term blockage
6/19/2021 6:13,A/P/1/2,14,16,4,6,0.89,1.31,-79.67,auto,499.92,498.74,126,1.82,3.39,0.62,Long-term blockage
6/19/2021 6:13,P/A/2/1,51,53,6,3,554.12,0,-74.5,auto,499.92,498.74,126,1.82,3.39,0.62,Long-term blockage
6/19/2021 6:13,A/P/1/2,14,16,3,7,3.76,3.84,-80,auto,499.92,498.74,126,1.82,3.39,0.62,Long-term blockage
6/19/2021 6:13,A/P/1/2,15,16,3,7,3.71,0.64,-80,auto,499.92,498.74,126,1.82,3.39,0.62,Long-term blockage
6/19/2021 6:13,P/A/2/1,51,53,6,4,574.08,0.22,-74.5,auto,499.92,498.74,126,1.82,3.39,0.62,Long-term blockage
6/19/2021 6:13,A/P/1/2,15,16,4,7,4.24,1.14,-79.5,auto,499.92,498.74,126,1.82,3.39,0.62,Long-term blockage
6/19/2021 6:13,A/P/1/2,15,16,4,7,4.19,0.6,-79.5,auto,499.92,498.74,126,1.82,3.39,0.62,Long-term blockage
6/19/2021 6:13,P/A/2/1,51,53,7,4,564.69,0.15,-75,auto,499.92,498.74,126,1.82,3.39,0.62,Long-term blockage
6/19/2021 6:13,P/A/2/1,51,53,7,4,471.67,0.64,-75,auto,499.95,499.82,49,1.82,3.39,0.62,Long-term blockage
6/19/2021 6:13,A/P/1/2,15,16,4,7,3.34,0.67,-79,auto,499.95,499.82,49,1.82,3.39,0.62,Long-term blockage
6/19/2021 6:13,P/A/2/1,50,53,6,3,82.08,0.47,-75,auto,499.95,499.82,49,1.82,3.39,0.62,Long-term blockage
6/19/2021 6:13,A/P/1/2,14,16,3,4,0.82,0.74,-80,auto,499.95,499.82,49,1.82,3.39,0.62,Long-term blockage
6/19/2021 6:13,P/A/2/1,51,53,7,4,577.9,1.37,-74.5,auto,499.95,499.82,49,1.82,3.39,0.62,Long-term blockage
6/19/2021 6:13,A/P/1/2,15,16,4,7,4.76,0.81,-80,auto,499.95,499.82,49,1.82,3.39,0.62,Long-term blockage
6/19/2021 6:13,P/A/2/1,52,53,7,4,567.59,0.48,-74.5,auto,499.95,499.82,49,1.82,3.39,0.62,Long-term blockage
6/19/2021 6:13,A/P/1/2,14,16,4,7,4.95,1.1,-80,auto,499.95,499.82,49,1.82,3.39,0.62,Long-term blockage
6/19/2021 6:13,P/A/2/1,52,53,7,4,557.67,1.66,-74.5,auto,499.95,499.82,49,1.66,3.86,0.39,Long-term blockage
6/19/2021 6:13,A/P/1/2,15,16,4,7,4.92,1.4,-79.5,auto,499.95,499.82,49,1.66,3.86,0.39,Long-term blockage
6/19/2021 6:13,P/A/2/1,51,53,7,4,540.75,0.21,-75,auto,499.95,499.82,49,1.66,3.86,0.39,Long-term blockage
6/19/2021 6:13,A/P/1/2,15,16,4,7,4.87,0.32,-79.5,auto,499.95,499.82,49,1.66,3.86,0.39,Long-term blockage
6/19/2021 6:13,A/P/1/2,15,16,3,7,3.51,0.89,-79,auto,499.92,499.25,4,1.66,3.86,0.39,Long-term blockage
6/19/2021 6:13,P/A/2/1,51,53,7,3,523.84,0.26,-75,auto,499.92,499.25,4,1.66,3.86,0.39,Long-term blockage
6/19/2021 6:13,P/A/2/1,51,53,7,4,33.78,0.26,-75,auto,499.92,499.25,4,1.66,3.86,0.39,Long-term blockage
6/19/2021 6:13,A/P/1/2,15,16,3,7,0.33,1.15,-79.5,auto,499.92,499.25,4,1.66,3.86,0.39,Long-term blockage
6/19/2021 6:13,P/A/2/1,52,53,6,4,565.07,0.21,-74.5,auto,499.92,499.25,4,1.66,3.86,0.39,Long-term blockage
6/19/2021 6:13,A/P/1/2,15,16,4,8,4.12,0.59,-79.5,auto,499.92,499.25,4,1.66,3.86,0.39,Long-term blockage
6/19/2021 6:13,P/A/2/1,50,53,4,3,569.6,0.11,-75.5,auto,499.92,499.25,4,1.66,3.86,0.39,Long-term blockage
6/19/2021 6:13,A/P/1/2,15,16,4,8,4.2,0.16,-79,auto,499.92,499.25,4,1.66,3.86,0.39,Long-term blockage
6/19/2021 6:13,P/A/2/1,52,53,7,3,574.14,0.07,-74,auto,499.92,499.25,4,1.66,3.86,0.39,Long-term blockage
6/19/2021 6:13,P/A/2/1,52,53,7,3,568.61,0,-74.5,auto,499.92,499.25,4,1.66,3.86,0.39,Long-term blockage
6/19/2021 6:13,A/P/1/2,14,16,3,8,3.89,2.72,-80,auto,499.92,499.25,4,1.66,3.86,0.39,Long-term blockage
6/19/2021 6:13,P/A/2/1,51,53,7,4,49.14,0.17,-75,auto,499.91,498.17,25,1.66,3.86,0.39,Long-term blockage
6/19/2021 6:13,A/P/1/2,14,16,3,7,3.71,3.12,-80,auto,499.91,498.17,25,1.66,3.86,0.39,Long-term blockage
6/19/2021 6:13,P/A/2/1,52,53,7,4,491.53,0.74,-74.5,auto,499.91,498.17,25,1.66,3.86,0.39,Long-term blockage
6/19/2021 6:13,A/P/1/2,15,16,4,7,0.03,0.57,-79,auto,499.91,498.17,25,1.66,3.86,0.39,Long-term blockage
6/19/2021 6:13,A/P/1/2,14,16,4,7,4.13,0.19,-79.5,auto,499.91,498.17,25,2.66,5.23,0.62,Long-term blockage
6/19/2021 6:13,P/A/2/1,50,53,4,3,579.13,0.81,-75.5,auto,499.91,498.17,25,2.66,5.23,0.62,Long-term blockage
6/19/2021 6:13,P/A/2/1,52,53,6,4,570.52,0.88,-74.5,auto,499.91,498.17,25,2.66,5.23,0.62,Long-term blockage
6/19/2021 6:13,A/P/1/2,14,16,5,6,4.17,0.52,-80.5,auto,499.91,498.17,25,2.66,5.23,0.62,Long-term blockage
6/19/2021 6:13,P/A/2/1,51,53,6,6,573.2,0.72,-74.5,auto,499.91,498.17,25,2.66,5.23,0.62,Long-term blockage
6/19/2021 6:13,A/P/1/2,15,16,6,7,4.08,0.62,-79,auto,499.91,498.17,25,2.66,5.23,0.62,Long-term blockage
6/19/2021 6:13,P/A/2/1,51,53,6,4,547.76,0.43,-74.5,auto,499.91,498.17,25,2.66,5.23,0.62,Long-term blockage
6/19/2021 6:13,A/P/1/2,14,16,4,6,4.03,0.71,-80,auto,499.91,498.17,25,2.66,5.23,0.62,Long-term blockage
6/19/2021 6:13,P/A/2/1,51,53,7,4,96.34,0.42,-74,auto,499.99,499.77,119,2.66,5.23,0.62,Long-term blockage
6/19/2021 6:13,A/P/1/2,14,16,4,6,4.17,0.08,-79.5,auto,499.99,499.77,119,2.66,5.23,0.62,Long-term blockage
6/19/2021 6:13,P/A/2/1,52,53,7,4,462.53,0.77,-74.5,auto,499.99,499.77,119,2.66,5.23,0.62,Long-term blockage
6/19/2021 6:13,A/P/1/2,15,16,3,7,3.87,1.17,-79,auto,499.99,499.77,119,2.66,5.23,0.62,Long-term blockage
6/19/2021 6:13,P/A/2/1,51,53,6,3,494.48,0.42,-74.5,auto,499.99,499.77,119,2.66,5.23,0.62,Long-term blockage
6/19/2021 6:13,A/P/1/2,14,16,3,8,3.56,1.13,-79.5,auto,499.99,499.77,119,2.66,5.23,0.62,Long-term blockage
6/19/2021 6:13,A/P/1/2,15,16,3,6,3.33,3.41,-79,auto,499.99,499.77,119,2.66,5.23,0.62,Long-term blockage
6/19/2021 6:13,P/A/2/1,52,53,7,3,633.92,0.07,-74,auto,499.99,499.77,119,2.66,5.23,0.62,Long-term blockage
6/19/2021 6:13,P/A/2/1,52,53,7,4,572.08,1.86,-74,auto,499.99,499.77,119,2.66,5.23,0.62,Long-term blockage
6/19/2021 6:13,A/P/1/2,15,16,3,6,3.95,0.57,-79.5,auto,499.99,499.77,119,2.66,5.23,0.62,Long-term blockage
6/19/2021 6:13,P/A/2/1,52,53,7,4,568.78,1.15,-74,auto,499.99,499.77,119,2.66,5.23,0.62,Long-term blockage
6/19/2021 6:13,A/P/1/2,15,16,4,7,4.02,0.8,-80,auto,499.99,499.77,119,2.66,5.23,0.62,Long-term blockage
6/19/2021 6:13,P/A/2/1,51,53,7,4,132.64,0.77,-75,auto,499.95,499.84,103,2.11,3.58,1.02,Long-term blockage
6/19/2021 6:13,A/P/1/2,15,16,3,7,4.1,1.02,-80.5,auto,499.95,499.84,103,2.11,3.58,1.02,Long-term blockage
6/19/2021 6:13,P/A/2/1,52,53,7,4,417.26,0.38,-74.5,auto,499.95,499.84,103,2.11,3.58,1.02,Long-term blockage
6/19/2021 6:13,A/P/1/2,14,16,3,7,0.56,2.51,-79,auto,499.95,499.84,103,2.11,3.58,1.02,Long-term blockage
6/19/2021 6:13,P/A/2/1,51,53,7,4,577.11,0,-74.5,auto,499.95,499.84,103,2.11,3.58,1.02,Long-term blockage
6/19/2021 6:13,A/P/1/2,15,16,3,7,3.86,0.38,-79.5,auto,499.95,499.84,103,2.11,3.58,1.02,Long-term blockage
6/19/2021 6:13,P/A/2/1,51,53,6,4,569.07,0.63,-74.5,auto,499.95,499.84,103,2.11,3.58,1.02,Long-term blockage
6/19/2021 6:13,A/P/1/2,15,16,3,7,4.88,0.28,-80,auto,499.95,499.84,103,2.11,3.58,1.02,Long-term blockage
6/19/2021 6:13,A/P/1/2,15,16,3,7,4.8,3.38,-79,auto,499.95,499.84,103,2.11,3.58,1.02,Long-term blockage
6/19/2021 6:13,P/A/2/1,52,53,6,3,559.12,0.64,-74.5,auto,499.95,499.84,103,2.11,3.58,1.02,Long-term blockage
6/19/2021 6:13,P/A/2/1,52,53,7,3,547.7,0.46,-74.5,auto,499.95,499.84,103,2.11,3.58,1.02,Long-term blockage
6/19/2021 6:13,A/P/1/2,14,16,3,6,4.53,0,-80.5,auto,499.95,499.84,103,2.11,3.58,1.02,Long-term blockage
6/19/2021 6:13,P/A/2/1,51,53,6,2,552.17,0.28,-74.5,auto,499.95,499.84,103,2.11,3.58,1.02,Long-term blockage
6/19/2021 6:13,A/P/1/2,14,16,2,7,3.57,1.2,-80.5,auto,499.95,499.84,103,2.11,3.58,1.02,Long-term blockage
6/19/2021 6:13,A/P/1/2,15,16,2,6,0.61,1.5,-79,auto,495.71,491.44,98,2.11,3.58,1.02,Long-term blockage
6/19/2021 6:13,P/A/2/1,52,53,7,3,561.11,0.29,-74,auto,495.71,491.44,98,2.11,3.58,1.02,Long-term blockage
6/19/2021 6:13,A/P/1/2,14,16,3,7,3.4,0.58,-80.5,auto,495.71,491.44,98,2.11,3.58,1.02,Long-term blockage
6/19/2021 6:13,P/A/2/1,52,53,7,3,565.58,0.52,-74,auto,495.71,491.44,98,2.11,3.58,1.02,Long-term blockage
6/19/2021 6:13,A/P/1/2,14,16,3,7,4.12,2.93,-80.5,auto,495.71,491.44,98,2.11,3.58,1.02,Long-term blockage
6/19/2021 6:13,P/A/2/1,51,53,6,3,570.05,0.48,-74.5,auto,495.71,491.44,98,2.56,8.9,0.46,Long-term blockage
6/19/2021 6:13,A/P/1/2,15,16,4,7,4.05,0.27,-79.5,auto,495.71,491.44,98,2.56,8.9,0.46,Long-term blockage
6/19/2021 6:13,P/A/2/1,52,53,7,3,564.59,0.9,-74,auto,495.71,491.44,98,2.56,8.9,0.46,Long-term blockage
6/19/2021 6:13,A/P/1/2,15,16,4,7,3.99,0,-79.5,auto,495.71,491.44,98,2.56,8.9,0.46,Long-term blockage
6/19/2021 6:13,A/P/1/2,15,16,3,7,4.27,0.72,-80,auto,495.71,491.44,98,2.56,8.9,0.46,Long-term blockage
6/19/2021 6:13,P/A/2/1,51,53,7,4,241.95,0.81,-74.5,auto,495.71,491.44,98,2.56,8.9,0.46,Long-term blockage
6/19/2021 6:13,P/A/2/1,51,53,7,4,318.32,0.12,-74.5,auto,499.98,499.87,25,2.56,8.9,0.46,Long-term blockage
6/19/2021 6:13,A/P/1/2,15,16,4,7,1.32,1.36,-79,auto,499.98,499.87,25,2.56,8.9,0.46,Long-term blockage
6/19/2021 6:13,P/A/2/1,50,53,4,3,574.37,0.83,-75,auto,499.98,499.87,25,2.56,8.9,0.46,Long-term blockage
6/19/2021 6:13,A/P/1/2,15,16,6,7,2.62,0.39,-79.5,auto,499.98,499.87,25,2.56,8.9,0.46,Long-term blockage
6/19/2021 6:13,P/A/2/1,51,53,7,4,505.59,1.26,-74.5,auto,499.98,499.87,25,2.56,8.9,0.46,Long-term blockage
6/19/2021 6:13,A/P/1/2,15,16,3,4,4.22,0,-79.5,auto,499.98,499.87,25,2.56,8.9,0.46,Long-term blockage
6/19/2021 6:13,P/A/2/1,52,53,7,4,574.08,0.16,-74,auto,499.98,499.87,25,2.56,8.9,0.46,Long-term blockage
6/19/2021 6:13,A/P/1/2,14,16,4,6,3.58,0.86,-79.5,auto,499.98,499.87,25,2.56,8.9,0.46,Long-term blockage
6/19/2021 6:13,P/A/2/1,50,53,6,4,607.36,0.26,-75.5,auto,499.98,499.87,25,2.56,8.9,0.46,Long-term blockage
6/19/2021 6:13,A/P/1/2,15,16,4,7,3.86,0.91,-79.5,auto,499.98,499.87,25,2.56,8.9,0.46,Long-term blockage
6/19/2021 6:13,P/A/2/1,51,53,6,4,293.51,0.64,-74.5,auto,499.98,499.87,25,2.56,8.9,0.46,Long-term blockage
6/19/2021 6:13,A/P/1/2,15,16,4,6,1.68,0.09,-79.5,auto,499.96,499.86,116,2.56,8.9,0.46,Long-term blockage
6/19/2021 6:13,P/A/2/1,52,53,7,3,390.32,1.09,-74.5,auto,499.96,499.86,116,2.56,8.9,0.46,Long-term blockage
6/19/2021 6:13,P/A/2/1,51,53,7,3,487.14,0.37,-74.5,auto,499.96,499.86,116,3.42,21.66,0.51,Long-term blockage
6/19/2021 6:13,A/P/1/2,14,16,3,8,2.48,0.74,-80.5,auto,499.96,499.86,116,3.42,21.66,0.51,Long-term blockage
6/19/2021 6:13,P/A/2/1,51,53,6,6,583.95,0.32,-74.5,auto,499.96,499.86,116,3.42,21.66,0.51,Long-term blockage
6/19/2021 6:13,A/P/1/2,14,16,6,6,4.89,0.32,-80,auto,499.96,499.86,116,3.42,21.66,0.51,Long-term blockage
6/19/2021 6:14,P/A/2/1,52,53,7,4,546.75,0.45,-74.5,auto,499.96,499.86,116,3.42,21.66,0.51,Long-term blockage
6/19/2021 6:14,A/P/1/2,14,16,4,6,4.15,0.16,-80,auto,499.96,499.86,116,3.42,21.66,0.51,Long-term blockage
6/19/2021 6:14,P/A/2/1,51,53,6,6,532.21,1.38,-74.5,auto,499.96,499.86,116,3.42,21.66,0.51,Long-term blockage
6/19/2021 6:14,A/P/1/2,14,16,3,7,4.47,1.32,-79.5,auto,499.96,499.86,116,3.42,21.66,0.51,Long-term blockage
6/19/2021 6:14,P/A/2/1,51,53,6,4,342.43,0.84,-74.5,auto,499.96,499.86,116,3.42,21.66,0.51,Long-term blockage
6/19/2021 6:14,A/P/1/2,14,16,4,6,3.83,4.89,-80.5,auto,499.96,499.86,116,3.42,21.66,0.51,Long-term blockage
6/19/2021 6:14,P/A/2/1,51,53,6,3,218.16,0.15,-74.5,auto,493.93,492.24,67,3.42,21.66,0.51,Long-term blockage
6/19/2021 6:14,A/P/1/2,15,16,4,6,2.76,2.21,-79.5,auto,493.93,492.24,67,3.42,21.66,0.51,Long-term blockage
6/19/2021 6:14,A/P/1/2,14,16,4,7,1.68,5.78,-80.5,auto,493.93,492.24,67,3.42,21.66,0.51,Long-term blockage
6/19/2021 6:14,P/A/2/1,52,53,7,3,541.6,1.07,-73.5,auto,493.93,492.24,67,3.42,21.66,0.51,Long-term blockage
6/19/2021 6:14,P/A/2/1,51,53,7,3,466.16,0.25,-74.5,auto,493.93,492.24,67,3.42,21.66,0.51,Long-term blockage
6/19/2021 6:14,A/P/1/2,14,16,3,7,3.75,0,-80.5,auto,493.93,492.24,67,3.42,21.66,0.51,Long-term blockage
6/19/2021 6:14,P/A/2/1,51,53,7,3,501.48,1,-74.5,auto,493.93,492.24,67,3.42,21.66,0.51,Long-term blockage
6/19/2021 6:14,A/P/1/2,14,16,3,7,3.36,2.96,-80,auto,493.93,492.24,67,3.42,21.66,0.51,Long-term blockage
6/19/2021 6:14,P/A/2/1,51,53,7,3,634.79,0,-74.5,auto,493.93,492.24,67,3.42,21.66,0.51,Long-term blockage
6/19/2021 6:14,A/P/1/2,15,16,3,8,2.97,1.9,-80.5,auto,493.93,492.24,67,3.42,21.66,0.51,Long-term blockage
6/19/2021 6:14,P/A/2/1,52,53,7,4,462.54,0.12,-74.5,auto,493.93,492.24,67,2.46,4.84,0.4,Long-term blockage
6/19/2021 6:14,A/P/1/2,15,16,3,6,3.72,2.41,-80,auto,493.93,492.24,67,2.46,4.84,0.4,Long-term blockage
6/19/2021 6:14,P/A/2/1,52,53,8,4,145.09,0.17,-74,auto,493.95,487.38,318,2.46,4.84,0.4,Long-term blockage
6/19/2021 6:14,A/P/1/2,15,16,3,7,2.57,2.92,-79,auto,493.95,487.38,318,2.46,4.84,0.4,Long-term blockage
6/19/2021 6:14,A/P/1/2,15,16,3,7,1.42,1.4,-79.5,auto,493.95,487.38,318,2.46,4.84,0.4,Long-term blockage
6/19/2021 6:14,P/A/2/1,52,53,8,4,582.91,1.62,-74,auto,493.95,487.38,318,2.46,4.84,0.4,Long-term blockage
6/19/2021 6:14,A/P/1/2,15,16,3,7,4.6,0.75,-79.5,auto,493.95,487.38,318,2.46,4.84,0.4,Long-term blockage
6/19/2021 6:14,A/P/1/2,14,16,4,6,4.12,4.53,-80.5,auto,493.95,487.38,318,2.46,4.84,0.4,Long-term blockage
6/19/2021 6:14,P/A/2/1,51,53,7,3,539.42,1.12,-74.5,auto,493.95,487.38,318,2.46,4.84,0.4,Long-term blockage
6/19/2021 6:14,P/A/2/1,51,53,8,3,534.54,0.2,-74.5,auto,493.95,487.38,318,2.46,4.84,0.4,Long-term blockage
6/19/2021 6:14,A/P/1/2,14,16,3,7,3.15,1.03,-80.5,auto,493.95,487.38,318,2.46,4.84,0.4,Long-term blockage
6/19/2021 6:14,P/A/2/1,51,53,6,3,619.16,0.36,-74.5,auto,493.95,487.38,318,2.46,4.84,0.4,Long-term blockage
6/19/2021 6:14,A/P/1/2,14,16,3,6,3.71,0.84,-80.5,auto,493.95,487.38,318,2.46,4.84,0.4,Long-term blockage
6/19/2021 6:14,P/A/2/1,51,53,7,3,454,0.35,-74.5,auto,499.98,499.78,215,2.46,4.84,0.4,Long-term blockage
6/19/2021 6:14,A/P/1/2,15,16,3,7,2.69,1.05,-79,auto,499.98,499.78,215,2.46,4.84,0.4,Long-term blockage
6/19/2021 6:14,P/A/2/1,52,53,7,4,99.06,0.45,-74,auto,499.98,499.78,215,2.46,4.84,0.4,Long-term blockage
6/19/2021 6:14,A/P/1/2,15,16,3,7,0.96,1.12,-79.5,auto,499.98,499.78,215,2.46,4.84,0.4,Long-term blockage
6/19/2021 6:14,P/A/2/1,52,53,7,6,570.41,0.7,-74,auto,499.98,499.78,215,2.46,4.84,0.4,Long-term blockage
6/19/2021 6:14,A/P/1/2,14,16,4,7,4.2,1.34,-80,auto,499.98,499.78,215,2.46,4.84,0.4,Long-term blockage
6/19/2021 6:14,A/P/1/2,15,16,4,7,4.59,0.6,-79,auto,499.98,499.78,215,19.78,167.18,0.43,Long-term blockage
6/19/2021 6:14,P/A/2/1,51,53,6,6,576.15,1.76,-74.5,auto,499.98,499.78,215,19.78,167.18,0.43,Long-term blockage
6/19/2021 6:14,A/P/1/2,15,16,3,6,4.11,0.99,-79,auto,499.98,499.78,215,19.78,167.18,0.43,Long-term blockage
6/19/2021 6:14,A/P/1/2,15,16,3,7,4.42,1.38,-80,auto,499.98,499.78,215,19.78,167.18,0.43,Long-term blockage
6/19/2021 6:14,P/A/2/1,51,53,7,3,570.54,0.42,-74.5,auto,499.98,499.78,215,19.78,167.18,0.43,Long-term blockage
6/19/2021 6:14,P/A/2/1,52,53,7,4,520.42,0.67,-74.5,auto,499.89,499.85,65,19.78,167.18,0.43,Long-term blockage
6/19/2021 6:14,A/P/1/2,15,16,4,7,3.32,0.56,-79,auto,499.89,499.85,65,19.78,167.18,0.43,Long-term blockage
6/19/2021 6:14,P/A/2/1,52,53,7,4,30.52,0.69,-74,auto,499.89,499.85,65,19.78,167.18,0.43,Long-term blockage
6/19/2021 6:14,A/P/1/2,15,16,4,7,0.48,1.02,-79,auto,499.89,499.85,65,19.78,167.18,0.43,Long-term blockage
6/19/2021 6:14,P/A/2/1,52,53,7,6,306.07,0.38,-74.5,auto,499.89,499.85,65,19.78,167.18,0.43,Long-term blockage
6/19/2021 6:14,A/P/1/2,14,16,3,7,4.43,0.08,-80.5,auto,499.89,499.85,65,19.78,167.18,0.43,Long-term blockage
6/19/2021 6:14,P/A/2/1,52,53,7,4,581.62,1.06,-74,auto,499.89,499.85,65,19.78,167.18,0.43,Long-term blockage
6/19/2021 6:14,A/P/1/2,15,16,6,7,4.37,0.6,-79,auto,499.89,499.85,65,19.78,167.18,0.43,Long-term blockage
6/19/2021 6:14,P/A/2/1,52,53,7,2,571.42,1.92,-74,auto,499.89,499.85,65,19.78,167.18,0.43,Long-term blockage
6/19/2021 6:14,A/P/1/2,15,16,3,7,4.06,1.87,-80,auto,499.89,499.85,65,19.78,167.18,0.43,Long-term blockage
6/19/2021 6:14,A/P/1/2,15,16,4,7,3.76,1.35,-79.5,auto,499.89,499.85,65,19.78,167.18,0.43,Long-term blockage
6/19/2021 6:14,P/A/2/1,52,53,7,4,558.2,0.33,-74,auto,499.89,499.85,65,19.78,167.18,0.43,Long-term blockage
6/19/2021 6:14,P/A/2/1,52,53,7,4,559.54,0.87,-74,auto,499.89,499.84,61,19.78,167.18,0.43,Long-term blockage
6/19/2021 6:14,A/P/1/2,15,16,4,7,3.54,0.83,-79,auto,499.89,499.84,61,19.78,167.18,0.43,Long-term blockage
6/19/2021 6:14,P/A/2/1,51,53,7,4,51.39,1.08,-74.5,auto,499.89,499.84,61,19.78,167.18,0.43,Long-term blockage
6/19/2021 6:14,P/A/2/1,52,53,7,3,511.39,1.28,-74,auto,499.89,499.84,61,1.8,2.94,0.41,Long-term blockage
6/19/2021 6:14,A/P/1/2,14,16,4,7,3.71,1.04,-80,auto,499.89,499.84,61,1.8,2.94,0.41,Long-term blockage
6/19/2021 6:14,P/A/2/1,52,53,7,4,581.29,0.12,-74,auto,499.89,499.84,61,1.8,2.94,0.41,Long-term blockage
6/19/2021 6:14,A/P/1/2,15,16,4,8,4.31,3.02,-80,auto,499.89,499.84,61,1.8,2.94,0.41,Long-term blockage
6/19/2021 6:14,P/A/2/1,52,53,7,3,565.13,0.15,-74,auto,499.89,499.84,61,1.8,2.94,0.41,Long-term blockage
6/19/2021 6:14,A/P/1/2,14,16,4,9,3.87,3.03,-80.5,auto,499.89,499.84,61,1.8,2.94,0.41,Long-term blockage
6/19/2021 6:14,P/A/2/1,52,53,6,3,566.15,0.17,-74.5,auto,499.89,499.84,61,1.8,2.94,0.41,Long-term blockage
6/19/2021 6:14,A/P/1/2,15,16,4,7,4.32,0.24,-79.5,auto,499.89,499.84,61,1.8,2.94,0.41,Long-term blockage
6/19/2021 6:14,P/A/2/1,51,53,6,3,565.31,0,-74.5,auto,499.92,499.86,75,1.8,2.94,0.41,Long-term blockage
6/19/2021 6:14,A/P/1/2,15,16,4,7,4.11,0.4,-79.25,auto,499.92,499.86,75,1.8,2.94,0.41,Long-term blockage
6/19/2021 6:14,A/P/1/2,15,16,4,8,0.04,0.45,-79,auto,499.92,499.86,75,1.8,2.94,0.41,Long-term blockage
6/19/2021 6:14,P/A/2/1,52,53,8,3,86.35,0.26,-74.75,auto,499.92,499.86,75,1.8,2.94,0.41,Long-term blockage
6/19/2021 6:14,P/A/2/1,51,53,7,3,426.65,0.26,-75,auto,499.92,499.86,75,1.8,2.94,0.41,Long-term blockage
6/19/2021 6:14,A/P/1/2,15,16,3,7,3.45,9.52,-80,auto,499.92,499.86,75,1.8,2.94,0.41,Long-term blockage
6/19/2021 6:14,P/A/2/1,52,53,7,4,618.28,0,-74,auto,499.92,499.86,75,1.8,2.94,0.41,Long-term blockage
6/19/2021 6:14,A/P/1/2,15,16,3,7,3.98,0.26,-79.5,auto,499.92,499.86,75,1.8,2.94,0.41,Long-term blockage
6/19/2021 6:14,P/A/2/1,52,53,7,3,566.76,1.5,-74,auto,499.92,499.86,75,1.8,2.94,0.41,Long-term blockage
6/19/2021 6:14,A/P/1/2,14,16,3,7,4.08,0,-80,auto,499.92,499.86,75,1.8,2.94,0.41,Long-term blockage
6/19/2021 6:14,P/A/2/1,51,53,6,3,577.14,0.46,-74.5,auto,499.92,499.86,75,1.8,2.94,0.41,Long-term blockage
6/19/2021 6:14,A/P/1/2,14,16,3,7,3.95,3.37,-80,auto,499.92,499.86,75,1.8,2.94,0.41,Long-term blockage
6/19/2021 6:14,P/A/2/1,51,53,6,6,549.84,0,-75,auto,498.5,496.43,145,1.91,4.12,0.56,Long-term blockage
6/19/2021 6:14,A/P/1/2,15,16,4,7,3.82,0.89,-80,auto,498.5,496.43,145,1.91,4.12,0.56,Long-term blockage
6/19/2021 6:14,P/A/2/1,51,53,7,4,126.33,0.08,-74.5,auto,498.5,496.43,145,1.91,4.12,0.56,Long-term blockage
6/19/2021 6:14,A/P/1/2,14,16,3,7,0.27,1.94,-79.5,auto,498.5,496.43,145,1.91,4.12,0.56,Long-term blockage
6/19/2021 6:14,A/P/1/2,14,16,3,6,3.47,8.16,-80,auto,498.5,496.43,145,1.91,4.12,0.56,Long-term blockage
6/19/2021 6:14,P/A/2/1,51,53,7,2,427.95,0.74,-74.5,auto,498.5,496.43,145,1.91,4.12,0.56,Long-term blockage
6/19/2021 6:14,P/A/2/1,51,53,7,4,571.16,0.07,-74.5,auto,498.5,496.43,145,1.91,4.12,0.56,Long-term blockage
6/19/2021 6:14,A/P/1/2,14,16,3,7,3.61,1.93,-80.5,auto,498.5,496.43,145,1.91,4.12,0.56,Long-term blockage
6/19/2021 6:14,P/A/2/1,50,53,7,4,599.7,0.46,-75,auto,498.5,496.43,145,1.91,4.12,0.56,Long-term blockage
6/19/2021 6:14,A/P/1/2,15,16,6,4,3.08,0.63,-79.5,auto,498.5,496.43,145,1.91,4.12,0.56,Long-term blockage
6/19/2021 6:14,P/A/2/1,52,53,8,4,628.25,0,-74,auto,498.5,496.43,145,1.91,4.12,0.56,Long-term blockage
6/19/2021 6:14,A/P/1/2,15,16,4,6,3.8,0.37,-79,auto,498.5,496.43,145,1.91,4.12,0.56,Long-term blockage
6/19/2021 6:14,P/A/2/1,51,53,6,4,578.98,0,-75,auto,498.5,496.43,145,1.91,4.12,0.56,Long-term blockage
6/19/2021 6:14,A/P/1/2,15,16,4,7,2.26,0.37,-79.5,auto,498.5,496.43,145,1.91,4.12,0.56,Long-term blockage
6/19/2021 6:14,P/A/2/1,51,53,7,4,178.59,1.47,-74.5,auto,498.5,496.43,145,1.91,4.12,0.56,Long-term blockage
6/19/2021 6:14,A/P/1/2,15,16,4,7,0.72,0.69,-78.5,auto,498.5,496.43,145,1.91,4.12,0.56,Long-term blockage
6/19/2021 6:14,P/A/2/1,52,53,7,3,374.91,2.94,-74,auto,498.5,496.43,145,1.91,4.12,0.56,Long-term blockage
6/19/2021 6:14,A/P/1/2,15,16,4,7,2.99,1.86,-79.5,auto,498.5,496.43,145,1.91,4.12,0.56,Long-term blockage
6/19/2021 6:14,P/A/2/1,51,53,7,3,574.94,0.67,-74.5,auto,498.5,496.43,145,1.91,4.12,0.56,Long-term blockage
6/19/2021 6:14,A/P/1/2,15,16,4,7,4.36,0.84,-79,auto,498.5,496.43,145,1.91,4.12,0.56,Long-term blockage
6/19/2021 6:14,P/A/2/1,51,53,7,4,574.94,0.23,-74.5,auto,498.5,496.43,145,1.91,4.12,0.56,Long-term blockage
6/19/2021 6:14,A/P/1/2,15,16,4,7,4.64,0.06,-79.5,auto,498.5,496.43,145,1.91,4.12,0.56,Long-term blockage
7/7/2021 18:08,P/A/2/1,51,53,9,9,211.36,1.07,-64.5,auto,499.92,499.81,12,14.71,67.13,0.46,Short-term blockage
7/7/2021 18:08,A/P/1/2,14,16,9,9,0.95,0.4,-65,auto,499.92,499.81,12,14.71,67.13,0.46,Short-term blockage
7/7/2021 18:08,P/A/2/1,50,53,9,9,620.33,0.96,-63.5,auto,499.92,499.81,12,14.71,67.13,0.46,Short-term blockage
7/7/2021 18:08,A/P/1/2,13,16,9,9,2.55,0.17,-65,auto,499.92,499.81,12,14.71,67.13,0.46,Short-term blockage
7/7/2021 18:08,P/A/2/1,49,55,2,2,628.55,2.86,-77.5,auto,499.92,499.81,12,14.71,67.13,0.46,Short-term blockage
7/7/2021 18:08,A/P/1/2,14,15,2,2,2.22,0,-79.5,auto,499.92,499.81,12,14.71,67.13,0.46,Short-term blockage
7/7/2021 18:08,P/A/2/1,49,53,3,9,636.76,2.85,-77.5,auto,499.92,499.81,12,14.71,67.13,0.46,Short-term blockage
7/7/2021 18:08,A/P/1/2,14,16,9,4,2.8,16.94,-70.5,auto,499.92,499.81,12,14.71,67.13,0.46,Short-term blockage
7/7/2021 18:08,P/A/2/1,50,53,7,8,385.18,5.75,-75.5,auto,499.92,499.81,12,14.71,67.13,0.46,Short-term blockage
7/7/2021 18:08,A/P/1/2,16,15,8,8,1.66,0,-71,auto,499.92,499.81,12,14.71,67.13,0.46,Short-term blockage
7/7/2021 18:08,A/P/1/2,13,15,9,9,3.08,6.66,-69.75,auto,499.99,498.51,158,9.62,52.7,0.71,Short-term blockage
7/7/2021 18:08,A/P/1/2,14,16,9,9,1.07,6.12,-68.5,auto,499.99,498.51,158,9.62,52.7,0.71,Short-term blockage
7/7/2021 18:08,P/A/2/1,50,53,9,9,560.83,0.15,-69.5,auto,499.99,498.51,158,9.62,52.7,0.71,Short-term blockage
7/7/2021 18:08,P/A/2/1,50,53,8,8,408.88,0.26,-74,auto,499.99,498.51,158,9.62,52.7,0.71,Short-term blockage
7/7/2021 18:08,A/P/1/2,15,17,9,8,1.14,5.59,-72.5,auto,499.99,498.51,158,9.62,52.7,0.71,Short-term blockage
7/7/2021 18:08,P/A/2/1,50,53,3,10,617.6,2.46,-77,auto,499.99,498.51,158,9.62,52.7,0.71,Short-term blockage
7/7/2021 18:08,A/P/1/2,15,15,9,8,2.67,1.31,-73.5,auto,499.99,498.51,158,9.62,52.7,0.71,Short-term blockage
7/7/2021 18:08,P/A/2/1,50,53,8,9,737.27,0,-70.5,auto,499.99,498.51,158,9.62,52.7,0.71,Short-term blockage
7/7/2021 18:08,A/P/1/2,15,16,10,7,4.01,8.51,-70,auto,499.99,498.51,158,9.62,52.7,0.71,Short-term blockage
7/7/2021 18:08,P/A/2/1,51,53,9,9,627.58,1.64,-68,auto,499.99,498.51,158,9.62,52.7,0.71,Short-term blockage
7/7/2021 18:08,A/P/1/2,15,16,9,9,4.31,4.02,-67.5,auto,499.99,498.51,158,9.62,52.7,0.71,Short-term blockage
7/7/2021 18:08,A/P/1/2,15,16,8,9,4.2,4.88,-64,auto,499.96,499.87,23,9.62,52.7,0.71,Short-term blockage
7/7/2021 18:08,P/A/2/1,50,55,10,9,408.2,0.49,-66,auto,499.96,499.87,23,9.62,52.7,0.71,Short-term blockage
7/7/2021 18:08,A/P/1/2,14,16,9,10,1.56,3.51,-63.5,auto,499.96,499.87,23,9.62,52.7,0.71,Short-term blockage
7/7/2021 18:08,P/A/2/1,50,52,9,9,424.7,0.73,-64,auto,499.96,499.87,23,9.62,52.7,0.71,Short-term blockage
7/7/2021 18:08,A/P/1/2,16,16,9,9,1.92,3.29,-63,auto,499.96,499.87,23,9.62,52.7,0.71,Short-term blockage
7/7/2021 18:08,A/P/1/2,15,16,9,9,3.76,0.24,-63.5,auto,499.96,499.87,23,9.62,52.7,0.71,Short-term blockage
7/7/2021 18:08,P/A/2/1,50,52,9,9,819.12,0.62,-63.5,auto,499.96,499.87,23,9.62,52.7,0.71,Short-term blockage
7/7/2021 18:08,P/A/2/1,52,52,9,9,782.9,0.47,-64.5,auto,499.96,499.87,23,1.73,3.78,0.46,Short-term blockage
7/7/2021 18:08,A/P/1/2,16,15,9,9,3.62,2.27,-64,auto,499.96,499.87,23,1.73,3.78,0.46,Short-term blockage
7/7/2021 18:08,P/A/2/1,52,53,9,9,751.14,1.6,-63.5,auto,499.96,499.87,23,1.73,3.78,0.46,Short-term blockage
7/7/2021 18:08,A/P/1/2,14,15,9,9,4.04,4.2,-63,auto,499.96,499.87,23,1.73,3.78,0.46,Short-term blockage
7/7/2021 18:08,P/A/2/1,51,53,9,9,614.55,0.56,-62.5,auto,323.46,319.25,925,1.73,3.78,0.46,Short-term blockage
7/7/2021 18:08,A/P/1/2,13,15,9,10,3.64,0.39,-63.5,auto,323.46,319.25,925,1.73,3.78,0.46,Short-term blockage
7/7/2021 18:08,P/A/2/1,50,52,9,9,477.96,2.04,-65,auto,323.46,319.25,925,1.73,3.78,0.46,Short-term blockage
7/7/2021 18:08,A/P/1/2,13,16,9,9,2.06,1.96,-62.5,auto,323.46,319.25,925,1.73,3.78,0.46,Short-term blockage
7/7/2021 18:08,P/A/2/1,51,53,9,9,349.6,1.87,-62.5,auto,323.46,319.25,925,1.73,3.78,0.46,Short-term blockage
7/7/2021 18:08,P/A/2/1,52,53,9,10,732.57,0.28,-64.5,auto,323.46,319.25,925,1.73,3.78,0.46,Short-term blockage
7/7/2021 18:08,A/P/1/2,15,16,9,9,3.68,1.84,-64.17,auto,323.46,319.25,925,1.73,3.78,0.46,Short-term blockage
7/7/2021 18:08,A/P/1/2,15,15,9,9,3.64,3.42,-65,auto,323.46,319.25,925,1.73,3.78,0.46,Short-term blockage
7/7/2021 18:08,P/A/2/1,50,53,9,9,754.93,0.84,-65,auto,323.46,319.25,925,1.73,3.78,0.46,Short-term blockage
7/7/2021 18:08,P/A/2/1,50,52,9,9,698,1.11,-65,auto,323.46,319.25,925,1.73,3.78,0.46,Short-term blockage
7/7/2021 18:08,A/P/1/2,13,15,9,9,3.66,3.3,-65,auto,323.46,319.25,925,1.73,3.78,0.46,Short-term blockage
7/7/2021 18:08,P/A/2/1,50,52,9,9,775.92,0.81,-65,auto,323.46,319.25,925,1.73,3.78,0.46,Short-term blockage
7/7/2021 18:08,A/P/1/2,14,15,9,10,4.06,0.31,-64,auto,323.46,319.25,925,1.73,3.78,0.46,Short-term blockage
7/7/2021 18:08,P/A/2/1,52,52,9,9,516.3,0.67,-65.5,auto,425.08,416.5,188,1.73,3.78,0.46,Short-term blockage
7/7/2021 18:08,A/P/1/2,15,15,9,9,2.54,1.8,-65,auto,425.08,416.5,188,1.73,3.78,0.46,Short-term blockage
7/7/2021 18:08,P/A/2/1,51,52,9,10,256.69,0.65,-64.5,auto,425.08,416.5,188,1.73,3.78,0.46,Short-term blockage
7/7/2021 18:08,A/P/1/2,16,15,9,9,0.87,0,-65,auto,425.08,416.5,188,1.73,3.78,0.46,Short-term blockage
7/7/2021 18:08,P/A/2/1,51,52,9,9,796.25,1.35,-66,auto,425.08,416.5,188,2.54,9.64,0.48,Short-term blockage
7/7/2021 18:08,A/P/1/2,14,15,9,9,4.76,2.36,-65.5,auto,425.08,416.5,188,2.54,9.64,0.48,Short-term blockage
7/7/2021 18:08,P/A/2/1,50,52,9,9,774.46,0.58,-66,auto,425.08,416.5,188,2.54,9.64,0.48,Short-term blockage
7/7/2021 18:08,A/P/1/2,14,15,9,9,5.29,0.18,-64,auto,425.08,416.5,188,2.54,9.64,0.48,Short-term blockage
7/7/2021 18:08,P/A/2/1,50,52,9,9,782.26,0.5,-66,auto,425.08,416.5,188,2.54,9.64,0.48,Short-term blockage
7/7/2021 18:08,A/P/1/2,15,15,9,9,4.42,2.07,-64.5,auto,425.08,416.5,188,2.54,9.64,0.48,Short-term blockage
7/7/2021 18:08,A/P/1/2,13,15,9,10,3.81,0.06,-64,auto,425.08,416.5,188,2.54,9.64,0.48,Short-term blockage
7/7/2021 18:08,P/A/2/1,50,52,9,9,721.63,0.43,-66,auto,425.08,416.5,188,2.54,9.64,0.48,Short-term blockage
7/7/2021 18:08,P/A/2/1,51,52,9,8,615,0,-63,auto,499.91,499.53,3,2.54,9.64,0.48,Short-term blockage
7/7/2021 18:08,A/P/1/2,15,15,8,9,3.36,3.89,-62.5,auto,499.91,499.53,3,2.54,9.64,0.48,Short-term blockage
7/7/2021 18:08,P/A/2/1,52,52,9,9,179.12,0,-63.5,auto,499.91,499.53,3,2.54,9.64,0.48,Short-term blockage
7/7/2021 18:08,A/P/1/2,14,15,9,10,0.4,0.52,-64.5,auto,499.91,499.53,3,2.54,9.64,0.48,Short-term blockage
7/7/2021 18:08,P/A/2/1,51,52,9,9,779.65,0.73,-64.5,auto,499.91,499.53,3,2.54,9.64,0.48,Short-term blockage
7/7/2021 18:08,A/P/1/2,14,15,9,9,3.01,0,-64.25,auto,499.91,499.53,3,2.54,9.64,0.48,Short-term blockage
7/7/2021 18:08,P/A/2/1,50,52,9,9,836.02,1.13,-65,auto,499.91,499.53,3,2.54,9.64,0.48,Short-term blockage
7/7/2021 18:08,A/P/1/2,15,15,9,9,2.88,1.55,-64,auto,499.91,499.53,3,2.54,9.64,0.48,Short-term blockage
7/7/2021 18:08,P/A/2/1,51,52,9,9,823.38,0.92,-64.5,auto,499.91,499.53,3,2.54,9.64,0.48,Short-term blockage
7/7/2021 18:08,A/P/1/2,13,15,9,9,2.78,2.56,-65,auto,499.91,499.53,3,2.54,9.64,0.48,Short-term blockage
7/7/2021 18:08,P/A/2/1,50,52,9,9,832.14,0.84,-65,auto,499.91,499.53,3,2.54,9.64,0.48,Short-term blockage
7/7/2021 18:08,A/P/1/2,15,15,9,9,2.83,0.3,-64,auto,499.91,499.53,3,2.54,9.64,0.48,Short-term blockage
7/7/2021 18:08,A/P/1/2,13,15,9,9,3.46,2.01,-64,auto,470.66,468.98,27,1.79,3.35,0.6,Short-term blockage
7/7/2021 18:08,P/A/2/1,51,52,9,9,687.14,0.79,-64.5,auto,470.66,468.98,27,1.79,3.35,0.6,Short-term blockage
7/7/2021 18:08,P/A/2/1,52,52,9,9,728.28,0.75,-64,auto,470.66,468.98,27,1.79,3.35,0.6,Short-term blockage
7/7/2021 18:08,A/P/1/2,14,15,9,9,0.12,3.55,-64,auto,470.66,468.98,27,1.79,3.35,0.6,Short-term blockage
7/7/2021 18:08,P/A/2/1,51,52,9,9,769.42,0.75,-64.5,auto,470.66,468.98,27,1.79,3.35,0.6,Short-term blockage
7/7/2021 18:08,A/P/1/2,14,15,9,9,4.69,3.03,-64,auto,470.66,468.98,27,1.79,3.35,0.6,Short-term blockage
7/7/2021 18:08,P/A/2/1,52,52,9,9,786.72,0.97,-63.5,auto,470.66,468.98,27,1.79,3.35,0.6,Short-term blockage
7/7/2021 18:08,A/P/1/2,12,15,9,9,2.63,0.16,-65.5,auto,470.66,468.98,27,1.79,3.35,0.6,Short-term blockage
7/7/2021 18:08,A/P/1/2,14,15,9,9,2.92,5.18,-64,auto,470.66,468.98,27,1.79,3.35,0.6,Short-term blockage
7/7/2021 18:08,P/A/2/1,51,52,9,9,821.31,1.33,-64.5,auto,470.66,468.98,27,1.79,3.35,0.6,Short-term blockage
7/7/2021 18:08,A/P/1/2,15,15,9,9,3.35,0.25,-64,auto,470.66,468.98,27,1.79,3.35,0.6,Short-term blockage
7/7/2021 18:08,P/A/2/1,50,55,9,9,732.44,2.34,-66,auto,499.98,499.71,30,1.79,3.35,0.6,Short-term blockage
7/7/2021 18:08,A/P/1/2,15,17,9,9,4.05,2.45,-64,auto,499.98,499.71,30,1.79,3.35,0.6,Short-term blockage
7/7/2021 18:08,P/A/2/1,50,55,9,9,683.9,0.93,-66,auto,499.98,499.71,30,1.79,3.35,0.6,Short-term blockage
7/7/2021 18:08,A/P/1/2,13,17,9,9,0.04,0.6,-64.5,auto,499.98,499.71,30,1.79,3.35,0.6,Short-term blockage
7/7/2021 18:08,A/P/1/2,13,17,9,9,3.11,0.53,-65,auto,499.98,499.71,30,1.79,3.35,0.6,Short-term blockage
7/7/2021 18:08,P/A/2/1,52,55,10,9,635.36,1.26,-65,auto,499.98,499.71,30,1.79,3.35,0.6,Short-term blockage
7/7/2021 18:08,P/A/2/1,51,55,10,10,838.25,0.8,-66,auto,499.98,499.71,30,1.79,3.35,0.6,Short-term blockage
7/7/2021 18:08,A/P/1/2,14,17,9,9,3.82,1.62,-65.5,auto,499.98,499.71,30,1.79,3.35,0.6,Short-term blockage
7/7/2021 18:08,P/A/2/1,51,55,9,8,802.73,0.68,-65.5,auto,499.98,499.71,30,2.21,7.89,0.48,Short-term blockage
7/7/2021 18:08,P/A/2/1,52,55,9,10,798.4,1.07,-66,auto,499.98,499.71,30,2.21,7.89,0.48,Short-term blockage
7/7/2021 18:08,A/P/1/2,14,16,9,9,4.16,4.62,-63.5,auto,499.98,499.71,30,2.21,7.89,0.48,Short-term blockage
7/7/2021 18:08,P/A/2/1,50,53,9,9,743.55,0.68,-63,auto,499.95,499.85,524,2.21,7.89,0.48,Short-term blockage
7/7/2021 18:08,A/P/1/2,14,16,9,9,3.47,0.88,-62.5,auto,499.95,499.85,524,2.21,7.89,0.48,Short-term blockage
7/7/2021 18:08,P/A/2/1,50,53,10,9,145.69,0.99,-68,auto,499.95,499.85,524,2.21,7.89,0.48,Short-term blockage
7/7/2021 18:08,A/P/1/2,15,15,9,9,0.41,0.47,-65,auto,499.95,499.85,524,2.21,7.89,0.48,Short-term blockage
7/7/2021 18:08,P/A/2/1,51,53,9,9,714.44,0.56,-67.5,auto,499.95,499.85,524,2.21,7.89,0.48,Short-term blockage
7/7/2021 18:08,A/P/1/2,13,16,9,9,2.12,0.35,-66,auto,499.95,499.85,524,2.21,7.89,0.48,Short-term blockage
7/7/2021 18:08,A/P/1/2,12,16,9,9,4.1,3.4,-67,auto,499.95,499.85,524,2.21,7.89,0.48,Short-term blockage
7/7/2021 18:08,P/A/2/1,50,53,9,9,811.44,3.28,-68.5,auto,499.95,499.85,524,2.21,7.89,0.48,Short-term blockage
7/7/2021 18:08,P/A/2/1,50,53,8,9,769.36,0,-70.5,auto,499.95,499.85,524,2.21,7.89,0.48,Short-term blockage
7/7/2021 18:08,A/P/1/2,14,16,9,8,2.49,6.14,-69,auto,499.95,499.85,524,2.21,7.89,0.48,Short-term blockage
7/7/2021 18:08,P/A/2/1,50,53,8,9,727.27,1.39,-69,auto,499.95,499.85,524,2.21,7.89,0.48,Short-term blockage
7/7/2021 18:08,A/P/1/2,14,15,9,9,2.73,0.2,-67,auto,499.95,499.85,524,2.21,7.89,0.48,Short-term blockage
7/7/2021 18:08,P/A/2/1,51,52,9,9,564.42,3.77,-69,auto,499.98,499.87,421,2.21,7.89,0.48,Short-term blockage
7/7/2021 18:08,A/P/1/2,15,16,9,9,1.73,0.59,-69.5,auto,499.98,499.87,421,2.21,7.89,0.48,Short-term blockage
7/7/2021 18:08,P/A/2/1,50,52,9,9,223.79,2.24,-70.5,auto,499.98,499.87,421,2.21,7.89,0.48,Short-term blockage
7/7/2021 18:08,A/P/1/2,15,16,9,9,0.72,2.99,-69,auto,499.98,499.87,421,2.21,7.89,0.48,Short-term blockage
7/7/2021 18:08,P/A/2/1,50,52,7,9,312.67,2.24,-75.25,auto,499.98,499.87,421,1.99,3.12,0.85,Short-term blockage
7/7/2021 18:08,A/P/1/2,16,17,9,7,0.03,10.23,-71,auto,499.98,499.87,421,1.99,3.12,0.85,Short-term blockage
7/7/2021 18:08,P/A/2/1,50,53,1,8,413.81,2.49,-80,auto,499.98,499.87,421,1.99,3.12,0.85,Short-term blockage
7/7/2021 18:08,A/P/1/2,14,15,7,1,1.32,4.23,-76,auto,499.98,499.87,421,1.99,3.12,0.85,Short-term blockage
7/7/2021 18:09,A/P/1/2,16,15,1,1,2.63,10.11,-80.5,auto,499.98,499.87,421,1.99,3.12,0.85,Short-term blockage
7/7/2021 18:09,P/A/2/1,50,52,6,1,514.94,1.61,-77.5,auto,499.98,499.87,421,1.99,3.12,0.85,Short-term blockage
7/7/2021 18:09,A/P/1/2,15,16,9,2,2.42,8.89,-70.5,auto,499.98,499.87,421,1.99,3.12,0.85,Short-term blockage
7/7/2021 18:09,P/A/2/1,49,53,3,9,616.08,1.99,-76.5,auto,499.98,499.87,421,1.99,3.12,0.85,Short-term blockage
7/7/2021 18:09,P/A/2/1,51,53,4,9,502.24,0.86,-75,auto,499.93,499.77,79,1.99,3.12,0.85,Short-term blockage
7/7/2021 18:09,A/P/1/2,16,16,7,2,2.22,1.68,-73.5,auto,499.93,499.77,79,1.99,3.12,0.85,Short-term blockage
7/7/2021 18:09,P/A/2/1,52,53,7,9,553.18,1,-73.5,auto,499.93,499.77,79,1.99,3.12,0.85,Short-term blockage
7/7/2021 18:09,A/P/1/2,15,17,9,7,2.97,4.99,-69.5,auto,499.93,499.77,79,1.99,3.12,0.85,Short-term blockage
7/7/2021 18:09,P/A/2/1,52,53,6,9,511.77,1.05,-75,auto,499.93,499.77,79,1.99,3.12,0.85,Short-term blockage
7/7/2021 18:09,A/P/1/2,16,15,9,6,0.64,7.51,-69.5,auto,499.93,499.77,79,1.99,3.12,0.85,Short-term blockage
7/7/2021 18:09,P/A/2/1,50,52,6,8,470.36,0.98,-72.5,auto,499.93,499.77,79,1.99,3.12,0.85,Short-term blockage
7/7/2021 18:09,A/P/1/2,16,16,9,6,0.56,0,-70,auto,499.93,499.77,79,1.99,3.12,0.85,Short-term blockage
7/7/2021 18:09,P/A/2/1,50,53,4,10,428.95,0.75,-74.5,auto,499.93,499.77,79,1.99,3.12,0.85,Short-term blockage
7/7/2021 18:09,A/P/1/2,15,16,9,6,1.41,5.55,-70.5,auto,499.93,499.77,79,1.99,3.12,0.85,Short-term blockage
7/7/2021 18:09,P/A/2/1,50,53,4,9,387.54,2.55,-74,auto,499.93,499.77,79,1.99,3.12,0.85,Short-term blockage
7/7/2021 18:09,A/P/1/2,14,16,9,4,1.67,6.77,-70.5,auto,499.93,499.77,79,1.99,3.12,0.85,Short-term blockage
7/7/2021 18:09,A/P/1/2,14,16,9,6,1.74,0.43,-72,auto,441.06,439.03,513,4.05,15.06,0.87,Short-term blockage
7/7/2021 18:09,P/A/2/1,51,52,6,9,377.05,0.05,-71.5,auto,441.06,439.03,513,4.05,15.06,0.87,Short-term blockage
7/7/2021 18:09,P/A/2/1,52,52,6,9,364.6,0.64,-75,auto,441.06,439.03,513,4.05,15.06,0.87,Short-term blockage
7/7/2021 18:09,A/P/1/2,14,16,8,4,2.25,4.57,-72,auto,441.06,439.03,513,4.05,15.06,0.87,Short-term blockage
7/7/2021 18:09,P/A/2/1,50,52,7,9,444.63,0.67,-81,auto,441.06,439.03,513,4.05,15.06,0.87,Short-term blockage
7/7/2021 18:09,A/P/1/2,15,16,8,1,1.58,1.39,-75,auto,441.06,439.03,513,4.05,15.06,0.87,Short-term blockage
7/7/2021 18:09,A/P/1/2,15,16,9,9,1.03,1.8,-65.5,auto,441.06,439.03,513,4.05,15.06,0.87,Short-term blockage
7/7/2021 18:09,P/A/2/1,51,53,9,9,752.62,0.69,-69.33,auto,441.06,439.03,513,4.05,15.06,0.87,Short-term blockage
7/7/2021 18:09,A/P/1/2,15,16,9,9,3.78,1.1,-63.5,auto,441.06,439.03,513,4.05,15.06,0.87,Short-term blockage
7/7/2021 18:09,P/A/2/1,51,53,9,9,790.25,0.49,-63.5,auto,441.06,439.03,513,4.05,15.06,0.87,Short-term blockage
7/7/2021 18:09,A/P/1/2,14,16,9,9,4.02,0.39,-64,auto,441.06,439.03,513,4.05,15.06,0.87,Short-term blockage
7/7/2021 18:09,P/A/2/1,52,53,9,9,727.79,0.64,-64,auto,311.92,306.67,480,4.05,15.06,0.87,Short-term blockage
7/7/2021 18:09,A/P/1/2,15,16,9,9,3.68,0.83,-64,auto,311.92,306.67,480,4.05,15.06,0.87,Short-term blockage
7/7/2021 18:09,P/A/2/1,51,53,9,9,719.06,0.55,-64.5,auto,311.92,306.67,480,4.05,15.06,0.87,Short-term blockage
7/7/2021 18:09,A/P/1/2,13,15,9,10,3.88,3.92,-64,auto,311.92,306.67,480,4.05,15.06,0.87,Short-term blockage
7/7/2021 18:09,A/P/1/2,12,15,9,9,2.94,0.83,-65,auto,311.92,306.67,480,4.05,15.06,0.87,Short-term blockage
7/7/2021 18:09,P/A/2/1,51,53,9,9,523.76,1.36,-64,auto,311.92,306.67,480,4.05,15.06,0.87,Short-term blockage
7/7/2021 18:09,P/A/2/1,50,53,9,9,328.46,1.08,-65,auto,311.92,306.67,480,4.05,15.06,0.87,Short-term blockage
7/7/2021 18:09,P/A/2/1,50,53,9,9,807,0.62,-65,auto,311.92,306.67,480,12.7,86.3,0.45,Short-term blockage
7/7/2021 18:09,A/P/1/2,14,16,9,9,3.56,1.77,-67.5,auto,311.92,306.67,480,12.7,86.3,0.45,Short-term blockage
7/7/2021 18:09,P/A/2/1,50,53,9,9,621.9,0,-64.5,auto,311.92,306.67,480,12.7,86.3,0.45,Short-term blockage
7/7/2021 18:09,A/P/1/2,14,16,9,9,2.93,0.27,-62.5,auto,311.92,306.67,480,12.7,86.3,0.45,Short-term blockage
7/7/2021 18:09,P/A/2/1,51,53,9,9,840.78,0.99,-63.5,auto,311.92,306.67,480,12.7,86.3,0.45,Short-term blockage
7/7/2021 18:09,A/P/1/2,13,16,9,9,3.78,3.55,-65.5,auto,311.92,306.67,480,12.7,86.3,0.45,Short-term blockage
7/7/2021 18:09,P/A/2/1,50,53,9,9,788.26,1.49,-65,auto,311.92,306.67,480,12.7,86.3,0.45,Short-term blockage
7/7/2021 18:09,A/P/1/2,14,16,9,9,3.82,0.26,-64,auto,311.92,306.67,480,12.7,86.3,0.45,Short-term blockage
7/7/2021 18:09,P/A/2/1,52,53,10,9,735.74,0.29,-66.5,auto,167.95,167.11,416,12.7,86.3,0.45,Short-term blockage
7/7/2021 18:09,A/P/1/2,12,16,9,10,3.44,0.53,-67.5,auto,167.95,167.11,416,12.7,86.3,0.45,Short-term blockage
7/7/2021 18:09,P/A/2/1,50,53,1,3,683.22,2.37,-76.5,auto,167.95,167.11,416,12.7,86.3,0.45,Short-term blockage
7/7/2021 18:09,A/P/1/2,13,16,1,6,0.02,0,-83,auto,167.95,167.11,416,12.7,86.3,0.45,Short-term blockage
7/7/2021 18:09,A/P/1/2,16,16,9,6,1.97,0.09,-71.5,auto,167.95,167.11,416,12.7,86.3,0.45,Short-term blockage
7/7/2021 18:09,P/A/2/1,51,52,6,8,630.7,2.32,-77,auto,167.95,167.11,416,12.7,86.3,0.45,Short-term blockage
7/7/2021 18:09,P/A/2/1,52,52,9,10,635.47,0.55,-68,auto,167.95,167.11,416,12.7,86.3,0.45,Short-term blockage
7/7/2021 18:09,A/P/1/2,13,16,9,8,2.49,0.18,-68,auto,167.95,167.11,416,12.7,86.3,0.45,Short-term blockage
7/7/2021 18:09,P/A/2/1,51,53,9,9,712.74,0.45,-69.5,auto,167.95,167.11,416,12.7,86.3,0.45,Short-term blockage
7/7/2021 18:09,A/P/1/2,14,15,9,9,2.66,4.8,-68,auto,167.95,167.11,416,12.7,86.3,0.45,Short-term blockage
7/7/2021 18:09,P/A/2/1,51,52,8,9,643.77,0.47,-70,auto,167.95,167.11,416,12.7,86.3,0.45,Short-term blockage
7/7/2021 18:09,A/P/1/2,13,15,9,7,3.32,0.22,-69.5,auto,167.95,167.11,416,12.7,86.3,0.45,Short-term blockage
7/7/2021 18:09,P/A/2/1,50,53,8,9,645.96,0.49,-73.5,auto,499.97,495.49,26,14.01,60.96,1.05,Short-term blockage
7/7/2021 18:09,A/P/1/2,13,16,9,8,2.93,9.37,-70,auto,499.97,495.49,26,14.01,60.96,1.05,Short-term blockage
7/7/2021 18:09,P/A/2/1,52,53,8,9,368.19,2.15,-70.5,auto,499.97,495.49,26,14.01,60.96,1.05,Short-term blockage
7/7/2021 18:09,A/P/1/2,14,15,10,8,0.44,4.03,-71,auto,499.97,495.49,26,14.01,60.96,1.05,Short-term blockage
7/7/2021 18:09,A/P/1/2,13,16,10,8,1.48,6.94,-70.5,auto,499.97,495.49,26,14.01,60.96,1.05,Short-term blockage
7/7/2021 18:09,P/A/2/1,52,53,9,9,462.25,0.39,-71.5,auto,499.97,495.49,26,14.01,60.96,1.05,Short-term blockage
7/7/2021 18:09,A/P/1/2,14,16,9,4,2.39,1.64,-71,auto,499.97,495.49,26,14.01,60.96,1.05,Short-term blockage
7/7/2021 18:09,P/A/2/1,50,53,3,8,458.98,4.51,-75,auto,499.97,495.49,26,14.01,60.96,1.05,Short-term blockage
7/7/2021 18:09,P/A/2/1,50,53,4,9,455.7,0,-72.5,auto,499.97,495.49,26,14.01,60.96,1.05,Short-term blockage
7/7/2021 18:09,A/P/1/2,16,17,9,4,1.47,11.23,-70,auto,499.97,495.49,26,14.01,60.96,1.05,Short-term blockage
7/7/2021 18:09,P/A/2/1,50,52,4,9,348.83,0.09,-74,auto,499.97,495.49,26,14.01,60.96,1.05,Short-term blockage
7/7/2021 18:09,A/P/1/2,15,15,9,6,2.06,0.09,-72.5,auto,499.97,495.49,26,14.01,60.96,1.05,Short-term blockage
7/7/2021 18:09,P/A/2/1,51,52,7,9,470.33,1.42,-72,auto,500,499.62,45,14.01,60.96,1.05,Short-term blockage
7/7/2021 18:09,A/P/1/2,14,16,9,6,1.8,6.92,-72.5,auto,500,499.62,45,14.01,60.96,1.05,Short-term blockage
7/7/2021 18:09,P/A/2/1,50,52,3,9,485.05,1.29,-72,auto,500,499.62,45,14.01,60.96,1.05,Short-term blockage
7/7/2021 18:09,A/P/1/2,15,15,9,6,1.54,2.46,-68.5,auto,500,499.62,45,14.01,60.96,1.05,Short-term blockage
7/7/2021 18:09,P/A/2/1,51,53,7,9,343.45,0.64,-70.5,auto,500,499.62,45,14.01,60.96,1.05,Short-term blockage
7/7/2021 18:09,A/P/1/2,14,16,10,7,1.29,0.23,-69.5,auto,500,499.62,45,14.01,60.96,1.05,Short-term blockage
7/7/2021 18:09,P/A/2/1,50,53,8,9,517.1,0,-70.5,auto,500,499.62,45,14.01,60.96,1.05,Short-term blockage
7/7/2021 18:09,A/P/1/2,14,16,10,8,2.4,5.04,-69,auto,500,499.62,45,14.01,60.96,1.05,Short-term blockage
7/7/2021 18:09,A/P/1/2,14,16,9,8,3.23,3.5,-70.5,auto,500,499.62,45,4.86,21.21,0.57,Short-term blockage
7/7/2021 18:09,P/A/2/1,51,53,9,9,642.73,1.14,-70,auto,500,499.62,45,4.86,21.21,0.57,Short-term blockage
7/7/2021 18:09,P/A/2/1,50,52,9,9,417.79,1.69,-70,auto,500,499.62,45,4.86,21.21,0.57,Short-term blockage
7/7/2021 18:09,A/P/1/2,15,16,9,9,1.86,3.39,-70,auto,500,499.62,45,4.86,21.21,0.57,Short-term blockage
7/7/2021 18:09,P/A/2/1,50,53,9,9,253.16,0.29,-70,auto,371.72,366.22,587,4.86,21.21,0.57,Short-term blockage
7/7/2021 18:09,A/P/1/2,13,16,9,8,1.71,0.39,-69.5,auto,371.72,366.22,587,4.86,21.21,0.57,Short-term blockage
7/7/2021 18:09,A/P/1/2,12,16,9,10,1.4,0.54,-68,auto,371.72,366.22,587,4.86,21.21,0.57,Short-term blockage
7/7/2021 18:09,P/A/2/1,50,53,9,9,397.47,1.12,-66,auto,371.72,366.22,587,4.86,21.21,0.57,Short-term blockage
7/7/2021 18:09,A/P/1/2,15,16,9,9,1.24,0.2,-62.5,auto,371.72,366.22,587,4.86,21.21,0.57,Short-term blockage
7/7/2021 18:09,P/A/2/1,51,52,9,9,792.17,1.1,-63.5,auto,371.72,366.22,587,4.86,21.21,0.57,Short-term blockage
7/7/2021 18:09,A/P/1/2,15,16,9,10,3.86,0.6,-63,auto,371.72,366.22,587,4.86,21.21,0.57,Short-term blockage
7/7/2021 18:09,P/A/2/1,50,52,9,9,831.64,1.07,-64.5,auto,371.72,366.22,587,4.86,21.21,0.57,Short-term blockage
7/7/2021 18:09,A/P/1/2,14,16,9,9,3.66,3.12,-63,auto,371.72,366.22,587,4.86,21.21,0.57,Short-term blockage
7/7/2021 18:09,P/A/2/1,50,52,10,9,803.88,0.32,-62.5,auto,371.72,366.22,587,4.86,21.21,0.57,Short-term blockage
7/7/2021 18:09,A/P/1/2,14,15,9,9,4.44,3.8,-63.5,auto,267.98,265.68,709,4.86,21.21,0.57,Short-term blockage
7/7/2021 18:09,P/A/2/1,51,53,9,9,601.25,1.61,-64.5,auto,267.98,265.68,709,4.86,21.21,0.57,Short-term blockage
7/7/2021 18:09,P/A/2/1,51,53,9,9,689.56,0.66,-63.5,auto,267.98,265.68,709,4.86,21.21,0.57,Short-term blockage
7/7/2021 18:09,A/P/1/2,14,15,9,9,2.69,2.38,-62.5,auto,267.98,265.68,709,4.86,21.21,0.57,Short-term blockage
7/7/2021 18:09,P/A/2/1,51,53,9,9,320.85,0.41,-64,auto,267.98,265.68,709,4.86,21.21,0.57,Short-term blockage
7/7/2021 18:09,A/P/1/2,13,15,9,9,1.04,2.57,-64,auto,267.98,265.68,709,4.86,21.21,0.57,Short-term blockage
7/7/2021 18:09,P/A/2/1,50,53,9,9,767.85,1.05,-65,auto,267.98,265.68,709,4.86,21.21,0.57,Short-term blockage
7/7/2021 18:09,A/P/1/2,13,15,9,9,3.53,1.06,-64.5,auto,267.98,265.68,709,4.86,21.21,0.57,Short-term blockage
7/7/2021 18:09,P/A/2/1,50,55,9,9,754.85,2.32,-64.5,auto,267.98,265.68,709,17.88,81.46,0.55,Short-term blockage
7/7/2021 18:09,P/A/2/1,51,55,9,9,831.82,0.8,-63,auto,267.98,265.68,709,17.88,81.46,0.55,Short-term blockage
7/7/2021 18:09,A/P/1/2,14,15,9,9,3.54,0.08,-65.5,auto,267.98,265.68,709,17.88,81.46,0.55,Short-term blockage
7/7/2021 18:09,P/A/2/1,51,55,9,9,593.79,1.01,-63,auto,267.98,265.68,709,17.88,81.46,0.55,Short-term blockage
7/7/2021 18:09,A/P/1/2,14,15,9,9,4.2,0.4,-64,auto,267.98,265.68,709,17.88,81.46,0.55,Short-term blockage
7/7/2021 18:09,A/P/1/2,13,15,9,9,4.85,0.47,-64,auto,226.66,225.61,321,17.88,81.46,0.55,Short-term blockage
7/7/2021 18:09,P/A/2/1,50,53,9,9,632.96,0.5,-63,auto,226.66,225.61,321,17.88,81.46,0.55,Short-term blockage
7/7/2021 18:09,P/A/2/1,50,53,10,9,672.13,0.47,-63.5,auto,226.66,225.61,321,17.88,81.46,0.55,Short-term blockage
7/7/2021 18:09,A/P/1/2,12,16,9,9,3.31,2.58,-64,auto,226.66,225.61,321,17.88,81.46,0.55,Short-term blockage
7/7/2021 18:09,P/A/2/1,51,53,9,9,711.3,2.59,-63,auto,226.66,225.61,321,17.88,81.46,0.55,Short-term blockage
7/7/2021 18:09,A/P/1/2,13,16,9,9,0.47,1.86,-62.5,auto,226.66,225.61,321,17.88,81.46,0.55,Short-term blockage
7/7/2021 18:09,P/A/2/1,50,53,10,9,795.79,0.63,-63.5,auto,226.66,225.61,321,17.88,81.46,0.55,Short-term blockage
7/7/2021 18:09,A/P/1/2,15,16,9,9,3.7,0.67,-63,auto,226.66,225.61,321,17.88,81.46,0.55,Short-term blockage
7/7/2021 18:09,P/A/2/1,50,53,9,9,679.06,0.72,-67,auto,226.66,225.61,321,17.88,81.46,0.55,Short-term blockage
7/7/2021 18:09,A/P/1/2,14,16,9,9,3.95,2.39,-64,auto,226.66,225.61,321,17.88,81.46,0.55,Short-term blockage
7/7/2021 18:09,P/A/2/1,52,53,9,9,727.84,3.16,-65,auto,226.66,225.61,321,17.88,81.46,0.55,Short-term blockage
7/7/2021 18:09,A/P/1/2,14,16,9,9,3.5,2.25,-65,auto,226.66,225.61,321,17.88,81.46,0.55,Short-term blockage
7/7/2021 18:09,P/A/2/1,50,53,9,9,518.1,0.73,-65,auto,226.66,225.61,321,17.88,81.46,0.55,Short-term blockage
7/7/2021 18:09,A/P/1/2,15,16,10,9,3.51,1.63,-64.5,auto,226.66,225.61,321,17.88,81.46,0.55,Short-term blockage
7/7/2021 18:10,P/A/2/1,50,53,9,9,308.36,0.7,-66,auto,226.66,225.61,321,17.88,81.46,0.55,Short-term blockage
7/7/2021 18:10,A/P/1/2,14,16,9,9,3.29,2.77,-64,auto,226.66,225.61,321,17.88,81.46,0.55,Short-term blockage
7/1/2021 6:36,P/A/1/2,8,9,9,9,243.13,0.95,-59,auto,499.92,499.73,335,1.57,3.77,0.55,Normal
7/1/2021 6:36,A/P/2/1,58,59,9,9,1.56,1.29,-64.5,auto,499.92,499.73,335,1.57,3.77,0.55,Normal
7/1/2021 6:36,P/A/1/2,8,9,9,9,670.37,0.56,-59.5,auto,499.96,499.54,105,1.57,3.77,0.55,Normal
7/1/2021 6:36,A/P/2/1,58,59,10,9,0.66,2.39,-65.5,auto,499.96,499.54,105,1.57,3.77,0.55,Normal
7/1/2021 6:36,P/A/1/2,7,9,10,9,868.57,1.22,-61,auto,499.96,499.54,105,1.57,3.77,0.55,Normal
7/1/2021 6:36,A/P/2/1,59,59,9,9,3.54,2.45,-64.5,auto,499.96,499.54,105,1.57,3.77,0.55,Normal
7/1/2021 6:36,P/A/1/2,7,9,10,9,785.05,1.41,-61.5,auto,499.96,499.54,105,2.65,6.96,0.65,Normal
7/1/2021 6:36,A/P/2/1,58,59,9,9,5.27,2.38,-65,auto,499.96,499.54,105,2.65,6.96,0.65,Normal
7/1/2021 6:36,P/A/1/2,7,9,9,9,771.81,1.54,-61.5,auto,499.96,499.54,105,2.65,6.96,0.65,Normal
7/1/2021 6:36,A/P/2/1,58,59,9,9,4.23,2.3,-65,auto,499.96,499.54,105,2.65,6.96,0.65,Normal
7/1/2021 6:36,P/A/1/2,7,9,10,9,627.5,0.71,-61.5,auto,499.96,499.54,105,2.65,6.96,0.65,Normal
7/1/2021 6:36,A/P/2/1,58,59,9,9,3.22,2.7,-65,auto,499.96,499.54,105,2.65,6.96,0.65,Normal
7/1/2021 6:37,A/P/2/1,58,59,9,9,2.94,1.29,-65,auto,499.96,499.54,105,2.65,6.96,0.65,Normal
7/1/2021 6:37,P/A/1/2,7,9,9,9,260.76,2.18,-61.5,auto,499.96,499.54,105,2.65,6.96,0.65,Normal
7/1/2021 6:37,P/A/1/2,7,10,9,9,646.44,0.38,-61.5,auto,499.92,490.78,120,2.65,6.96,0.65,Normal
7/1/2021 6:37,P/A/1/2,7,10,9,10,762.16,3.65,-61.5,auto,499.92,490.78,120,2.65,6.96,0.65,Normal
7/1/2021 6:37,A/P/2/1,58,59,10,9,0.06,2.96,-65,auto,499.92,490.78,120,2.65,6.96,0.65,Normal
7/1/2021 6:37,P/A/1/2,9,10,9,10,802.54,0.91,-59.5,auto,499.92,490.78,120,2.65,6.96,0.65,Normal
7/1/2021 6:37,A/P/2/1,58,59,9,9,4.61,1.28,-65.25,auto,499.92,490.78,120,2.65,6.96,0.65,Normal
7/1/2021 6:37,P/A/1/2,9,10,9,9,766.74,0.33,-59.5,auto,499.92,490.78,120,2.65,6.96,0.65,Normal
7/1/2021 6:37,A/P/2/1,58,59,10,9,4.26,0.46,-65.5,auto,499.92,490.78,120,2.65,6.96,0.65,Normal
7/1/2021 6:37,P/A/1/2,7,10,9,9,662.83,1.47,-61.5,auto,499.92,490.78,120,2.65,6.96,0.65,Normal
7/1/2021 6:37,A/P/2/1,58,59,10,9,5.14,1.84,-65,auto,499.92,490.78,120,2.65,6.96,0.65,Normal
7/1/2021 6:37,P/A/1/2,7,10,9,9,565.64,0.66,-61.5,auto,499.92,490.78,120,2.65,6.96,0.65,Normal
7/1/2021 6:37,A/P/2/1,58,59,9,9,3.29,2.46,-65.5,auto,499.92,490.78,120,2.65,6.96,0.65,Normal
7/1/2021 6:37,A/P/2/1,58,59,9,9,1.66,3.08,-65,auto,499.95,499.82,16,4.16,11.93,0.72,Normal
7/1/2021 6:37,P/A/1/2,7,10,9,9,468.45,0.57,-61.5,auto,499.95,499.82,16,4.16,11.93,0.72,Normal
7/1/2021 6:37,P/A/1/2,9,10,9,9,804.76,1.05,-59.5,auto,499.95,499.82,16,4.16,11.93,0.72,Normal
7/1/2021 6:37,A/P/2/1,57,59,9,9,0.04,2.53,-66,auto,499.95,499.82,16,4.16,11.93,0.72,Normal
7/1/2021 6:37,P/A/1/2,8,10,9,9,795.78,0.37,-60.17,auto,499.95,499.82,16,4.16,11.93,0.72,Normal
7/1/2021 6:37,A/P/2/1,58,59,9,9,2.78,2.88,-65.5,auto,499.95,499.82,16,4.16,11.93,0.72,Normal
7/1/2021 6:37,A/P/2/1,57,59,9,9,4.86,2.6,-66.5,auto,499.95,499.82,16,4.16,11.93,0.72,Normal
7/1/2021 6:37,P/A/1/2,7,9,9,9,777.74,0.73,-61.5,auto,499.95,499.82,16,4.16,11.93,0.72,Normal
7/1/2021 6:37,A/P/2/1,58,59,9,9,4.09,1.21,-65.5,auto,499.95,499.82,16,4.16,11.93,0.72,Normal
7/1/2021 6:37,P/A/1/2,7,9,9,9,647.44,1.26,-61.5,auto,499.95,499.82,16,4.16,11.93,0.72,Normal
7/1/2021 6:37,A/P/2/1,58,59,9,9,4.3,1.61,-65.5,auto,499.95,499.82,16,4.16,11.93,0.72,Normal
7/1/2021 6:37,P/A/1/2,7,9,9,9,510.89,0.55,-61.5,auto,499.95,499.82,16,4.16,11.93,0.72,Normal
7/1/2021 6:37,A/P/2/1,57,59,9,9,3.92,3.25,-66,auto,499.95,499.82,16,4.16,11.93,0.72,Normal
7/1/2021 6:37,A/P/2/1,58,59,9,9,2.93,2.54,-64.5,auto,499.96,499.89,33,4.16,11.93,0.72,Normal
7/1/2021 6:37,P/A/1/2,7,9,9,9,661.39,0.94,-61.5,auto,499.96,499.89,33,4.16,11.93,0.72,Normal
7/1/2021 6:37,P/A/1/2,7,9,9,9,811.89,0.42,-61.5,auto,499.96,499.89,33,4.16,11.93,0.72,Normal
7/1/2021 6:37,A/P/2/1,57,59,9,9,1.94,4.52,-66,auto,499.96,499.89,33,4.16,11.93,0.72,Normal
7/1/2021 6:37,A/P/2/1,57,59,9,9,5.13,10.21,-66.5,auto,499.96,499.89,33,4.16,11.93,0.72,Normal
7/1/2021 6:37,P/A/1/2,7,9,9,9,869.61,0.76,-61.5,auto,499.96,499.89,33,2.2,5.1,0.73,Normal
7/1/2021 6:37,P/A/1/2,7,9,9,9,786.24,0.6,-61.5,auto,499.96,499.89,33,2.2,5.1,0.73,Normal
7/1/2021 6:37,A/P/2/1,58,59,9,9,3.68,2.58,-65.5,auto,499.96,499.89,33,2.2,5.1,0.73,Normal
7/1/2021 6:37,P/A/1/2,7,9,9,9,562.96,0.75,-61.5,auto,499.96,499.89,33,2.2,5.1,0.73,Normal
7/1/2021 6:37,A/P/2/1,58,59,9,9,4.45,3.08,-65.25,auto,499.96,499.89,33,2.2,5.1,0.73,Normal
7/1/2021 6:37,P/A/1/2,7,9,9,9,282.87,0.84,-61,auto,499.92,499.77,86,2.2,5.1,0.73,Normal
7/1/2021 6:37,A/P/2/1,58,59,9,9,2.59,2.28,-65,auto,499.92,499.77,86,2.2,5.1,0.73,Normal
7/1/2021 6:37,P/A/1/2,7,9,9,9,727.79,1.95,-61.5,auto,499.92,499.77,86,2.2,5.1,0.73,Normal
7/1/2021 6:37,A/P/2/1,58,59,9,9,0.66,2.08,-65.5,auto,499.92,499.77,86,2.2,5.1,0.73,Normal
7/1/2021 6:37,P/A/1/2,7,9,9,9,791.97,1.27,-61.5,auto,499.92,499.77,86,2.2,5.1,0.73,Normal
7/1/2021 6:37,A/P/2/1,57,59,9,9,4.81,2.04,-66.5,auto,499.92,499.77,86,2.2,5.1,0.73,Normal
7/1/2021 6:37,A/P/2/1,58,59,9,9,4.11,0.94,-65.5,auto,499.92,499.77,86,2.2,5.1,0.73,Normal
7/1/2021 6:37,P/A/1/2,9,9,9,9,698.77,1.23,-61.5,auto,499.92,499.77,86,2.2,5.1,0.73,Normal
7/1/2021 6:37,P/A/1/2,7,9,9,9,784.78,1.18,-61.5,auto,499.92,499.77,86,2.2,5.1,0.73,Normal
7/1/2021 6:37,A/P/2/1,58,59,9,9,3.4,4.2,-65.5,auto,499.92,499.77,86,2.2,5.1,0.73,Normal
7/1/2021 6:37,P/A/1/2,7,9,9,9,635.25,0.42,-61.5,auto,499.92,499.77,86,2.2,5.1,0.73,Normal
7/1/2021 6:37,A/P/2/1,57,59,9,9,4.66,4.26,-65.75,auto,499.92,499.77,86,2.2,5.1,0.73,Normal
7/1/2021 6:37,P/A/1/2,7,9,9,9,392.75,0.56,-61.5,auto,499.94,495.46,261,2.2,5.1,0.73,Normal
7/1/2021 6:37,A/P/2/1,57,59,9,9,4.34,1.85,-66,auto,499.94,495.46,261,2.2,5.1,0.73,Normal
7/1/2021 6:37,P/A/1/2,7,9,9,9,506.7,0.75,-61.5,auto,499.94,495.46,261,2.04,4.47,0.88,Normal
7/1/2021 6:37,A/P/2/1,58,59,9,10,4.02,1.03,-65.5,auto,499.94,495.46,261,2.04,4.47,0.88,Normal
7/1/2021 6:37,P/A/1/2,7,9,9,9,813.27,0.77,-61.5,auto,499.94,495.46,261,2.04,4.47,0.88,Normal
7/1/2021 6:37,A/P/2/1,58,59,9,9,3.5,1.34,-65,auto,499.94,495.46,261,2.04,4.47,0.88,Normal
7/1/2021 6:37,P/A/1/2,7,9,9,9,730.59,0.66,-61.5,auto,499.94,495.46,261,2.04,4.47,0.88,Normal
7/1/2021 6:37,A/P/2/1,58,59,9,10,3.23,3.3,-65,auto,499.94,495.46,261,2.04,4.47,0.88,Normal
7/1/2021 6:37,A/P/2/1,57,59,9,9,4.59,3.06,-66,auto,499.94,495.46,261,2.04,4.47,0.88,Normal
7/1/2021 6:37,P/A/1/2,7,9,10,9,833.19,1.02,-61.5,auto,499.94,495.46,261,2.04,4.47,0.88,Normal
7/1/2021 6:37,P/A/1/2,9,9,9,9,588.14,1.08,-59.5,auto,499.94,495.46,261,2.04,4.47,0.88,Normal
7/1/2021 6:37,A/P/2/1,58,59,10,9,4.75,2.82,-65.5,auto,499.94,495.46,261,2.04,4.47,0.88,Normal
7/1/2021 6:37,P/A/1/2,7,9,9,9,595.29,0.57,-61.5,auto,499.94,495.46,261,2.04,4.47,0.88,Normal
7/1/2021 6:37,A/P/2/1,58,59,9,9,0.8,2.59,-65,auto,499.94,495.46,261,2.04,4.47,0.88,Normal
7/1/2021 6:37,P/A/1/2,8,9,9,9,417.52,1.18,-59.5,auto,499.9,499.7,79,2.04,4.47,0.88,Normal
7/1/2021 6:37,A/P/2/1,58,59,9,9,3.03,2.35,-65,auto,499.9,499.7,79,2.04,4.47,0.88,Normal
7/1/2021 6:37,P/A/1/2,9,9,9,9,710.36,1.1,-59.5,auto,499.9,499.7,79,2.04,4.47,0.88,Normal
7/1/2021 6:37,A/P/2/1,57,59,10,9,5.27,1.7,-66,auto,499.9,499.7,79,2.04,4.47,0.88,Normal
7/1/2021 6:37,P/A/1/2,7,9,9,9,852.35,3.17,-61.5,auto,499.9,499.7,79,2.04,4.47,0.88,Normal
7/1/2021 6:37,A/P/2/1,57,59,9,9,3.24,3.75,-66.5,auto,499.9,499.7,79,2.04,4.47,0.88,Normal
7/1/2021 6:37,P/A/1/2,7,9,9,9,850.73,1.68,-61.5,auto,499.9,499.7,79,2.04,4.47,0.88,Normal
7/1/2021 6:37,A/P/2/1,58,59,9,9,4.64,3.32,-65,auto,499.9,499.7,79,2.04,4.47,0.88,Normal
7/1/2021 6:37,A/P/2/1,58,59,9,9,4.33,2.88,-65.5,auto,499.9,499.7,79,2.73,6.48,0.79,Normal
7/1/2021 6:37,P/A/1/2,7,9,9,9,586.9,0.48,-61.5,auto,499.9,499.7,79,2.73,6.48,0.79,Normal
7/1/2021 6:37,P/A/1/2,7,9,9,9,677.84,1.07,-61.5,auto,499.9,499.7,79,2.73,6.48,0.79,Normal
7/1/2021 6:37,A/P/2/1,58,59,9,9,2.3,2.45,-65,auto,499.9,499.7,79,2.73,6.48,0.79,Normal
7/1/2021 6:37,P/A/1/2,7,9,9,10,329.7,1.04,-61.5,auto,499.27,498.02,176,2.73,6.48,0.79,Normal
7/1/2021 6:37,A/P/2/1,58,59,9,9,0.64,4.36,-65.5,auto,499.27,498.02,176,2.73,6.48,0.79,Normal
7/1/2021 6:37,P/A/1/2,7,9,9,9,674.25,1.15,-61.5,auto,499.27,498.02,176,2.73,6.48,0.79,Normal
7/1/2021 6:37,A/P/2/1,58,59,9,9,3.43,8.71,-65,auto,499.27,498.02,176,2.73,6.48,0.79,Normal
7/1/2021 6:37,P/A/1/2,9,9,9,9,816.12,0.66,-61.5,auto,499.27,498.02,176,2.73,6.48,0.79,Normal
7/1/2021 6:37,A/P/2/1,58,59,9,9,3.81,3.25,-65.5,auto,499.27,498.02,176,2.73,6.48,0.79,Normal
7/1/2021 6:37,P/A/1/2,7,9,9,9,838.4,2.63,-61.5,auto,499.27,498.02,176,2.73,6.48,0.79,Normal
7/1/2021 6:37,A/P/2/1,59,59,9,9,4.28,3.72,-64.5,auto,499.27,498.02,176,2.73,6.48,0.79,Normal
7/1/2021 6:37,P/A/1/2,9,9,9,9,601.67,1.69,-60.88,auto,499.27,498.02,176,2.73,6.48,0.79,Normal
7/1/2021 6:37,A/P/2/1,58,59,9,9,4.37,5.34,-65.5,auto,499.27,498.02,176,2.73,6.48,0.79,Normal
7/1/2021 6:37,A/P/2/1,57,59,9,9,0.02,2.4,-66,auto,499.88,495.77,232,2.73,6.48,0.79,Normal
7/1/2021 6:37,P/A/1/2,7,9,9,9,384.59,0.43,-59.62,auto,499.88,495.77,232,2.73,6.48,0.79,Normal
7/1/2021 6:37,P/A/1/2,8,9,9,8,539.62,0.57,-59,auto,499.88,495.77,232,2.73,6.48,0.79,Normal
7/1/2021 6:37,A/P/2/1,58,60,9,9,3.96,0.69,-65.5,auto,499.88,495.77,232,2.73,6.48,0.79,Normal
7/1/2021 6:37,P/A/1/2,7,11,9,8,795.8,2.86,-60.25,auto,499.88,495.77,232,2.73,6.48,0.79,Normal
7/1/2021 6:37,A/P/2/1,58,60,9,9,4.47,3.06,-65.5,auto,499.88,495.77,232,2.73,6.48,0.79,Normal
7/1/2021 6:37,P/A/1/2,7,11,9,9,798.18,1.23,-61.5,auto,499.88,495.77,232,3.14,9.46,0.69,Normal
7/1/2021 6:37,A/P/2/1,57,60,9,9,4.94,2.24,-66.5,auto,499.88,495.77,232,3.14,9.46,0.69,Normal
7/1/2021 6:37,P/A/1/2,7,11,9,9,651.42,0.97,-62,auto,499.88,495.77,232,3.14,9.46,0.69,Normal
7/1/2021 6:37,A/P/2/1,58,60,9,9,5.17,2.42,-65,auto,499.88,495.77,232,3.14,9.46,0.69,Normal
7/1/2021 6:37,P/A/1/2,7,11,9,9,653.94,2.07,-61.75,auto,499.88,495.77,232,3.14,9.46,0.69,Normal
7/1/2021 6:37,A/P/2/1,58,60,9,9,2.92,1.21,-65.5,auto,499.88,495.77,232,3.14,9.46,0.69,Normal
7/1/2021 6:37,P/A/1/2,7,11,9,9,622.42,0.73,-61.5,auto,499.88,495.77,232,3.14,9.46,0.69,Normal
7/1/2021 6:37,A/P/2/1,58,60,9,9,0.84,2,-64.5,auto,499.88,495.77,232,3.14,9.46,0.69,Normal
7/1/2021 6:37,P/A/1/2,7,11,9,9,407.74,0.45,-61.5,auto,499.94,495.92,175,3.14,9.46,0.69,Normal
7/1/2021 6:37,A/P/2/1,57,60,10,9,2.2,2.04,-66.5,auto,499.94,495.92,175,3.14,9.46,0.69,Normal
7/1/2021 6:37,A/P/2/1,58,60,9,9,4.86,2.08,-65.5,auto,499.94,495.92,175,3.14,9.46,0.69,Normal
7/1/2021 6:37,P/A/1/2,9,11,9,9,746.81,0.79,-60,auto,499.94,495.92,175,3.14,9.46,0.69,Normal
7/1/2021 6:37,P/A/1/2,8,11,9,9,856.4,0.75,-60.5,auto,499.94,495.92,175,3.14,9.46,0.69,Normal
7/1/2021 6:37,A/P/2/1,58,60,9,9,3.67,2.12,-65.75,auto,499.94,495.92,175,3.14,9.46,0.69,Normal
7/1/2021 6:37,P/A/1/2,7,11,9,9,697.88,0.69,-61,auto,499.94,495.92,175,3.14,9.46,0.69,Normal
7/1/2021 6:37,A/P/2/1,57,60,9,9,4.86,1.44,-66,auto,499.94,495.92,175,3.14,9.46,0.69,Normal
7/1/2021 6:37,P/A/1/2,7,11,9,9,679.81,1.01,-61,auto,499.94,495.92,175,3.14,9.46,0.69,Normal
7/1/2021 6:37,A/P/2/1,58,60,9,9,4.4,1.29,-65.5,auto,499.94,495.92,175,3.14,9.46,0.69,Normal
7/1/2021 6:37,P/A/1/2,7,11,9,9,740.13,0.83,-61,auto,499.94,495.92,175,3.14,9.46,0.69,Normal
7/1/2021 6:37,A/P/2/1,57,60,9,9,2.21,1.51,-66,auto,499.94,495.92,175,3.14,9.46,0.69,Normal
7/1/2021 6:37,P/A/1/2,7,11,9,10,307.62,0.79,-61,auto,499.91,497.24,136,2.72,5.76,0.76,Normal
7/1/2021 6:37,A/P/2/1,58,60,10,9,0.68,1.77,-65.5,auto,499.91,497.24,136,2.72,5.76,0.76,Normal
7/1/2021 6:37,P/A/1/2,9,11,9,10,788.97,1.17,-60,auto,499.91,497.24,136,2.72,5.76,0.76,Normal
7/1/2021 6:37,A/P/2/1,58,60,10,9,4.16,1.36,-65.5,auto,499.91,497.24,136,2.72,5.76,0.76,Normal
7/1/2021 6:38,A/P/2/1,58,60,10,10,3.58,2.67,-65,auto,499.91,497.24,136,2.72,5.76,0.76,Normal
7/1/2021 6:38,P/A/1/2,7,11,9,9,804.77,1.14,-61,auto,499.91,497.24,136,2.72,5.76,0.76,Normal
7/1/2021 6:38,P/A/1/2,9,11,9,9,756.33,0.97,-61.25,auto,499.91,497.24,136,2.72,5.76,0.76,Normal
7/1/2021 6:38,A/P/2/1,58,60,9,9,4.6,1.43,-65,auto,499.91,497.24,136,2.72,5.76,0.76,Normal
7/1/2021 6:38,P/A/1/2,7,11,9,9,655,0.97,-61.5,auto,499.91,497.24,136,2.72,5.76,0.76,Normal
7/1/2021 6:38,A/P/2/1,58,60,9,9,4.36,15.78,-65.5,auto,499.91,497.24,136,2.72,5.76,0.76,Normal
7/1/2021 6:38,P/A/1/2,7,11,9,9,827.13,0.48,-61.5,auto,499.91,497.24,136,2.72,5.76,0.76,Normal
7/1/2021 6:38,A/P/2/1,57,60,9,9,2.74,1.44,-66,auto,499.91,497.24,136,2.72,5.76,0.76,Normal
7/1/2021 6:38,P/A/1/2,7,11,9,9,377.11,1.04,-61,auto,499.97,499.85,449,2.72,5.76,0.76,Normal
7/1/2021 6:38,A/P/2/1,58,60,9,9,0.04,6.36,-65,auto,499.97,499.85,449,2.72,5.76,0.76,Normal
7/1/2021 6:38,P/A/1/2,7,11,9,9,591.71,1.71,-61.5,auto,499.97,499.85,449,2.72,5.76,0.76,Normal
7/1/2021 6:38,A/P/2/1,58,60,9,9,3.65,3.07,-65.5,auto,499.97,499.85,449,2.72,5.76,0.76,Normal
7/1/2021 6:38,P/A/1/2,9,11,9,9,778.91,1.06,-61.5,auto,499.97,499.85,449,2.72,5.76,0.76,Normal
7/1/2021 6:38,A/P/2/1,57,60,9,9,5.04,3.3,-66.5,auto,499.97,499.85,449,2.72,5.76,0.76,Normal
7/1/2021 6:38,A/P/2/1,58,60,9,9,5.02,6.1,-65,auto,499.97,499.85,449,2.72,5.76,0.76,Normal
7/1/2021 6:38,P/A/1/2,7,11,9,10,718.46,1.06,-61.5,auto,499.97,499.85,449,2.72,5.76,0.76,Normal
7/1/2021 6:38,P/A/1/2,7,11,9,10,597.42,0.45,-61,auto,499.97,499.85,449,3.26,7.86,0.69,Normal
7/1/2021 6:38,A/P/2/1,57,60,9,9,4.84,1.08,-66.5,auto,499.97,499.85,449,3.26,7.86,0.69,Normal
7/1/2021 6:38,P/A/1/2,7,11,9,9,772.54,0.4,-61.5,auto,499.97,499.85,449,3.26,7.86,0.69,Normal
7/1/2021 6:38,A/P/2/1,58,60,9,9,4.16,2.03,-66.5,auto,499.97,499.85,449,3.26,7.86,0.69,Normal
7/1/2021 6:38,P/A/1/2,7,11,9,10,473.7,0.46,-61,auto,499.93,497.72,351,3.26,7.86,0.69,Normal
7/1/2021 6:38,P/A/1/2,9,11,9,10,433.5,0.68,-60.5,auto,499.93,497.72,351,3.26,7.86,0.69,Normal
7/1/2021 6:38,A/P/2/1,57,60,9,9,3.19,3.21,-66.5,auto,499.93,497.72,351,3.26,7.86,0.69,Normal
7/1/2021 6:38,A/P/2/1,58,60,9,9,4.29,2.99,-65.5,auto,499.93,497.72,351,3.26,7.86,0.69,Normal
7/1/2021 6:38,P/A/1/2,7,11,10,9,745.47,1.38,-60.83,auto,499.93,497.72,351,3.26,7.86,0.69,Normal
7/1/2021 6:38,A/P/2/1,57,60,9,9,4.92,1.67,-66.5,auto,499.93,497.72,351,3.26,7.86,0.69,Normal
7/1/2021 6:38,P/A/1/2,7,11,9,9,559.69,1.72,-61,auto,499.93,497.72,351,3.26,7.86,0.69,Normal
7/1/2021 6:38,A/P/2/1,57,60,9,9,3.74,2.36,-66.5,auto,499.93,497.72,351,3.26,7.86,0.69,Normal
7/1/2021 6:38,A/P/2/1,58,60,9,9,2.55,2.47,-65.5,auto,499.93,497.72,351,3.26,7.86,0.69,Normal
7/1/2021 6:38,P/A/1/2,7,11,9,9,794.26,2.06,-61.5,auto,499.93,497.72,351,3.26,7.86,0.69,Normal
7/1/2021 6:38,P/A/1/2,7,11,9,9,638.27,3.31,-61,auto,499.93,497.72,351,3.26,7.86,0.69,Normal
7/1/2021 6:38,A/P/2/1,58,60,9,9,0.7,1.92,-65,auto,499.93,497.72,351,3.26,7.86,0.69,Normal
7/1/2021 6:38,P/A/1/2,9,11,9,9,317.42,3.07,-60,auto,495.09,489.22,177,3.26,7.86,0.69,Normal
7/1/2021 6:38,A/P/2/1,58,60,9,9,1.66,2.3,-65.5,auto,495.09,489.22,177,3.26,7.86,0.69,Normal
7/1/2021 6:38,P/A/1/2,7,11,9,9,562.01,0.47,-61.5,auto,495.09,489.22,177,1.73,3.9,0.63,Normal
7/1/2021 6:38,A/P/2/1,58,60,9,9,3.07,2.61,-65.5,auto,495.09,489.22,177,1.73,3.9,0.63,Normal
7/1/2021 6:38,P/A/1/2,7,11,9,9,806.61,1.06,-61,auto,495.09,489.22,177,1.73,3.9,0.63,Normal
7/1/2021 6:38,A/P/2/1,58,60,10,9,4.49,3.06,-65,auto,495.09,489.22,177,1.73,3.9,0.63,Normal
7/1/2021 6:38,P/A/1/2,7,11,9,9,571.66,1.17,-61,auto,495.09,489.22,177,1.73,3.9,0.63,Normal
7/1/2021 6:38,A/P/2/1,58,60,10,9,3.67,3.47,-66.5,auto,495.09,489.22,177,1.73,3.9,0.63,Normal
7/1/2021 6:38,P/A/1/2,9,11,9,9,781.01,1,-60,auto,495.09,489.22,177,1.73,3.9,0.63,Normal
7/1/2021 6:38,A/P/2/1,58,60,10,9,3.04,9.41,-65.5,auto,495.09,489.22,177,1.73,3.9,0.63,Normal
7/1/2021 6:38,A/P/2/1,58,60,10,9,3.09,5.28,-65,auto,495.09,489.22,177,1.73,3.9,0.63,Normal
7/1/2021 6:38,P/A/1/2,7,11,9,9,781.76,0.59,-61.5,auto,495.09,489.22,177,1.73,3.9,0.63,Normal
7/1/2021 6:38,A/P/2/1,57,60,9,9,3.47,1.16,-66.5,auto,481.37,477.36,177,1.73,3.9,0.63,Normal
7/1/2021 6:38,P/A/1/2,9,11,10,9,696.83,0.77,-60.5,auto,481.37,477.36,177,1.73,3.9,0.63,Normal
7/1/2021 6:38,P/A/1/2,7,11,9,9,611.9,2.5,-61.5,auto,481.37,477.36,177,1.73,3.9,0.63,Normal
7/1/2021 6:38,A/P/2/1,57,60,9,9,3.85,2.15,-66.5,auto,481.37,477.36,177,1.73,3.9,0.63,Normal
7/1/2021 6:38,P/A/1/2,9,11,9,9,786.44,4.6,-60.5,auto,481.37,477.36,177,1.73,3.9,0.63,Normal
7/1/2021 6:38,A/P/2/1,57,60,9,9,4.17,1.77,-66.5,auto,481.37,477.36,177,1.73,3.9,0.63,Normal
7/1/2021 6:38,P/A/1/2,8,11,9,10,624.36,0.78,-62,auto,481.37,477.36,177,1.73,3.9,0.63,Normal
7/1/2021 6:38,A/P/2/1,58,60,9,9,3.93,3.52,-66.5,auto,481.37,477.36,177,1.73,3.9,0.63,Normal
7/1/2021 6:38,P/A/1/2,7,11,9,10,601.8,1.32,-61,auto,481.37,477.36,177,1.73,3.9,0.63,Normal
7/1/2021 6:38,A/P/2/1,57,60,9,9,2.5,1.9,-66.5,auto,481.37,477.36,177,1.73,3.9,0.63,Normal
7/1/2021 6:38,P/A/1/2,9,11,9,9,917.68,0.67,-60,auto,481.37,477.36,177,1.73,3.9,0.63,Normal
7/1/2021 6:38,A/P/2/1,58,60,9,9,4.27,0,-65,auto,481.37,477.36,177,1.73,3.9,0.63,Normal
7/1/2021 6:38,P/A/1/2,7,11,9,9,448.03,0.97,-61,auto,499.92,498.44,51,1.82,4.15,0.76,Normal
7/1/2021 6:38,A/P/2/1,58,60,9,10,0.04,1.52,-65.75,auto,499.92,498.44,51,1.82,4.15,0.76,Normal
7/1/2021 6:38,A/P/2/1,57,60,10,9,1.97,3.89,-66.5,auto,499.92,498.44,51,1.82,4.15,0.76,Normal
7/1/2021 6:38,P/A/1/2,7,11,9,9,413.73,0.61,-61,auto,499.92,498.44,51,1.82,4.15,0.76,Normal
7/1/2021 6:38,P/A/1/2,7,11,9,9,856.37,1.41,-61.5,auto,499.92,498.44,51,1.82,4.15,0.76,Normal
7/1/2021 6:38,A/P/2/1,58,60,10,11,5.27,3.34,-65.5,auto,499.92,498.44,51,1.82,4.15,0.76,Normal
7/1/2021 6:38,P/A/1/2,7,11,9,9,598.36,0.37,-61,auto,499.92,498.44,51,1.82,4.15,0.76,Normal
7/1/2021 6:38,A/P/2/1,58,60,9,10,4.17,2.79,-65,auto,499.92,498.44,51,1.82,4.15,0.76,Normal
7/1/2021 6:38,P/A/1/2,7,11,9,10,732.09,0.72,-61,auto,499.92,498.44,51,1.82,4.15,0.76,Normal
7/1/2021 6:38,A/P/2/1,58,60,10,9,3.02,2.52,-65,auto,499.92,498.44,51,1.82,4.15,0.76,Normal
7/1/2021 6:38,P/A/1/2,7,11,9,9,663.72,1.04,-61,auto,499.92,498.44,51,1.82,4.15,0.76,Normal
7/1/2021 6:38,A/P/2/1,58,60,9,9,1.88,5.77,-65.5,auto,499.92,498.44,51,1.82,4.15,0.76,Normal
7/1/2021 6:38,P/A/1/2,7,11,9,9,595.35,0.72,-61.5,auto,499.92,498.44,51,1.82,4.15,0.76,Normal
7/1/2021 6:38,A/P/2/1,58,60,9,9,0.73,4.34,-65,auto,499.92,498.44,51,1.82,4.15,0.76,Normal
7/1/2021 6:38,A/P/2/1,58,60,9,9,2.18,2.92,-65.5,auto,499.95,497.97,200,1.82,4.15,0.76,Normal
7/1/2021 6:38,P/A/1/2,7,11,9,9,323.49,0.5,-60.5,auto,499.95,497.97,200,1.82,4.15,0.76,Normal
7/1/2021 6:38,A/P/2/1,57,60,9,9,3.31,9.01,-66.5,auto,499.95,497.97,200,1.82,4.15,0.76,Normal
7/1/2021 6:38,P/A/1/2,7,11,9,9,788.82,1.79,-59.5,auto,499.95,497.97,200,1.82,4.15,0.76,Normal
7/1/2021 6:38,P/A/1/2,7,11,9,9,666.18,1.01,-61.5,auto,499.95,497.97,200,1.82,4.15,0.76,Normal
7/1/2021 6:38,A/P/2/1,58,60,9,9,4.44,2.13,-65,auto,499.95,497.97,200,1.82,4.15,0.76,Normal
7/1/2021 6:38,P/A/1/2,7,11,9,9,633.98,1.09,-61,auto,499.95,497.97,200,2.13,5.07,0.46,Normal
7/1/2021 6:38,P/A/1/2,7,11,9,9,780.09,0.4,-61.12,auto,499.95,497.97,200,2.13,5.07,0.46,Normal
7/1/2021 6:38,A/P/2/1,58,60,9,9,3.05,1.78,-65.5,auto,499.95,497.97,200,2.13,5.07,0.46,Normal
7/1/2021 6:38,P/A/1/2,9,11,9,9,784.92,0.39,-61.25,auto,499.95,497.97,200,2.13,5.07,0.46,Normal
7/1/2021 6:38,A/P/2/1,58,60,9,9,2.34,2.74,-65,auto,499.95,497.97,200,2.13,5.07,0.46,Normal
7/1/2021 6:38,A/P/2/1,57,60,9,9,0.81,2.91,-66.5,auto,483.59,477.68,291,2.13,5.07,0.46,Normal
7/1/2021 6:38,P/A/1/2,7,11,9,9,651.36,0.78,-61.5,auto,483.59,477.68,291,2.13,5.07,0.46,Normal
7/1/2021 6:38,A/P/2/1,58,60,9,9,4.55,1.97,-65.5,auto,483.59,477.68,291,2.13,5.07,0.46,Normal
7/1/2021 6:38,P/A/1/2,7,11,9,10,672.66,1.14,-61,auto,483.59,477.68,291,2.13,5.07,0.46,Normal
7/1/2021 6:38,A/P/2/1,58,60,9,9,4.85,1.62,-65.5,auto,483.59,477.68,291,2.13,5.07,0.46,Normal
7/1/2021 6:38,A/P/2/1,57,60,9,9,4.34,2.92,-66.5,auto,483.59,477.68,291,2.13,5.07,0.46,Normal
7/1/2021 6:38,P/A/1/2,7,11,9,10,698.29,0,-61,auto,483.59,477.68,291,2.13,5.07,0.46,Normal
7/1/2021 6:38,P/A/1/2,7,11,9,10,808.87,0.8,-61,auto,483.59,477.68,291,2.13,5.07,0.46,Normal
7/1/2021 6:38,A/P/2/1,58,60,9,9,4.36,1.94,-65.5,auto,483.59,477.68,291,2.13,5.07,0.46,Normal
7/1/2021 6:38,P/A/1/2,7,11,9,9,586.24,0.27,-61.5,auto,483.59,477.68,291,2.13,5.07,0.46,Normal
7/1/2021 6:38,A/P/2/1,58,60,9,9,2.2,2.66,-65,auto,483.59,477.68,291,2.13,5.07,0.46,Normal
7/1/2021 6:38,P/A/1/2,7,11,9,9,363.6,0.57,-60.75,auto,483.59,477.68,291,2.13,5.07,0.46,Normal
7/1/2021 6:38,A/P/2/1,58,60,9,9,0.04,2.62,-65,auto,483.59,477.68,291,2.13,5.07,0.46,Normal
7/1/2021 6:38,P/A/1/2,9,11,9,9,539.78,3.86,-60,auto,483.59,477.68,291,2.13,5.07,0.46,Normal
7/1/2021 6:38,A/P/2/1,58,60,9,9,4.1,2.78,-65.5,auto,483.59,477.68,291,2.13,5.07,0.46,Normal
7/1/2021 6:38,P/A/1/2,7,11,9,9,589.43,0.62,-61.5,auto,483.59,477.68,291,2.13,5.07,0.46,Normal
7/1/2021 6:38,A/P/2/1,58,60,9,9,4.56,2.24,-65,auto,483.59,477.68,291,2.13,5.07,0.46,Normal
7/1/2021 6:38,P/A/1/2,7,11,9,9,639.08,1.31,-61.5,auto,483.59,477.68,291,2.13,5.07,0.46,Normal
7/1/2021 6:38,A/P/2/1,57,60,9,9,5.02,1.66,-66.5,auto,483.59,477.68,291,2.13,5.07,0.46,Normal
7/1/2021 6:38,P/A/1/2,6,11,9,9,770.69,0.82,-61.5,auto,483.59,477.68,291,2.13,5.07,0.46,Normal
7/1/2021 6:38,A/P/2/1,57,60,9,9,2.61,3.72,-66.5,auto,483.59,477.68,291,2.13,5.07,0.46,Normal
6/19/2021 7:47,P/A/1/2,60,11,7,9,416.5,0.31,-72.5,auto,360.47,359.37,499,6.39,26.67,0.55,Long-term blockage
6/19/2021 7:47,A/P/2/1,58,31,9,7,2.51,3.91,-69,auto,360.47,359.37,499,6.39,26.67,0.55,Long-term blockage
6/19/2021 7:47,P/A/1/2,61,11,7,9,542.64,0.33,-71,auto,360.47,359.37,499,1.44,3.71,0.49,Long-term blockage
6/19/2021 7:47,A/P/2/1,58,31,9,7,1.79,2.77,-69.5,auto,360.47,359.37,499,1.44,3.71,0.49,Long-term blockage
6/19/2021 7:47,P/A/1/2,62,11,7,9,86.68,0.32,-71,auto,402.45,401.1,535,1.44,3.71,0.49,Long-term blockage
6/19/2021 7:47,A/P/2/1,58,31,9,7,1.07,3.96,-69,auto,402.45,401.1,535,1.44,3.71,0.49,Long-term blockage
6/19/2021 7:47,P/A/1/2,62,11,7,9,414.86,0.42,-71,auto,402.45,401.1,535,1.44,3.71,0.49,Long-term blockage
6/19/2021 7:47,A/P/2/1,58,31,9,7,2.35,5.14,-69.5,auto,402.45,401.1,535,1.44,3.71,0.49,Long-term blockage
6/19/2021 7:47,P/A/1/2,62,11,6,9,496.22,0.58,-71,auto,402.45,401.1,535,1.44,3.71,0.49,Long-term blockage
6/19/2021 7:47,A/P/2/1,57,31,9,6,3.62,1.8,-70.5,auto,402.45,401.1,535,1.44,3.71,0.49,Long-term blockage
6/19/2021 7:47,P/A/1/2,62,11,7,9,613.95,0.81,-71,auto,402.45,401.1,535,1.44,3.71,0.49,Long-term blockage
6/19/2021 7:47,A/P/2/1,58,31,9,7,3.19,6.08,-69.5,auto,402.45,401.1,535,1.44,3.71,0.49,Long-term blockage
6/19/2021 7:47,P/A/1/2,62,11,7,10,505.32,0.7,-71,auto,402.45,401.1,535,1.44,3.71,0.49,Long-term blockage
6/19/2021 7:47,A/P/2/1,58,31,9,8,3,3.62,-69,auto,402.45,401.1,535,1.44,3.71,0.49,Long-term blockage
6/19/2021 7:47,A/P/2/1,57,31,9,7,2.8,3.88,-70.5,auto,402.45,401.1,535,1.44,3.71,0.49,Long-term blockage
6/19/2021 7:47,P/A/1/2,62,11,7,9,396.69,0.61,-71,auto,402.45,401.1,535,1.44,3.71,0.49,Long-term blockage
6/19/2021 7:47,P/A/1/2,62,11,8,9,163.87,0.41,-71.75,auto,466.02,461.72,400,1.44,3.71,0.49,Long-term blockage
6/19/2021 7:47,A/P/2/1,58,31,9,8,1.46,9.19,-69,auto,466.02,461.72,400,1.44,3.71,0.49,Long-term blockage
6/19/2021 7:47,P/A/1/2,60,11,7,9,302,0.26,-72.5,auto,466.02,461.72,400,1.44,3.71,0.49,Long-term blockage
6/19/2021 7:47,A/P/2/1,58,31,9,8,1.29,4.27,-69,auto,466.02,461.72,400,1.44,3.71,0.49,Long-term blockage
6/19/2021 7:47,P/A/1/2,61,11,8,9,528.47,0.19,-71.5,auto,466.02,461.72,400,1.44,3.71,0.49,Long-term blockage
6/19/2021 7:47,A/P/2/1,57,31,9,7,3.07,8.62,-70,auto,466.02,461.72,400,1.44,3.71,0.49,Long-term blockage
6/19/2021 7:47,P/A/1/2,61,11,7,10,538.15,0.45,-71.5,auto,466.02,461.72,400,8.82,41.56,0.53,Long-term blockage
6/19/2021 7:47,A/P/2/1,57,31,9,7,3.2,7.11,-70.5,auto,466.02,461.72,400,8.82,41.56,0.53,Long-term blockage
6/19/2021 7:47,P/A/1/2,62,11,7,9,547.83,0.49,-71,auto,466.02,461.72,400,8.82,41.56,0.53,Long-term blockage
6/19/2021 7:47,A/P/2/1,58,31,9,7,3.33,6.95,-69,auto,466.02,461.72,400,8.82,41.56,0.53,Long-term blockage
6/19/2021 7:47,P/A/1/2,62,11,7,9,603.54,0.47,-71,auto,466.02,461.72,400,8.82,41.56,0.53,Long-term blockage
6/19/2021 7:47,A/P/2/1,58,31,9,7,3.45,4.99,-69.5,auto,466.02,461.72,400,8.82,41.56,0.53,Long-term blockage
6/19/2021 7:47,A/P/2/1,58,31,9,7,2.14,3.02,-69,auto,442.28,440.67,282,8.82,41.56,0.53,Long-term blockage
6/19/2021 7:47,P/A/1/2,61,11,7,9,428.68,0.36,-71.5,auto,442.28,440.67,282,8.82,41.56,0.53,Long-term blockage
6/19/2021 7:47,P/A/1/2,62,11,7,9,253.83,0.3,-72.5,auto,442.28,440.67,282,8.82,41.56,0.53,Long-term blockage
6/19/2021 7:47,A/P/2/1,57,31,9,7,0.83,7.17,-69.75,auto,442.28,440.67,282,8.82,41.56,0.53,Long-term blockage
6/19/2021 7:47,P/A/1/2,62,11,7,9,443.48,1.04,-71,auto,442.28,440.67,282,8.82,41.56,0.53,Long-term blockage
6/19/2021 7:47,A/P/2/1,57,31,9,8,3.07,7.36,-70.5,auto,442.28,440.67,282,8.82,41.56,0.53,Long-term blockage
6/19/2021 7:47,P/A/1/2,62,11,7,9,598.75,0.58,-71,auto,442.28,440.67,282,8.82,41.56,0.53,Long-term blockage
6/19/2021 7:47,P/A/1/2,60,11,7,9,459.83,0.35,-72.5,auto,442.28,440.67,282,8.82,41.56,0.53,Long-term blockage
6/19/2021 7:47,A/P/2/1,57,31,9,7,3.03,4.4,-70.5,auto,442.28,440.67,282,8.82,41.56,0.53,Long-term blockage
6/19/2021 7:47,P/A/1/2,61,11,8,9,320.91,0.43,-71.5,auto,442.28,440.67,282,8.82,41.56,0.53,Long-term blockage
6/19/2021 7:47,A/P/2/1,58,31,10,7,2.24,5.3,-69,auto,442.28,440.67,282,8.82,41.56,0.53,Long-term blockage
6/19/2021 7:47,P/A/1/2,60,11,8,9,181.98,0.92,-72.5,auto,405.13,401.18,429,8.82,41.56,0.53,Long-term blockage
6/19/2021 7:47,A/P/2/1,58,31,9,7,1.46,3.64,-69,auto,405.13,401.18,429,8.82,41.56,0.53,Long-term blockage
6/19/2021 7:47,P/A/1/2,61,11,7,9,262.81,0.56,-72.5,auto,405.13,401.18,429,5.11,20.99,0.37,Long-term blockage
6/19/2021 7:47,A/P/2/1,58,31,9,8,0.68,4.44,-69,auto,405.13,401.18,429,5.11,20.99,0.37,Long-term blockage
6/19/2021 7:47,A/P/2/1,57,31,10,7,3.74,4.35,-69,auto,405.13,401.18,429,5.11,20.99,0.37,Long-term blockage
6/19/2021 7:47,P/A/1/2,62,11,7,9,492.48,0.71,-71,auto,405.13,401.18,429,5.11,20.99,0.37,Long-term blockage
6/19/2021 7:47,P/A/1/2,62,11,7,9,606.93,0.69,-71,auto,405.13,401.18,429,5.11,20.99,0.37,Long-term blockage
6/19/2021 7:47,A/P/2/1,58,31,10,7,3.16,8.91,-69,auto,405.13,401.18,429,5.11,20.99,0.37,Long-term blockage
6/19/2021 7:48,P/A/1/2,60,11,7,9,466.02,0.47,-72.5,auto,405.13,401.18,429,5.11,20.99,0.37,Long-term blockage
6/19/2021 7:48,A/P/2/1,58,31,9,7,3.09,4.56,-69.5,auto,405.13,401.18,429,5.11,20.99,0.37,Long-term blockage
6/19/2021 7:48,P/A/1/2,60,11,8,9,421.15,0.57,-72.5,auto,405.13,401.18,429,5.11,20.99,0.37,Long-term blockage
6/19/2021 7:48,A/P/2/1,58,31,10,8,2.71,6.39,-69.5,auto,405.13,401.18,429,5.11,20.99,0.37,Long-term blockage
6/19/2021 7:48,P/A/1/2,60,11,8,9,324.73,0.35,-72.5,auto,435.02,433.91,578,5.11,20.99,0.37,Long-term blockage
6/19/2021 7:48,A/P/2/1,57,31,9,8,2.6,8.56,-70,auto,435.02,433.91,578,5.11,20.99,0.37,Long-term blockage
6/19/2021 7:48,P/A/1/2,61,11,7,9,167.92,0.9,-71.5,auto,435.02,433.91,578,5.11,20.99,0.37,Long-term blockage
6/19/2021 7:48,A/P/2/1,58,31,9,8,0.46,10.73,-69,auto,435.02,433.91,578,5.11,20.99,0.37,Long-term blockage
6/19/2021 7:48,A/P/2/1,57,31,9,7,3.38,9.25,-70,auto,435.02,433.91,578,5.11,20.99,0.37,Long-term blockage
6/19/2021 7:48,A/P/2/1,58,31,10,7,2.61,7.76,-69,auto,435.02,433.91,578,5.11,20.99,0.37,Long-term blockage
6/19/2021 7:48,P/A/1/2,62,11,7,9,403.7,0.57,-71,auto,435.02,433.91,578,5.11,20.99,0.37,Long-term blockage
6/19/2021 7:48,P/A/1/2,62,11,7,9,532.72,0.44,-71.75,auto,435.02,433.91,578,5.11,20.99,0.37,Long-term blockage
6/19/2021 7:48,A/P/2/1,57,31,9,7,3.17,3.89,-70.5,auto,435.02,433.91,578,5.11,20.99,0.37,Long-term blockage
6/19/2021 7:48,P/A/1/2,60,11,7,9,397.16,0.15,-72.5,auto,435.02,433.91,578,1.5,2.76,0.57,Long-term blockage
6/19/2021 7:48,A/P/2/1,58,31,9,7,2.42,6.48,-69.5,auto,435.02,433.91,578,1.5,2.76,0.57,Long-term blockage
6/19/2021 7:48,P/A/1/2,60,11,8,9,390.72,0.84,-72.5,auto,413.86,412.23,497,1.5,2.76,0.57,Long-term blockage
6/19/2021 7:48,A/P/2/1,58,31,8,8,1.24,2.58,-69,auto,413.86,412.23,497,1.5,2.76,0.57,Long-term blockage
6/19/2021 7:48,P/A/1/2,60,11,7,10,129.31,0.85,-72.5,auto,413.86,412.23,497,1.5,2.76,0.57,Long-term blockage
6/19/2021 7:48,A/P/2/1,57,31,9,8,0.06,5.51,-70,auto,413.86,412.23,497,1.5,2.76,0.57,Long-term blockage
6/19/2021 7:48,P/A/1/2,62,11,7,10,560.52,0.47,-71,auto,413.86,412.23,497,1.5,2.76,0.57,Long-term blockage
6/19/2021 7:48,A/P/2/1,58,31,9,7,3.48,9.29,-69,auto,413.86,412.23,497,1.5,2.76,0.57,Long-term blockage
6/19/2021 7:48,P/A/1/2,62,11,7,9,560.55,0.42,-71,auto,413.86,412.23,497,1.5,2.76,0.57,Long-term blockage
6/19/2021 7:48,A/P/2/1,58,31,9,7,4.01,8,-69.5,auto,413.86,412.23,497,1.5,2.76,0.57,Long-term blockage
6/19/2021 7:48,A/P/2/1,57,31,9,7,2.63,4.72,-70.5,auto,413.86,412.23,497,1.5,2.76,0.57,Long-term blockage
6/19/2021 7:48,P/A/1/2,60,11,8,9,352.99,0.08,-71.17,auto,413.86,412.23,497,1.5,2.76,0.57,Long-term blockage
6/19/2021 7:48,P/A/1/2,60,11,7,9,451.29,0.47,-71.33,auto,413.86,412.23,497,1.5,2.76,0.57,Long-term blockage
6/19/2021 7:48,A/P/2/1,58,31,9,7,2.7,6.78,-69,auto,413.86,412.23,497,1.5,2.76,0.57,Long-term blockage
6/19/2021 7:48,P/A/1/2,61,11,7,9,451.85,0.43,-71.5,auto,430.07,428.78,334,1.5,2.76,0.57,Long-term blockage
6/19/2021 7:48,A/P/2/1,58,31,9,7,3.38,7.89,-69,auto,430.07,428.78,334,1.5,2.76,0.57,Long-term blockage
6/19/2021 7:48,P/A/1/2,61,11,7,9,93.81,0.38,-71.5,auto,430.07,428.78,334,1.5,2.76,0.57,Long-term blockage
6/19/2021 7:48,A/P/2/1,58,31,9,7,0.16,1.53,-69,auto,430.07,428.78,334,1.5,2.76,0.57,Long-term blockage
6/19/2021 7:48,P/A/1/2,60,11,7,9,470.6,0.23,-71.25,auto,430.07,428.78,334,1.5,2.76,0.57,Long-term blockage
6/19/2021 7:48,A/P/2/1,58,31,9,7,2.41,6.25,-69.5,auto,430.07,428.78,334,1.5,2.76,0.57,Long-term blockage
6/19/2021 7:48,P/A/1/2,62,11,6,9,632.18,0.38,-71,auto,430.07,428.78,334,4.83,36.91,0.46,Long-term blockage
6/19/2021 7:48,A/P/2/1,58,31,9,7,3.46,7.12,-69.5,auto,430.07,428.78,334,4.83,36.91,0.46,Long-term blockage
6/19/2021 7:48,P/A/1/2,60,11,7,9,439.97,0.08,-72.5,auto,430.07,428.78,334,4.83,36.91,0.46,Long-term blockage
6/19/2021 7:48,A/P/2/1,58,31,9,6,3.03,4.21,-69,auto,430.07,428.78,334,4.83,36.91,0.46,Long-term blockage
6/19/2021 7:48,A/P/2/1,58,31,9,7,3.52,6.37,-69,auto,430.07,428.78,334,4.83,36.91,0.46,Long-term blockage
6/19/2021 7:48,P/A/1/2,61,11,8,9,619.12,0.07,-71.5,auto,430.07,428.78,334,4.83,36.91,0.46,Long-term blockage
6/19/2021 7:48,P/A/1/2,61,11,7,9,462.64,0.66,-71.5,auto,464.89,463.74,394,4.83,36.91,0.46,Long-term blockage
6/19/2021 7:48,A/P/2/1,58,31,9,7,3.14,4.77,-69,auto,464.89,463.74,394,4.83,36.91,0.46,Long-term blockage
6/19/2021 7:48,P/A/1/2,60,11,6,9,574.89,0.3,-72.5,auto,464.89,463.74,394,4.83,36.91,0.46,Long-term blockage
6/19/2021 7:48,A/P/2/1,58,31,9,7,0.42,4.24,-69,auto,464.89,463.74,394,4.83,36.91,0.46,Long-term blockage
6/19/2021 7:48,P/A/1/2,60,11,7,9,559.62,0.17,-72.5,auto,464.89,463.74,394,4.83,36.91,0.46,Long-term blockage
6/19/2021 7:48,A/P/2/1,58,31,9,6,2.85,5.6,-69,auto,464.89,463.74,394,4.83,36.91,0.46,Long-term blockage
6/19/2021 7:48,P/A/1/2,62,11,7,9,432.48,0.81,-71,auto,464.89,463.74,394,4.83,36.91,0.46,Long-term blockage
6/19/2021 7:48,A/P/2/1,58,31,9,6,3.64,3.7,-69.5,auto,464.89,463.74,394,4.83,36.91,0.46,Long-term blockage
6/19/2021 7:48,P/A/1/2,60,11,7,9,495.65,0.45,-72.5,auto,464.89,463.74,394,4.83,36.91,0.46,Long-term blockage
6/19/2021 7:48,A/P/2/1,57,31,9,7,3.47,3.98,-70.5,auto,464.89,463.74,394,4.83,36.91,0.46,Long-term blockage
6/19/2021 7:48,P/A/1/2,60,11,8,9,558.82,0.64,-72.5,auto,464.89,463.74,394,4.83,36.91,0.46,Long-term blockage
6/19/2021 7:48,A/P/2/1,58,31,9,8,3.15,5.04,-69.5,auto,469.69,468.47,264,4.83,36.91,0.46,Long-term blockage
6/19/2021 7:48,P/A/1/2,60,11,8,9,42.26,0.61,-72.5,auto,469.69,468.47,264,4.83,36.91,0.46,Long-term blockage
6/19/2021 7:48,P/A/1/2,60,11,7,9,353.77,0.36,-72.5,auto,469.69,468.47,264,1.96,10.35,0.43,Long-term blockage
6/19/2021 7:48,A/P/2/1,58,31,9,8,0.85,3.39,-69,auto,469.69,468.47,264,1.96,10.35,0.43,Long-term blockage
6/19/2021 7:48,P/A/1/2,61,11,6,9,434.49,0.78,-71,auto,469.69,468.47,264,1.96,10.35,0.43,Long-term blockage
6/19/2021 7:48,A/P/2/1,57,31,9,7,1.71,5.79,-70.5,auto,469.69,468.47,264,1.96,10.35,0.43,Long-term blockage
6/19/2021 7:48,P/A/1/2,62,11,7,9,594.13,0.27,-71,auto,469.69,468.47,264,1.96,10.35,0.43,Long-term blockage
6/19/2021 7:48,A/P/2/1,57,31,9,7,2.56,8.19,-70.5,auto,469.69,468.47,264,1.96,10.35,0.43,Long-term blockage
6/19/2021 7:48,P/A/1/2,60,11,7,9,503.23,0.29,-72.5,auto,469.69,468.47,264,1.96,10.35,0.43,Long-term blockage
6/19/2021 7:48,A/P/2/1,58,31,9,7,3.41,2.73,-69.5,auto,469.69,468.47,264,1.96,10.35,0.43,Long-term blockage
6/19/2021 7:48,P/A/1/2,60,11,7,9,412.33,0.69,-72.5,auto,469.69,468.47,264,1.96,10.35,0.43,Long-term blockage
6/19/2021 7:48,A/P/2/1,58,31,9,7,2.98,8.15,-69,auto,469.69,468.47,264,1.96,10.35,0.43,Long-term blockage
6/19/2021 7:48,P/A/1/2,60,11,7,9,77.67,0.6,-72.5,auto,469.69,468.47,264,1.96,10.35,0.43,Long-term blockage
6/19/2021 7:48,A/P/2/1,57,31,9,7,2.55,4,-70.5,auto,469.69,468.47,264,1.96,10.35,0.43,Long-term blockage
6/19/2021 7:48,P/A/1/2,62,11,7,9,486.05,0.81,-71,auto,396.48,395.26,558,1.96,10.35,0.43,Long-term blockage
6/19/2021 7:48,A/P/2/1,58,31,9,7,1.04,5.66,-69,auto,396.48,395.26,558,1.96,10.35,0.43,Long-term blockage
6/19/2021 7:48,A/P/2/1,58,31,9,7,2.71,6.37,-69.5,auto,396.48,395.26,558,1.96,10.35,0.43,Long-term blockage
6/19/2021 7:48,P/A/1/2,61,11,7,10,571.02,0.37,-71.5,auto,396.48,395.26,558,1.96,10.35,0.43,Long-term blockage
6/19/2021 7:48,P/A/1/2,62,11,9,9,448.61,0.44,-71.5,auto,396.48,395.26,558,1.96,10.35,0.43,Long-term blockage
6/19/2021 7:48,A/P/2/1,58,31,9,7,3.6,7.08,-69.5,auto,396.48,395.26,558,1.96,10.35,0.43,Long-term blockage
6/19/2021 7:48,P/A/1/2,62,11,7,9,524.84,0.41,-71.83,auto,396.48,395.26,558,1.96,10.35,0.43,Long-term blockage
6/19/2021 7:48,A/P/2/1,57,31,9,7,3.22,2.88,-70.5,auto,396.48,395.26,558,1.96,10.35,0.43,Long-term blockage
6/19/2021 7:48,A/P/2/1,58,31,9,7,2.84,5.59,-69.5,auto,396.48,395.26,558,3.98,20.57,0.8,Long-term blockage
6/19/2021 7:48,P/A/1/2,60,11,7,9,82.25,1.19,-72.5,auto,396.48,395.26,558,3.98,20.57,0.8,Long-term blockage
6/19/2021 7:48,A/P/2/1,57,31,9,8,3.17,8.99,-69.25,auto,396.48,395.26,558,3.98,20.57,0.8,Long-term blockage
6/19/2021 7:48,A/P/2/1,58,31,9,7,0.95,7.06,-69,auto,445.34,444.23,234,3.98,20.57,0.8,Long-term blockage
6/19/2021 7:48,P/A/1/2,62,11,6,9,237.67,0.38,-71,auto,445.34,444.23,234,3.98,20.57,0.8,Long-term blockage
6/19/2021 7:48,A/P/2/1,57,31,9,6,1.18,7.82,-70.5,auto,445.34,444.23,234,3.98,20.57,0.8,Long-term blockage
6/19/2021 7:48,P/A/1/2,62,11,7,9,542.73,0.76,-71,auto,445.34,444.23,234,3.98,20.57,0.8,Long-term blockage
6/19/2021 7:48,A/P/2/1,58,31,9,7,2.9,6.68,-69.5,auto,445.34,444.23,234,3.98,20.57,0.8,Long-term blockage
6/19/2021 7:48,A/P/2/1,58,31,9,7,2.86,3.75,-69.5,auto,445.34,444.23,234,3.98,20.57,0.8,Long-term blockage
6/19/2021 7:48,P/A/1/2,62,11,7,9,485.63,0.23,-71.5,auto,445.34,444.23,234,3.98,20.57,0.8,Long-term blockage
6/19/2021 7:48,P/A/1/2,62,11,8,9,470.73,0.64,-71,auto,445.34,444.23,234,3.98,20.57,0.8,Long-term blockage
6/19/2021 7:48,A/P/2/1,58,31,9,7,2.82,3.35,-69.5,auto,445.34,444.23,234,3.98,20.57,0.8,Long-term blockage
6/19/2021 7:48,P/A/1/2,62,11,7,9,455.82,0.46,-71,auto,445.34,444.23,234,3.98,20.57,0.8,Long-term blockage
6/19/2021 7:48,A/P/2/1,58,31,9,7,2.12,5.83,-69.5,auto,445.34,444.23,234,3.98,20.57,0.8,Long-term blockage
6/19/2021 7:48,P/A/1/2,62,11,7,9,128.09,0.74,-71.5,auto,391.57,390.05,520,3.98,20.57,0.8,Long-term blockage
6/19/2021 7:48,A/P/2/1,58,31,9,7,1.42,8.89,-69,auto,391.57,390.05,520,3.98,20.57,0.8,Long-term blockage
6/19/2021 7:48,P/A/1/2,62,11,7,9,352.68,0.7,-71,auto,391.57,390.05,520,3.98,20.57,0.8,Long-term blockage
6/19/2021 7:48,A/P/2/1,58,31,9,7,1.42,9.03,-69,auto,391.57,390.05,520,3.98,20.57,0.8,Long-term blockage
6/19/2021 7:48,P/A/1/2,62,11,7,9,575.11,0.39,-71,auto,391.57,390.05,520,5.03,32.68,0.42,Long-term blockage
6/19/2021 7:48,A/P/2/1,58,31,9,7,3.84,2.76,-69,auto,391.57,390.05,520,5.03,32.68,0.42,Long-term blockage
6/19/2021 7:48,P/A/1/2,60,11,7,9,583.01,0.56,-72.5,auto,391.57,390.05,520,5.03,32.68,0.42,Long-term blockage
6/19/2021 7:48,A/P/2/1,58,31,9,8,3.37,3.61,-69.25,auto,391.57,390.05,520,5.03,32.68,0.42,Long-term blockage
6/19/2021 7:48,A/P/2/1,58,31,10,6,3.44,3.66,-69.5,auto,391.57,390.05,520,5.03,32.68,0.42,Long-term blockage
6/19/2021 7:48,P/A/1/2,61,11,7,9,551.5,0.37,-72.5,auto,391.57,390.05,520,5.03,32.68,0.42,Long-term blockage
6/19/2021 7:48,P/A/1/2,62,11,7,9,460.14,0.28,-71,auto,391.57,390.05,520,5.03,32.68,0.42,Long-term blockage
6/19/2021 7:48,A/P/2/1,57,31,9,7,3.11,6.55,-70.5,auto,391.57,390.05,520,5.03,32.68,0.42,Long-term blockage
6/19/2021 7:48,P/A/1/2,62,11,7,9,145.74,0.3,-71,auto,461.11,459.81,352,5.03,32.68,0.42,Long-term blockage
6/19/2021 7:48,A/P/2/1,58,31,9,7,1.29,4.96,-69,auto,461.11,459.81,352,5.03,32.68,0.42,Long-term blockage
6/19/2021 7:48,P/A/1/2,62,11,7,9,326.38,0.7,-71,auto,461.11,459.81,352,5.03,32.68,0.42,Long-term blockage
6/19/2021 7:48,A/P/2/1,58,31,9,7,3.55,7.06,-69,auto,461.11,459.81,352,5.03,32.68,0.42,Long-term blockage
6/19/2021 7:48,P/A/1/2,61,11,7,9,535.81,0.16,-71.5,auto,461.11,459.81,352,5.03,32.68,0.42,Long-term blockage
6/19/2021 7:48,A/P/2/1,58,31,9,7,3.06,3.08,-69.5,auto,461.11,459.81,352,5.03,32.68,0.42,Long-term blockage
6/19/2021 7:48,P/A/1/2,60,11,7,9,452.98,0.35,-72.5,auto,461.11,459.81,352,5.03,32.68,0.42,Long-term blockage
6/19/2021 7:48,A/P/2/1,57,31,9,7,2.57,7.17,-70.5,auto,461.11,459.81,352,5.03,32.68,0.42,Long-term blockage
6/19/2021 7:48,A/P/2/1,57,31,9,7,1.54,19.35,-70.5,auto,461.11,459.81,352,5.03,32.68,0.42,Long-term blockage
6/19/2021 7:48,P/A/1/2,62,11,7,9,370.14,1.12,-71,auto,461.11,459.81,352,5.03,32.68,0.42,Long-term blockage
6/19/2021 7:48,A/P/2/1,58,31,9,7,1.18,8.63,-69,auto,461.11,459.81,352,5.03,32.68,0.42,Long-term blockage
6/19/2021 7:48,P/A/1/2,62,11,7,9,222.29,0.67,-71,auto,461.11,459.81,352,5.03,32.68,0.42,Long-term blockage
6/19/2021 7:48,P/A/1/2,60,11,7,9,139.34,0.67,-71.5,auto,332.23,329.98,479,17.32,95.42,0.5,Long-term blockage
6/19/2021 7:48,A/P/2/1,58,31,9,8,1.14,3.44,-69,auto,332.23,329.98,479,17.32,95.42,0.5,Long-term blockage
6/19/2021 7:48,P/A/1/2,62,11,8,10,258.98,0.23,-72,auto,332.23,329.98,479,17.32,95.42,0.5,Long-term blockage
6/19/2021 7:48,P/A/1/2,60,11,7,9,473.33,0.38,-72.5,auto,332.23,329.98,479,17.32,95.42,0.5,Long-term blockage
6/19/2021 7:48,A/P/2/1,57,31,9,7,3.76,6.46,-69.5,auto,332.23,329.98,479,17.32,95.42,0.5,Long-term blockage
6/19/2021 7:49,P/A/1/2,62,11,8,9,613.53,0.31,-72.5,auto,332.23,329.98,479,17.32,95.42,0.5,Long-term blockage
6/19/2021 7:49,A/P/2/1,57,31,9,7,3.38,7.12,-70.5,auto,332.23,329.98,479,17.32,95.42,0.5,Long-term blockage
6/19/2021 7:49,P/A/1/2,60,11,7,9,528.78,0.53,-72.5,auto,332.23,329.98,479,17.32,95.42,0.5,Long-term blockage
6/19/2021 7:49,A/P/2/1,57,31,9,7,2.54,6.43,-70.5,auto,332.23,329.98,479,17.32,95.42,0.5,Long-term blockage
6/19/2021 7:49,P/A/1/2,61,11,7,9,365.08,0.5,-72,auto,332.23,329.98,479,17.32,95.42,0.5,Long-term blockage
6/19/2021 7:49,A/P/2/1,57,31,9,8,2.5,3.22,-70,auto,332.23,329.98,479,17.32,95.42,0.5,Long-term blockage
6/19/2021 7:49,A/P/2/1,58,31,9,7,0.46,3.6,-69,auto,439.13,436.8,368,17.32,95.42,0.5,Long-term blockage
6/19/2021 7:49,P/A/1/2,62,11,8,9,334.97,0.8,-71.5,auto,439.13,436.8,368,17.32,95.42,0.5,Long-term blockage
6/19/2021 7:49,A/P/2/1,58,31,9,7,2.92,4.91,-69.5,auto,439.13,436.8,368,17.32,95.42,0.5,Long-term blockage
6/19/2021 7:49,P/A/1/2,62,11,7,9,195.96,0.93,-71,auto,439.13,436.8,368,17.32,95.42,0.5,Long-term blockage
6/19/2021 7:49,P/A/1/2,60,11,7,9,435.48,0.37,-72.5,auto,439.13,436.8,368,17.32,95.42,0.5,Long-term blockage
6/19/2021 7:49,A/P/2/1,58,31,9,7,2.57,20.76,-69,auto,439.13,436.8,368,17.32,95.42,0.5,Long-term blockage
6/19/2021 7:49,P/A/1/2,62,11,8,9,401.07,0.62,-71,auto,439.13,436.8,368,17.32,95.42,0.5,Long-term blockage
6/19/2021 7:49,A/P/2/1,58,31,9,7,3.43,3.83,-69,auto,439.13,436.8,368,17.32,95.42,0.5,Long-term blockage
6/19/2021 7:49,P/A/1/2,62,11,8,9,558.56,0.42,-72.5,auto,439.13,436.8,368,17.32,95.42,0.5,Long-term blockage
6/19/2021 7:49,A/P/2/1,58,31,9,7,3.33,2.51,-69,auto,439.13,436.8,368,17.32,95.42,0.5,Long-term blockage
6/19/2021 7:49,P/A/1/2,62,11,7,9,531.23,0.66,-71,auto,439.13,436.8,368,4.19,13.74,0.4,Long-term blockage
6/19/2021 7:49,A/P/2/1,58,31,9,7,3.22,8.08,-69,auto,439.13,436.8,368,4.19,13.74,0.4,Long-term blockage
6/19/2021 7:49,P/A/1/2,61,11,7,9,422.95,0.5,-71.25,auto,434.02,430.65,495,4.19,13.74,0.4,Long-term blockage
6/19/2021 7:49,A/P/2/1,58,31,9,7,0.05,0,-69,auto,434.02,430.65,495,4.19,13.74,0.4,Long-term blockage
6/19/2021 7:49,P/A/1/2,61,11,7,9,152.38,0.69,-71.5,auto,434.02,430.65,495,4.19,13.74,0.4,Long-term blockage
6/19/2021 7:49,A/P/2/1,57,31,9,7,3.78,4.9,-70.5,auto,434.02,430.65,495,4.19,13.74,0.4,Long-term blockage
6/19/2021 7:49,A/P/2/1,57,31,9,7,2.32,6.28,-70.5,auto,434.02,430.65,495,4.19,13.74,0.4,Long-term blockage
6/19/2021 7:49,A/P/2/1,57,31,9,7,2.21,4.51,-70.5,auto,434.02,430.65,495,4.19,13.74,0.4,Long-term blockage
6/19/2021 7:49,P/A/1/2,62,11,7,9,317.72,0.5,-71,auto,434.02,430.65,495,4.19,13.74,0.4,Long-term blockage
6/19/2021 7:49,P/A/1/2,60,11,7,9,337.61,0.56,-71.5,auto,434.02,430.65,495,4.19,13.74,0.4,Long-term blockage
6/19/2021 7:49,A/P/2/1,57,31,9,8,2.51,4,-69.75,auto,434.02,430.65,495,4.19,13.74,0.4,Long-term blockage
6/19/2021 7:49,P/A/1/2,60,11,7,9,326.47,1.48,-71,auto,434.02,430.65,495,4.19,13.74,0.4,Long-term blockage
6/19/2021 7:49,A/P/2/1,58,31,9,7,2.38,2.17,-69,auto,434.02,430.65,495,4.19,13.74,0.4,Long-term blockage
6/19/2021 7:49,P/A/1/2,60,11,7,9,356.59,0.35,-72.5,auto,333.74,331.08,308,4.19,13.74,0.4,Long-term blockage
6/19/2021 7:49,A/P/2/1,58,31,9,7,0.07,5.54,-69,auto,333.74,331.08,308,4.19,13.74,0.4,Long-term blockage
6/19/2021 7:49,P/A/1/2,61,11,7,9,67.58,0.63,-71,auto,333.74,331.08,308,4.19,13.74,0.4,Long-term blockage
6/19/2021 7:49,A/P/2/1,58,31,9,7,3.24,5,-69.5,auto,333.74,331.08,308,4.19,13.74,0.4,Long-term blockage
6/19/2021 7:49,P/A/1/2,61,11,7,9,595.16,0.53,-71.5,auto,333.74,331.08,308,4.19,13.74,0.4,Long-term blockage
6/19/2021 7:49,A/P/2/1,58,31,9,7,3.49,11.23,-69,auto,333.74,331.08,308,4.19,13.74,0.4,Long-term blockage
6/19/2021 7:49,P/A/1/2,61,11,8,9,550.26,0.84,-71,auto,333.74,331.08,308,4.34,17.16,0.43,Long-term blockage
6/19/2021 7:49,A/P/2/1,58,31,9,7,3.75,6.09,-69.5,auto,333.74,331.08,308,4.34,17.16,0.43,Long-term blockage
6/19/2021 7:49,A/P/2/1,58,31,9,7,3.74,5.02,-69,auto,333.74,331.08,308,4.34,17.16,0.43,Long-term blockage
6/19/2021 7:49,P/A/1/2,61,11,7,9,593.46,0.34,-71.17,auto,333.74,331.08,308,4.34,17.16,0.43,Long-term blockage
6/19/2021 7:49,P/A/1/2,60,11,7,9,533.52,0.68,-71.33,auto,333.74,331.08,308,4.34,17.16,0.43,Long-term blockage
6/19/2021 7:49,A/P/2/1,58,31,9,7,2.61,4.05,-69.5,auto,333.74,331.08,308,4.34,17.16,0.43,Long-term blockage
6/19/2021 7:49,P/A/1/2,61,11,7,9,429.96,0.31,-71.5,auto,478.56,477.41,397,4.34,17.16,0.43,Long-term blockage
6/19/2021 7:49,A/P/2/1,58,31,9,7,0.5,2.32,-69,auto,478.56,477.41,397,4.34,17.16,0.43,Long-term blockage
6/19/2021 7:49,P/A/1/2,61,11,7,9,51.38,0.46,-71.5,auto,478.56,477.41,397,4.34,17.16,0.43,Long-term blockage
6/19/2021 7:49,A/P/2/1,58,31,9,7,2.89,2.25,-69,auto,478.56,477.41,397,4.34,17.16,0.43,Long-term blockage
6/19/2021 7:49,P/A/1/2,60,11,7,9,548.59,0.43,-72.5,auto,478.56,477.41,397,4.34,17.16,0.43,Long-term blockage
6/19/2021 7:49,A/P/2/1,57,31,9,8,2.46,3.48,-70.5,auto,478.56,477.41,397,4.34,17.16,0.43,Long-term blockage
6/19/2021 7:49,P/A/1/2,60,11,7,9,353.73,0.77,-72.5,auto,478.56,477.41,397,4.34,17.16,0.43,Long-term blockage
6/19/2021 7:49,A/P/2/1,58,31,9,7,3.04,7.5,-69,auto,478.56,477.41,397,4.34,17.16,0.43,Long-term blockage
6/19/2021 7:49,P/A/1/2,61,11,7,9,561.38,0.67,-71.5,auto,478.56,477.41,397,4.34,17.16,0.43,Long-term blockage
6/19/2021 7:49,A/P/2/1,57,31,9,7,2.23,5.33,-70.5,auto,478.56,477.41,397,4.34,17.16,0.43,Long-term blockage
6/19/2021 7:49,A/P/2/1,57,31,9,7,1.42,7.23,-70.5,auto,478.56,477.41,397,4.34,17.16,0.43,Long-term blockage
6/19/2021 7:49,P/A/1/2,61,11,7,9,494.01,0.57,-71,auto,478.56,477.41,397,4.34,17.16,0.43,Long-term blockage
6/19/2021 7:49,P/A/1/2,60,11,7,9,358.01,0.5,-72.5,auto,401.83,400.22,330,4.34,17.16,0.43,Long-term blockage
6/19/2021 7:49,A/P/2/1,58,31,9,7,0.61,5.22,-69,auto,401.83,400.22,330,4.34,17.16,0.43,Long-term blockage
6/19/2021 7:49,P/A/1/2,60,11,7,9,33.94,0.48,-72.5,auto,401.83,400.22,330,4.34,17.16,0.43,Long-term blockage
6/19/2021 7:49,A/P/2/1,57,31,9,7,2.34,7.81,-70,auto,401.83,400.22,330,4.34,17.16,0.43,Long-term blockage
6/19/2021 7:49,P/A/1/2,62,11,7,9,454.4,0.2,-71,auto,401.83,400.22,330,4.34,17.16,0.43,Long-term blockage
6/19/2021 7:49,A/P/2/1,57,31,10,7,3.06,4.73,-70.5,auto,401.83,400.22,330,4.34,17.16,0.43,Long-term blockage
6/19/2021 7:49,P/A/1/2,62,11,7,10,502.97,0.49,-71,auto,401.83,400.22,330,4.34,17.16,0.43,Long-term blockage
6/19/2021 7:49,P/A/1/2,62,11,7,9,481.23,0.33,-71,auto,401.83,400.22,330,4.34,17.16,0.43,Long-term blockage
6/19/2021 7:49,A/P/2/1,57,31,9,7,2.22,14.65,-70.5,auto,401.83,400.22,330,4.34,17.16,0.43,Long-term blockage
6/19/2021 7:49,P/A/1/2,62,11,7,9,356.26,1.04,-71,auto,401.83,400.22,330,4.34,17.16,0.43,Long-term blockage
6/19/2021 7:49,A/P/2/1,58,31,9,7,2.98,5.3,-69.5,auto,401.83,400.22,330,4.34,17.16,0.43,Long-term blockage
6/19/2021 7:49,P/A/1/2,62,11,7,9,548.54,0.4,-71,auto,401.83,400.22,330,4.34,17.16,0.43,Long-term blockage
6/19/2021 7:49,A/P/2/1,58,31,9,7,1,4.35,-69,auto,401.83,400.22,330,4.34,17.16,0.43,Long-term blockage
6/19/2021 7:49,P/A/1/2,60,11,7,9,85.7,0.86,-72.5,auto,401.83,400.22,330,4.34,17.16,0.43,Long-term blockage
6/19/2021 7:49,A/P/2/1,58,31,10,7,1.94,6.62,-69,auto,401.83,400.22,330,4.34,17.16,0.43,Long-term blockage
7/7/2021 18:20,P/A/1/2,8,10,2,9,745.84,0,-73.5,auto,480.78,470.06,50,6.48,48.23,0.47,Short-term blockage
7/7/2021 18:20,A/P/2/1,16,31,7,6,4.24,0,-75,auto,480.78,470.06,50,6.48,48.23,0.47,Short-term blockage
7/7/2021 18:20,A/P/2/1,57,31,9,3,3.13,1.06,-64,auto,480.78,470.06,50,6.48,48.23,0.47,Short-term blockage
7/7/2021 18:20,A/P/2/1,57,31,9,2,0.08,3.81,-64,auto,480.78,470.06,50,2.22,7.09,0.49,Short-term blockage
7/7/2021 18:20,P/A/1/2,9,9,6,9,534.05,0.16,-73.5,auto,480.78,470.06,50,2.22,7.09,0.49,Short-term blockage
7/7/2021 18:20,A/P/2/1,57,31,9,6,3.99,3.1,-64,auto,480.78,470.06,50,2.22,7.09,0.49,Short-term blockage
7/7/2021 18:20,P/A/1/2,7,9,9,9,776.07,1.27,-60.5,auto,480.78,470.06,50,2.22,7.09,0.49,Short-term blockage
7/7/2021 18:20,A/P/2/1,59,59,9,9,3.82,1.58,-64,auto,480.78,470.06,50,2.22,7.09,0.49,Short-term blockage
7/7/2021 18:20,P/A/1/2,8,9,9,9,711.9,1.9,-66,auto,480.78,470.06,50,2.22,7.09,0.49,Short-term blockage
7/7/2021 18:20,A/P/2/1,17,59,8,7,3.66,0.1,-74.5,auto,480.78,470.06,50,2.22,7.09,0.49,Short-term blockage
7/7/2021 18:20,P/A/1/2,9,27,7,7,691.38,0,-72.5,auto,480.78,470.06,50,2.22,7.09,0.49,Short-term blockage
7/7/2021 18:20,A/P/2/1,17,31,7,6,3.3,1.77,-75,auto,494.44,492.46,42,2.22,7.09,0.49,Short-term blockage
7/7/2021 18:20,P/A/1/2,8,45,4,8,870.52,0.16,-72.5,auto,494.44,492.46,42,2.22,7.09,0.49,Short-term blockage
7/7/2021 18:20,A/P/2/1,18,60,8,1,2.94,2.59,-74.5,auto,494.44,492.46,42,2.22,7.09,0.49,Short-term blockage
7/7/2021 18:20,P/A/1/2,7,10,2,9,267.03,0.18,-69.5,auto,494.44,492.46,42,2.22,7.09,0.49,Short-term blockage
7/7/2021 18:20,A/P/2/1,58,59,9,2,0.22,1.62,-63.5,auto,494.44,492.46,42,2.22,7.09,0.49,Short-term blockage
7/7/2021 18:20,P/A/1/2,8,10,4,10,427.24,0,-66.5,auto,494.44,492.46,42,2.22,7.09,0.49,Short-term blockage
7/7/2021 18:20,A/P/2/1,57,59,9,7,1.09,1.88,-64.5,auto,494.44,492.46,42,2.22,7.09,0.49,Short-term blockage
7/7/2021 18:20,P/A/1/2,9,10,9,9,781.74,0.84,-63.5,auto,494.44,492.46,42,2.22,7.09,0.49,Short-term blockage
7/7/2021 18:20,P/A/1/2,8,9,9,9,789.24,1,-60.5,auto,494.44,492.46,42,2.22,7.09,0.49,Short-term blockage
7/7/2021 18:20,P/A/1/2,7,9,10,9,780.17,2.04,-60.5,auto,494.44,492.46,42,2.22,7.09,0.49,Short-term blockage
7/7/2021 18:20,A/P/2/1,57,59,9,9,2.82,1.38,-64,auto,494.44,492.46,42,2.22,7.09,0.49,Short-term blockage
7/7/2021 18:20,A/P/2/1,57,59,9,10,3.69,1.37,-65,auto,494.55,491.28,176,3.62,13.33,0.87,Short-term blockage
7/7/2021 18:20,P/A/1/2,7,9,9,9,837.47,0.44,-61,auto,494.55,491.28,176,3.62,13.33,0.87,Short-term blockage
7/7/2021 18:20,A/P/2/1,58,59,9,9,3.86,1.81,-62.5,auto,494.55,491.28,176,3.62,13.33,0.87,Short-term blockage
7/7/2021 18:20,P/A/1/2,7,10,9,9,386.93,0.38,-61.5,auto,494.55,491.28,176,3.62,13.33,0.87,Short-term blockage
7/7/2021 18:20,A/P/2/1,59,59,9,9,0.72,2.52,-61.5,auto,494.55,491.28,176,3.62,13.33,0.87,Short-term blockage
7/7/2021 18:20,P/A/1/2,8,11,9,9,328.72,1.13,-60,auto,494.55,491.28,176,3.62,13.33,0.87,Short-term blockage
7/7/2021 18:20,P/A/1/2,9,11,10,9,743.76,0.42,-59.5,auto,494.55,491.28,176,3.62,13.33,0.87,Short-term blockage
7/7/2021 18:20,A/P/2/1,58,59,9,9,2.31,2.46,-63.5,auto,494.55,491.28,176,3.62,13.33,0.87,Short-term blockage
7/7/2021 18:20,A/P/2/1,58,59,9,10,3.91,2.29,-63,auto,494.55,491.28,176,3.62,13.33,0.87,Short-term blockage
7/7/2021 18:20,P/A/1/2,7,11,10,9,735.3,0.56,-60.5,auto,494.55,491.28,176,3.62,13.33,0.87,Short-term blockage
7/7/2021 18:20,P/A/1/2,7,11,9,9,773.49,0.76,-60.5,auto,494.55,491.28,176,3.62,13.33,0.87,Short-term blockage
7/7/2021 18:20,A/P/2/1,58,59,9,10,4.07,1.6,-63,auto,494.55,491.28,176,3.62,13.33,0.87,Short-term blockage
7/7/2021 18:20,A/P/2/1,58,59,9,7,3.94,2.77,-63,auto,475.39,471.42,687,3.62,13.33,0.87,Short-term blockage
7/7/2021 18:20,P/A/1/2,60,45,9,4,774.92,2.59,-60.25,auto,475.39,471.42,687,3.62,13.33,0.87,Short-term blockage
7/7/2021 18:20,A/P/2/1,17,59,8,4,3.18,0.06,-74,auto,475.39,471.42,687,3.62,13.33,0.87,Short-term blockage
7/7/2021 18:20,P/A/1/2,7,9,6,9,404.41,0,-60,auto,475.39,471.42,687,3.62,13.33,0.87,Short-term blockage
7/7/2021 18:20,P/A/1/2,9,9,8,9,287.76,0,-59.5,auto,475.39,471.42,687,3.62,13.33,0.87,Short-term blockage
7/7/2021 18:20,A/P/2/1,38,59,9,6,1.11,1.61,-62.5,auto,475.39,471.42,687,3.62,13.33,0.87,Short-term blockage
7/7/2021 18:20,P/A/1/2,7,9,9,9,524.92,0.6,-60.5,auto,475.39,471.42,687,3.62,13.33,0.87,Short-term blockage
7/7/2021 18:20,A/P/2/1,58,59,9,9,2.4,4.54,-63.5,auto,475.39,471.42,687,3.62,13.33,0.87,Short-term blockage
7/7/2021 18:20,P/A/1/2,7,9,9,10,762.08,0.87,-60,auto,475.39,471.42,687,5.2,31.86,0.43,Short-term blockage
7/7/2021 18:20,A/P/2/1,58,59,9,9,3.14,1.58,-63.5,auto,475.39,471.42,687,5.2,31.86,0.43,Short-term blockage
7/7/2021 18:20,A/P/2/1,58,59,9,9,3.88,1.64,-63.5,auto,475.39,471.42,687,5.2,31.86,0.43,Short-term blockage
7/7/2021 18:20,P/A/1/2,7,9,9,10,783.63,0.58,-60.5,auto,475.39,471.42,687,5.2,31.86,0.43,Short-term blockage
7/7/2021 18:20,P/A/1/2,7,9,9,9,754.41,0,-60.5,auto,479.14,471.27,9,5.2,31.86,0.43,Short-term blockage
7/7/2021 18:20,A/P/2/1,57,59,9,9,3.73,1.71,-64.5,auto,479.14,471.27,9,5.2,31.86,0.43,Short-term blockage
7/7/2021 18:20,A/P/2/1,58,59,10,9,2.68,1.5,-63.5,auto,479.14,471.27,9,5.2,31.86,0.43,Short-term blockage
7/7/2021 18:20,P/A/1/2,9,9,9,9,570.01,0.57,-59.5,auto,479.14,471.27,9,5.2,31.86,0.43,Short-term blockage
7/7/2021 18:20,A/P/2/1,58,59,9,9,1.63,1.96,-63,auto,479.14,471.27,9,5.2,31.86,0.43,Short-term blockage
7/7/2021 18:20,P/A/1/2,7,9,9,9,210.78,2.44,-59.5,auto,479.14,471.27,9,5.2,31.86,0.43,Short-term blockage
7/7/2021 18:20,P/A/1/2,9,9,9,9,771.77,1.14,-61.25,auto,479.14,471.27,9,5.2,31.86,0.43,Short-term blockage
7/7/2021 18:20,A/P/2/1,57,59,9,9,1.73,14.57,-63.5,auto,479.14,471.27,9,5.2,31.86,0.43,Short-term blockage
7/7/2021 18:20,A/P/2/1,58,59,10,9,3.87,3.11,-63.5,auto,479.14,471.27,9,5.2,31.86,0.43,Short-term blockage
7/7/2021 18:20,P/A/1/2,7,10,9,9,692.8,0.83,-63,auto,479.14,471.27,9,5.2,31.86,0.43,Short-term blockage
7/7/2021 18:20,A/P/2/1,59,60,9,9,2.99,3.95,-66.5,auto,479.14,471.27,9,5.2,31.86,0.43,Short-term blockage
7/7/2021 18:20,P/A/1/2,9,11,9,10,724.9,1.07,-62.5,auto,479.14,471.27,9,5.2,31.86,0.43,Short-term blockage
7/7/2021 18:20,A/P/2/1,58,59,9,9,3.56,3.13,-68,auto,479.14,471.27,9,5.2,31.86,0.43,Short-term blockage
7/7/2021 18:20,P/A/1/2,7,45,9,7,573.63,0.12,-70.5,auto,479.14,471.27,9,5.2,31.86,0.43,Short-term blockage
7/7/2021 18:20,A/P/2/1,16,59,8,8,2.6,0.75,-74.5,auto,473.77,469.5,66,5.2,31.86,0.43,Short-term blockage
7/7/2021 18:20,P/A/1/2,7,9,3,10,120.01,0,-60.5,auto,473.77,469.5,66,1.93,2.94,0.39,Short-term blockage
7/7/2021 18:20,A/P/2/1,16,31,7,3,1.8,1.56,-74,auto,473.77,469.5,66,1.93,2.94,0.39,Short-term blockage
7/7/2021 18:20,P/A/1/2,9,9,9,9,812.65,0,-60.25,auto,473.77,469.5,66,1.93,2.94,0.39,Short-term blockage
7/7/2021 18:20,A/P/2/1,59,59,9,6,1.51,1.14,-63,auto,473.77,469.5,66,1.93,2.94,0.39,Short-term blockage
7/7/2021 18:20,A/P/2/1,58,59,9,9,3.78,2.25,-63.5,auto,473.77,469.5,66,1.93,2.94,0.39,Short-term blockage
7/7/2021 18:20,P/A/1/2,7,9,9,9,834.04,0.67,-60,auto,473.77,469.5,66,1.93,2.94,0.39,Short-term blockage
7/7/2021 18:20,A/P/2/1,58,59,10,9,4.04,2.95,-63,auto,473.77,469.5,66,1.93,2.94,0.39,Short-term blockage
7/7/2021 18:20,P/A/1/2,7,9,9,9,811.83,0.72,-60.5,auto,473.77,469.5,66,1.93,2.94,0.39,Short-term blockage
7/7/2021 18:20,P/A/1/2,7,9,9,9,856.97,0.95,-60,auto,473.77,469.5,66,1.93,2.94,0.39,Short-term blockage
7/7/2021 18:20,A/P/2/1,58,59,9,9,3.58,2.09,-63,auto,473.77,469.5,66,1.93,2.94,0.39,Short-term blockage
7/7/2021 18:20,A/P/2/1,58,59,10,9,3.58,2.63,-63,auto,499.98,489.66,8,1.93,2.94,0.39,Short-term blockage
7/7/2021 18:20,A/P/2/1,58,59,9,9,3.88,1.26,-63,auto,499.98,489.66,8,1.93,2.94,0.39,Short-term blockage
7/7/2021 18:20,P/A/1/2,7,9,9,9,726.28,1.29,-60.5,auto,499.98,489.66,8,1.93,2.94,0.39,Short-term blockage
7/7/2021 18:20,A/P/2/1,58,59,9,9,4.03,1.16,-63,auto,499.98,489.66,8,1.93,2.94,0.39,Short-term blockage
7/7/2021 18:20,P/A/1/2,7,9,9,9,811,0.58,-60.5,auto,499.98,489.66,8,1.93,2.94,0.39,Short-term blockage
7/7/2021 18:20,P/A/1/2,9,9,9,9,774.17,0.57,-59.5,auto,499.98,489.66,8,1.93,2.94,0.39,Short-term blockage
7/7/2021 18:20,A/P/2/1,58,59,9,10,3.65,1.41,-63,auto,499.98,489.66,8,1.93,2.94,0.39,Short-term blockage
7/7/2021 18:20,P/A/1/2,7,9,9,9,749.52,0.62,-59.75,auto,499.98,489.66,8,1.93,2.94,0.39,Short-term blockage
7/7/2021 18:20,A/P/2/1,58,59,9,9,4.71,4.17,-63,auto,499.98,489.66,8,1.93,2.94,0.39,Short-term blockage
7/7/2021 18:21,P/A/1/2,7,9,9,10,783.19,4.93,-60,auto,421.24,415.91,240,5.29,24.9,0.36,Short-term blockage
7/7/2021 18:21,A/P/2/1,58,59,9,9,3.42,1.64,-63.5,auto,421.24,415.91,240,5.29,24.9,0.36,Short-term blockage
7/7/2021 18:21,P/A/1/2,9,9,9,9,75,4.58,-60,auto,421.24,415.91,240,5.29,24.9,0.36,Short-term blockage
7/7/2021 18:21,A/P/2/1,57,59,9,9,3.63,1.88,-64,auto,421.24,415.91,240,5.29,24.9,0.36,Short-term blockage
7/7/2021 18:21,A/P/2/1,58,59,10,9,0.91,0.09,-63.5,auto,421.24,415.91,240,5.29,24.9,0.36,Short-term blockage
7/7/2021 18:21,P/A/1/2,7,9,9,9,757.28,1.61,-60,auto,421.24,415.91,240,5.29,24.9,0.36,Short-term blockage
7/7/2021 18:21,P/A/1/2,7,9,9,9,768.75,0.88,-60,auto,421.24,415.91,240,5.29,24.9,0.36,Short-term blockage
7/7/2021 18:21,A/P/2/1,58,59,10,10,4.24,1.25,-63,auto,421.24,415.91,240,5.29,24.9,0.36,Short-term blockage
7/7/2021 18:21,P/A/1/2,7,9,9,9,799.84,1.15,-60,auto,421.24,415.91,240,5.29,24.9,0.36,Short-term blockage
7/7/2021 18:21,A/P/2/1,58,59,9,9,3.42,2.4,-63.5,auto,421.24,415.91,240,5.29,24.9,0.36,Short-term blockage
7/7/2021 18:21,P/A/1/2,8,9,9,9,794.83,0.76,-59,auto,421.24,415.91,240,5.29,24.9,0.36,Short-term blockage
7/7/2021 18:21,A/P/2/1,57,59,9,9,3.61,1.49,-64.5,auto,421.24,415.91,240,5.29,24.9,0.36,Short-term blockage
7/7/2021 18:21,A/P/2/1,57,59,9,9,3.81,3.46,-64,auto,499.95,497.93,222,5.29,24.9,0.36,Short-term blockage
7/7/2021 18:21,P/A/1/2,7,9,9,9,789.83,1.15,-60.5,auto,499.95,497.93,222,5.29,24.9,0.36,Short-term blockage
7/7/2021 18:21,A/P/2/1,58,59,9,9,2.28,2.84,-62.5,auto,499.95,497.93,222,5.29,24.9,0.36,Short-term blockage
7/7/2021 18:21,P/A/1/2,7,9,9,9,103.68,1.05,-60.5,auto,499.95,497.93,222,5.29,24.9,0.36,Short-term blockage
7/7/2021 18:21,A/P/2/1,58,59,9,9,0.41,1.2,-62.5,auto,499.95,497.93,222,5.29,24.9,0.36,Short-term blockage
7/7/2021 18:21,P/A/1/2,7,9,9,9,611.95,0.7,-60.5,auto,499.95,497.93,222,5.29,24.9,0.36,Short-term blockage
7/7/2021 18:21,A/P/2/1,58,59,9,9,2.76,2.04,-64.5,auto,499.95,497.93,222,5.29,24.9,0.36,Short-term blockage
7/7/2021 18:21,P/A/1/2,7,9,9,9,806.96,0.6,-60.5,auto,499.95,497.93,222,5.29,24.9,0.36,Short-term blockage
7/7/2021 18:21,A/P/2/1,58,59,10,9,3.2,1.27,-63,auto,499.95,497.93,222,6.73,50.97,0.55,Short-term blockage
7/7/2021 18:21,P/A/1/2,7,9,9,9,791.85,0.84,-60,auto,499.95,497.93,222,6.73,50.97,0.55,Short-term blockage
7/7/2021 18:21,P/A/1/2,7,11,9,9,893.87,1.03,-61,auto,499.95,497.93,222,6.73,50.97,0.55,Short-term blockage
7/7/2021 18:21,A/P/2/1,58,59,9,9,3.61,5.28,-64,auto,499.95,497.93,222,6.73,50.97,0.55,Short-term blockage
7/7/2021 18:21,A/P/2/1,58,59,9,9,4.03,1.06,-63.5,auto,499.99,499.91,299,6.73,50.97,0.55,Short-term blockage
7/7/2021 18:21,P/A/1/2,7,11,9,10,812.55,0.83,-61,auto,499.99,499.91,299,6.73,50.97,0.55,Short-term blockage
7/7/2021 18:21,A/P/2/1,59,59,9,9,3.76,1.91,-66.75,auto,499.99,499.91,299,6.73,50.97,0.55,Short-term blockage
7/7/2021 18:21,P/A/1/2,62,9,8,8,199.9,1.42,-76,auto,499.99,499.91,299,6.73,50.97,0.55,Short-term blockage
7/7/2021 18:21,A/P/2/1,59,59,9,3,0.04,3.44,-70,auto,499.99,499.91,299,6.73,50.97,0.55,Short-term blockage
7/7/2021 18:21,P/A/1/2,9,9,9,9,403.31,5,-68,auto,499.99,499.91,299,6.73,50.97,0.55,Short-term blockage
7/7/2021 18:21,A/P/2/1,59,59,9,9,1.27,2.59,-61,auto,499.99,499.91,299,6.73,50.97,0.55,Short-term blockage
7/7/2021 18:21,P/A/1/2,7,11,9,9,778.35,2.84,-60,auto,499.99,499.91,299,6.73,50.97,0.55,Short-term blockage
7/7/2021 18:21,P/A/1/2,9,11,9,9,860.75,0.67,-60,auto,499.99,499.91,299,6.73,50.97,0.55,Short-term blockage
7/7/2021 18:21,A/P/2/1,58,59,9,9,2.5,1.28,-63.5,auto,499.99,499.91,299,6.73,50.97,0.55,Short-term blockage
7/7/2021 18:21,A/P/2/1,58,59,10,9,4.43,3.86,-60.5,auto,499.99,499.91,299,6.73,50.97,0.55,Short-term blockage
7/7/2021 18:21,P/A/1/2,9,9,10,9,753.91,1.58,-64.25,auto,499.99,499.91,299,6.73,50.97,0.55,Short-term blockage
7/7/2021 18:21,A/P/2/1,58,60,7,9,5.47,0.17,-74.5,auto,499.91,497.04,490,6.73,50.97,0.55,Short-term blockage
7/7/2021 18:21,P/A/1/2,7,10,4,9,619.38,4.83,-68.5,auto,499.91,497.04,490,6.73,50.97,0.55,Short-term blockage
7/7/2021 18:21,P/A/1/2,8,11,1,9,552.16,5.62,-58.5,auto,499.91,497.04,490,6.73,50.97,0.55,Short-term blockage
7/7/2021 18:21,A/P/2/1,58,59,7,1,2.79,0,-66.5,auto,499.91,497.04,490,6.73,50.97,0.55,Short-term blockage
7/7/2021 18:21,P/A/1/2,7,11,3,9,484.95,0,-60,auto,499.91,497.04,490,2.55,5.79,0.5,Short-term blockage
7/7/2021 18:21,A/P/2/1,58,59,9,1,0.11,1.63,-62.5,auto,499.91,497.04,490,2.55,5.79,0.5,Short-term blockage
7/7/2021 18:21,A/P/2/1,58,59,9,4,4.24,1.22,-62.5,auto,499.91,497.04,490,2.55,5.79,0.5,Short-term blockage
7/7/2021 18:21,P/A/1/2,9,11,9,9,770.53,0,-59.5,auto,499.91,497.04,490,2.55,5.79,0.5,Short-term blockage
7/7/2021 18:21,P/A/1/2,7,11,9,9,773.1,3.61,-59.75,auto,499.91,497.04,490,2.55,5.79,0.5,Short-term blockage
7/7/2021 18:21,A/P/2/1,58,59,9,9,5.2,4.85,-63,auto,499.91,497.04,490,2.55,5.79,0.5,Short-term blockage
7/7/2021 18:21,P/A/1/2,7,11,9,10,775.62,0.61,-60,auto,499.91,497.04,490,2.55,5.79,0.5,Short-term blockage
7/7/2021 18:21,A/P/2/1,58,59,9,9,4.64,1.64,-63,auto,499.91,497.04,490,2.55,5.79,0.5,Short-term blockage
7/7/2021 18:21,P/A/1/2,7,11,9,9,784.16,0.56,-60.5,auto,499.51,494.32,204,2.55,5.79,0.5,Short-term blockage
7/7/2021 18:21,A/P/2/1,58,59,10,9,4.5,3.59,-63,auto,499.51,494.32,204,2.55,5.79,0.5,Short-term blockage
7/7/2021 18:21,P/A/1/2,7,9,9,9,363.64,6.47,-61.5,auto,499.51,494.32,204,2.55,5.79,0.5,Short-term blockage
7/7/2021 18:21,A/P/2/1,58,59,10,9,0.69,1.63,-62.5,auto,499.51,494.32,204,2.55,5.79,0.5,Short-term blockage
7/7/2021 18:21,P/A/1/2,7,9,9,9,757.11,0.41,-65.5,auto,499.51,494.32,204,2.55,5.79,0.5,Short-term blockage
7/7/2021 18:21,A/P/2/1,57,59,9,10,2.44,5.24,-63.5,auto,499.51,494.32,204,2.55,5.79,0.5,Short-term blockage
7/7/2021 18:21,P/A/1/2,7,45,1,8,558.43,1.26,-66.5,auto,499.51,494.32,204,2.55,5.79,0.5,Short-term blockage
7/7/2021 18:21,A/P/2/1,58,59,9,9,2.11,5.95,-68.5,auto,499.51,494.32,204,2.55,5.79,0.5,Short-term blockage
7/7/2021 18:21,A/P/2/1,16,59,8,4,2.25,0.24,-74.5,auto,499.51,494.32,204,2.55,5.79,0.5,Short-term blockage
7/7/2021 18:21,P/A/1/2,7,45,7,8,842.33,0,-65.5,auto,499.51,494.32,204,2.55,5.79,0.5,Short-term blockage
7/7/2021 18:21,A/P/2/1,16,59,8,6,2.77,0.77,-74.5,auto,452.59,448.22,621,2.57,6.27,0.55,Short-term blockage
7/7/2021 18:21,P/A/1/2,7,45,8,7,773.94,0.19,-59.5,auto,452.59,448.22,621,2.57,6.27,0.55,Short-term blockage
7/7/2021 18:21,P/A/1/2,7,45,10,7,472.59,1.64,-61.5,auto,452.59,448.22,621,2.57,6.27,0.55,Short-term blockage
7/7/2021 18:21,A/P/2/1,16,59,8,9,3.37,0.75,-74.5,auto,452.59,448.22,621,2.57,6.27,0.55,Short-term blockage
7/7/2021 18:21,A/P/2/1,16,59,7,9,0.77,0.73,-75,auto,452.59,448.22,621,2.57,6.27,0.55,Short-term blockage
7/7/2021 18:21,P/A/1/2,7,45,9,7,291.58,0.05,-60,auto,452.59,448.22,621,2.57,6.27,0.55,Short-term blockage
7/7/2021 18:21,A/P/2/1,16,59,7,9,2.66,2.06,-75,auto,452.59,448.22,621,2.57,6.27,0.55,Short-term blockage
7/7/2021 18:21,P/A/1/2,7,45,9,7,856.53,1.61,-60.5,auto,452.59,448.22,621,2.57,6.27,0.55,Short-term blockage
7/7/2021 18:21,P/A/1/2,9,45,10,7,793.22,1.17,-60.5,auto,452.59,448.22,621,2.57,6.27,0.55,Short-term blockage
7/7/2021 18:21,A/P/2/1,16,59,8,9,3.71,0.32,-73.5,auto,452.59,448.22,621,2.57,6.27,0.55,Short-term blockage
7/7/2021 18:21,A/P/2/1,58,59,9,9,3.47,0.73,-65.5,auto,452.59,448.22,621,2.57,6.27,0.55,Short-term blockage
7/7/2021 18:21,P/A/1/2,7,45,8,8,673.77,2.34,-70,auto,452.59,448.22,621,2.57,6.27,0.55,Short-term blockage
7/7/2021 18:21,P/A/1/2,9,45,4,8,738.39,0,-71.25,auto,499.91,499.84,182,2.57,6.27,0.55,Short-term blockage
7/7/2021 18:21,A/P/2/1,16,59,7,7,2.67,1.14,-75,auto,499.91,499.84,182,2.57,6.27,0.55,Short-term blockage
7/7/2021 18:21,A/P/2/1,16,59,8,4,3.58,0.72,-74,auto,499.91,499.84,182,2.57,6.27,0.55,Short-term blockage
7/7/2021 18:21,P/A/1/2,7,45,4,8,545.91,0,-72.5,auto,499.91,499.84,182,2.57,6.27,0.55,Short-term blockage
7/7/2021 18:21,A/P/2/1,16,59,8,8,1.21,0.3,-74.5,auto,499.91,499.84,182,2.57,6.27,0.55,Short-term blockage
7/7/2021 18:21,P/A/1/2,9,45,9,8,217.64,0.6,-63,auto,499.91,499.84,182,2.57,6.27,0.55,Short-term blockage
7/7/2021 18:21,P/A/1/2,8,45,9,8,719.12,1.32,-60.5,auto,499.91,499.84,182,2.57,6.27,0.55,Short-term blockage
7/7/2021 18:21,A/P/2/1,16,59,7,9,2.13,0.34,-74.5,auto,499.91,499.84,182,2.57,6.27,0.55,Short-term blockage
7/7/2021 18:21,A/P/2/1,16,59,8,9,3.92,0.38,-74.5,auto,499.91,499.84,182,2.19,4.79,0.44,Short-term blockage
7/7/2021 18:21,P/A/1/2,9,45,9,8,793.38,0.76,-66.5,auto,499.91,499.84,182,2.19,4.79,0.44,Short-term blockage
7/7/2021 18:21,A/P/2/1,16,59,8,9,3.36,0.67,-74.5,auto,499.91,499.84,182,2.19,4.79,0.44,Short-term blockage
7/7/2021 18:21,P/A/1/2,8,45,7,8,721.26,0.12,-72,auto,499.91,499.84,182,2.19,4.79,0.44,Short-term blockage
7/7/2021 18:21,P/A/1/2,9,45,7,7,755.43,1.33,-66,auto,499.91,499.84,182,2.19,4.79,0.44,Short-term blockage
7/7/2021 18:21,A/P/2/1,16,60,7,8,3.77,0.82,-74.5,auto,499.91,499.84,182,2.19,4.79,0.44,Short-term blockage
7/7/2021 18:21,A/P/2/1,37,59,9,9,1.66,2.67,-63,auto,407.88,405.92,540,2.19,4.79,0.44,Short-term blockage
7/7/2021 18:21,P/A/1/2,7,11,9,9,619.05,0.62,-60,auto,407.88,405.92,540,2.19,4.79,0.44,Short-term blockage
7/7/2021 18:21,A/P/2/1,58,59,9,9,2.1,2.01,-63.5,auto,407.88,405.92,540,2.19,4.79,0.44,Short-term blockage
7/7/2021 18:21,P/A/1/2,8,11,9,9,125.33,0.8,-59.67,auto,407.88,405.92,540,2.19,4.79,0.44,Short-term blockage
7/7/2021 18:21,A/P/2/1,58,59,9,9,3.79,1.35,-63,auto,407.88,405.92,540,2.19,4.79,0.44,Short-term blockage
7/7/2021 18:21,P/A/1/2,7,11,9,9,753.58,1.05,-59.33,auto,407.88,405.92,540,2.19,4.79,0.44,Short-term blockage
7/7/2021 18:21,A/P/2/1,58,59,9,9,3.96,0.91,-63,auto,407.88,405.92,540,2.19,4.79,0.44,Short-term blockage
7/7/2021 18:21,P/A/1/2,8,11,9,9,786.39,0.87,-59,auto,407.88,405.92,540,2.19,4.79,0.44,Short-term blockage
7/7/2021 18:21,A/P/2/1,57,59,9,9,3.7,1.29,-64,auto,407.88,405.92,540,2.19,4.79,0.44,Short-term blockage
7/7/2021 18:21,P/A/1/2,9,11,9,9,813.08,0.43,-59.5,auto,407.88,405.92,540,2.19,4.79,0.44,Short-term blockage
7/7/2021 18:21,A/P/2/1,58,59,9,9,3.61,1.56,-63,auto,407.88,405.92,540,2.19,4.79,0.44,Short-term blockage
7/7/2021 18:21,P/A/1/2,7,11,9,9,748.84,1.57,-60,auto,407.88,405.92,540,2.19,4.79,0.44,Short-term blockage
7/7/2021 18:21,P/A/1/2,8,11,9,9,615.68,0.95,-60.25,auto,488.52,482.24,111,2.19,4.79,0.44,Short-term blockage
7/7/2021 18:21,A/P/2/1,57,59,10,9,2.62,1.83,-63,auto,488.52,482.24,111,2.19,4.79,0.44,Short-term blockage
7/7/2021 18:21,P/A/1/2,7,11,9,9,101.83,0.44,-60.5,auto,488.52,482.24,111,2.19,4.79,0.44,Short-term blockage
7/7/2021 18:21,A/P/2/1,57,59,10,10,1.63,0.92,-64,auto,488.52,482.24,111,2.19,4.79,0.44,Short-term blockage
7/7/2021 18:21,P/A/1/2,7,11,9,9,699.3,0.92,-60,auto,488.52,482.24,111,2.65,7.42,0.45,Short-term blockage
7/7/2021 18:21,A/P/2/1,57,59,9,9,4.04,0,-62.5,auto,488.52,482.24,111,2.65,7.42,0.45,Short-term blockage
7/7/2021 18:21,P/A/1/2,7,11,9,9,803.5,0.6,-59.75,auto,488.52,482.24,111,2.65,7.42,0.45,Short-term blockage
7/7/2021 18:21,A/P/2/1,58,59,9,9,3.62,1.27,-63.5,auto,488.52,482.24,111,2.65,7.42,0.45,Short-term blockage
7/7/2021 18:21,P/A/1/2,9,11,9,10,760.82,1.21,-59.5,auto,488.52,482.24,111,2.65,7.42,0.45,Short-term blockage
7/7/2021 18:21,A/P/2/1,58,59,9,9,3.76,1.8,-63.5,auto,488.52,482.24,111,2.65,7.42,0.45,Short-term blockage
7/7/2021 18:21,P/A/1/2,8,11,9,9,847.9,1.05,-59,auto,488.52,482.24,111,2.65,7.42,0.45,Short-term blockage
7/7/2021 18:21,P/A/1/2,7,11,9,10,727.94,0.52,-65.5,auto,451.69,442.02,108,2.65,7.42,0.45,Short-term blockage
7/7/2021 18:21,A/P/2/1,57,59,9,10,2.16,1.98,-63.5,auto,451.69,442.02,108,2.65,7.42,0.45,Short-term blockage
7/7/2021 18:21,P/A/1/2,9,45,7,10,74.48,0.93,-72,auto,451.69,442.02,108,2.65,7.42,0.45,Short-term blockage
7/7/2021 18:21,A/P/2/1,58,59,1,11,0.23,6.47,-66,auto,451.69,442.02,108,2.65,7.42,0.45,Short-term blockage
7/7/2021 18:21,A/P/2/1,58,60,9,9,2.74,2.15,-63,auto,451.69,442.02,108,2.65,7.42,0.45,Short-term blockage
7/7/2021 18:21,P/A/1/2,7,9,9,9,582.06,0.89,-60.5,auto,451.69,442.02,108,2.65,7.42,0.45,Short-term blockage
7/7/2021 18:21,A/P/2/1,57,60,9,9,2.86,0,-63,auto,451.69,442.02,108,2.65,7.42,0.45,Short-term blockage
7/7/2021 18:21,P/A/1/2,9,11,9,9,875.39,0.5,-59.5,auto,451.69,442.02,108,2.65,7.42,0.45,Short-term blockage
7/7/2021 18:21,P/A/1/2,9,11,9,9,848.25,0.97,-59,auto,451.69,442.02,108,2.65,7.42,0.45,Short-term blockage
7/7/2021 18:21,A/P/2/1,58,60,9,9,4.18,1.12,-63,auto,451.69,442.02,108,2.65,7.42,0.45,Short-term blockage
7/7/2021 18:22,A/P/2/1,59,59,9,9,4.23,3.46,-63,auto,451.69,442.02,108,2.65,7.42,0.45,Short-term blockage
7/7/2021 18:22,P/A/1/2,7,11,9,10,773.75,0.72,-61,auto,451.69,442.02,108,2.65,7.42,0.45,Short-term blockage
7/7/2021 18:22,A/P/2/1,58,59,9,9,2.61,3,-63,auto,474.24,468.65,27,6.96,31.73,1.25,Short-term blockage
7/7/2021 18:22,A/P/2/1,57,59,10,8,1,2.04,-63.5,auto,474.24,468.65,27,6.96,31.73,1.25,Short-term blockage
7/7/2021 18:22,P/A/1/2,8,9,9,9,139.38,1.02,-60,auto,474.24,468.65,27,6.96,31.73,1.25,Short-term blockage
7/7/2021 18:22,P/A/1/2,7,11,9,8,616.12,1.19,-67,auto,474.24,468.65,27,6.96,31.73,1.25,Short-term blockage
7/7/2021 18:22,A/P/2/1,18,59,7,8,2.6,9.54,-74,auto,474.24,468.65,27,6.96,31.73,1.25,Short-term blockage
7/7/2021 18:22,P/A/1/2,61,45,3,7,500.3,0.55,-72.5,auto,474.24,468.65,27,6.96,31.73,1.25,Short-term blockage
7/7/2021 18:22,A/P/2/1,16,31,7,3,2.21,1.32,-70.25,auto,474.24,468.65,27,6.96,31.73,1.25,Short-term blockage
7/7/2021 18:22,A/P/2/1,58,60,9,2,2.11,0.66,-66.5,auto,474.24,468.65,27,6.96,31.73,1.25,Short-term blockage
7/7/2021 18:22,P/A/1/2,9,11,2,8,784.64,0.15,-62.5,auto,474.24,468.65,27,6.96,31.73,1.25,Short-term blockage
7/7/2021 18:22,A/P/2/1,58,59,8,6,2.33,0,-70,auto,474.24,468.65,27,6.96,31.73,1.25,Short-term blockage
7/7/2021 18:22,P/A/1/2,9,11,6,9,786.88,0,-62.5,auto,474.24,468.65,27,6.96,31.73,1.25,Short-term blockage
7/7/2021 18:22,A/P/2/1,16,60,8,4,3.22,0.67,-74.5,auto,499.91,493.13,34,6.96,31.73,1.25,Short-term blockage
7/7/2021 18:22,P/A/1/2,9,45,4,8,769.13,0,-72,auto,499.91,493.13,34,6.96,31.73,1.25,Short-term blockage
7/7/2021 18:22,A/P/2/1,18,59,8,7,0.46,1.34,-73,auto,499.91,493.13,34,6.96,31.73,1.25,Short-term blockage
7/7/2021 18:22,P/A/1/2,7,45,7,8,223.87,0,-71.25,auto,499.91,493.13,34,6.96,31.73,1.25,Short-term blockage
7/7/2021 18:22,P/A/1/2,7,45,8,8,607.23,0.61,-70.5,auto,499.91,493.13,34,6.96,31.73,1.25,Short-term blockage
7/7/2021 18:22,A/P/2/1,17,59,8,9,4.32,0.88,-74.5,auto,499.91,493.13,34,6.96,31.73,1.25,Short-term blockage
7/7/2021 18:22,P/A/1/2,61,45,4,9,753.62,1.38,-73,auto,499.91,493.13,34,6.96,31.73,1.25,Short-term blockage
7/7/2021 18:22,A/P/2/1,16,59,6,4,3.54,0.78,-74.5,auto,499.91,493.13,34,6.96,31.73,1.25,Short-term blockage
7/7/2021 18:22,P/A/1/2,7,9,2,9,707.38,0.15,-60.5,auto,499.91,493.13,34,6.96,31.73,1.25,Short-term blockage
7/7/2021 18:22,A/P/2/1,58,59,9,3,3.25,2.41,-62.5,auto,499.91,493.13,34,6.96,31.73,1.25,Short-term blockage
7/7/2021 18:22,P/A/1/2,9,9,7,9,689.57,0,-59.5,auto,499.91,493.13,34,6.96,31.73,1.25,Short-term blockage
7/7/2021 18:22,A/P/2/1,58,59,9,9,3.88,2.28,-63,auto,499.91,493.13,34,6.96,31.73,1.25,Short-term blockage
7/7/2021 18:22,P/A/1/2,7,9,9,9,733.6,0.62,-60.5,auto,499.91,493.13,34,6.96,31.73,1.25,Short-term blockage
7/7/2021 18:22,A/P/2/1,58,59,9,9,3.38,2.93,-63,auto,499.91,493.13,34,6.96,31.73,1.25,Short-term blockage
7/7/2021 18:22,A/P/2/1,57,59,9,9,0.07,1.47,-64,auto,499.91,493.13,34,6.96,31.73,1.25,Short-term blockage
7/7/2021 18:22,P/A/1/2,7,9,9,9,275.36,0.53,-60,auto,499.91,493.13,34,6.96,31.73,1.25,Short-term blockage
7/7/2021 18:22,P/A/1/2,7,9,9,9,504.5,0.76,-60,auto,499.91,493.13,34,6.96,31.73,1.25,Short-term blockage
7/7/2021 18:22,A/P/2/1,58,59,9,9,0.07,1.28,-63,auto,499.91,493.13,34,6.96,31.73,1.25,Short-term blockage
8/2/2021 16:34,P/A/1/2,17,19,9,9,778.62,0.54,-62.5,auto,302.15,300.1,184,9.19,53.8,1.42,Short-term blockage
8/2/2021 16:34,A/P/2/1,58,59,9,9,2.98,1.04,-63,auto,302.15,300.1,184,9.19,53.8,1.42,Short-term blockage
8/2/2021 16:34,P/A/1/2,16,19,9,9,712.82,1.31,-64,auto,302.15,300.1,184,9.19,53.8,1.42,Short-term blockage
8/2/2021 16:34,A/P/2/1,58,59,9,9,3.15,1.43,-61.5,auto,302.15,300.1,184,9.19,53.8,1.42,Short-term blockage
8/2/2021 16:34,P/A/1/2,51,54,8,7,647.01,2.12,-70.5,auto,302.15,300.1,184,9.19,53.8,1.42,Short-term blockage
8/2/2021 16:34,A/P/2/1,16,60,7,7,2.65,0,-75,auto,302.15,300.1,184,9.19,53.8,1.42,Short-term blockage
8/2/2021 16:34,P/A/1/2,17,19,10,9,136.19,0.17,-62.5,auto,302.15,300.1,184,4.71,19.57,1.12,Short-term blockage
8/2/2021 16:34,A/P/2/1,16,17,7,9,1.38,1.14,-74,auto,302.15,300.1,184,4.71,19.57,1.12,Short-term blockage
8/2/2021 16:34,A/P/2/1,57,59,9,9,0.63,1.55,-63.5,auto,302.15,300.1,184,4.71,19.57,1.12,Short-term blockage
8/2/2021 16:34,P/A/1/2,18,20,4,10,654.16,0,-62.5,auto,302.15,300.1,184,4.71,19.57,1.12,Short-term blockage
8/2/2021 16:34,A/P/2/1,18,60,8,2,3.17,2.14,-74.5,auto,302.15,300.1,184,4.71,19.57,1.12,Short-term blockage
8/2/2021 16:34,P/A/1/2,17,20,9,10,805.54,0,-62.5,auto,436.94,432.78,183,4.71,19.57,1.12,Short-term blockage
8/2/2021 16:34,A/P/2/1,58,59,9,7,4.05,1.84,-61.5,auto,436.94,432.78,183,4.71,19.57,1.12,Short-term blockage
8/2/2021 16:34,P/A/1/2,18,20,9,9,767.86,1.33,-62,auto,436.94,432.78,183,4.71,19.57,1.12,Short-term blockage
8/2/2021 16:34,A/P/2/1,58,59,9,9,2.98,1.18,-61.5,auto,436.94,432.78,183,4.71,19.57,1.12,Short-term blockage
8/2/2021 16:34,P/A/1/2,18,20,9,9,749.78,0.94,-61.5,auto,436.94,432.78,183,4.71,19.57,1.12,Short-term blockage
8/2/2021 16:34,P/A/1/2,17,20,9,9,320.62,0.92,-62.5,auto,436.94,432.78,183,4.71,19.57,1.12,Short-term blockage
8/2/2021 16:34,A/P/2/1,58,59,9,9,2.77,1.86,-61,auto,436.94,432.78,183,4.71,19.57,1.12,Short-term blockage
8/2/2021 16:34,P/A/1/2,16,20,9,10,536.11,0.64,-64,auto,436.94,432.78,183,4.71,19.57,1.12,Short-term blockage
8/2/2021 16:34,A/P/2/1,57,59,10,9,0.15,2.05,-63,auto,436.94,432.78,183,4.71,19.57,1.12,Short-term blockage
8/2/2021 16:34,P/A/1/2,17,20,9,9,751.6,1.15,-62.5,auto,436.94,432.78,183,4.71,19.57,1.12,Short-term blockage
8/2/2021 16:34,A/P/2/1,58,59,9,9,2.89,1.43,-61.5,auto,436.94,432.78,183,4.71,19.57,1.12,Short-term blockage
8/2/2021 16:34,P/A/1/2,17,20,9,9,761.65,0.69,-62.5,auto,460.51,456.67,10,4.71,19.57,1.12,Short-term blockage
8/2/2021 16:34,A/P/2/1,58,59,9,9,2.88,6.6,-61.5,auto,460.51,456.67,10,4.71,19.57,1.12,Short-term blockage
8/2/2021 16:34,P/A/1/2,16,20,9,10,779.49,1.48,-64,auto,460.51,456.67,10,11.97,30.07,1.44,Short-term blockage
8/2/2021 16:34,A/P/2/1,57,59,9,9,3.11,2.35,-63,auto,460.51,456.67,10,11.97,30.07,1.44,Short-term blockage
8/2/2021 16:34,P/A/1/2,17,20,10,10,788.2,1.26,-62.5,auto,460.51,456.67,10,11.97,30.07,1.44,Short-term blockage
8/2/2021 16:34,A/P/2/1,57,59,9,9,3.14,2.73,-63,auto,460.51,456.67,10,11.97,30.07,1.44,Short-term blockage
8/2/2021 16:34,A/P/2/1,58,59,9,9,2.99,1.45,-61,auto,460.51,456.67,10,11.97,30.07,1.44,Short-term blockage
8/2/2021 16:34,P/A/1/2,16,20,9,9,417.02,1.49,-64,auto,460.51,456.67,10,11.97,30.07,1.44,Short-term blockage
8/2/2021 16:34,P/A/1/2,17,20,9,9,258.92,0.61,-62.5,auto,460.51,456.67,10,11.97,30.07,1.44,Short-term blockage
8/2/2021 16:34,A/P/2/1,58,59,9,9,0.02,1.74,-60.5,auto,460.51,456.67,10,11.97,30.07,1.44,Short-term blockage
8/2/2021 16:34,P/A/1/2,16,20,9,9,733.34,0.63,-63.5,auto,460.51,456.67,10,11.97,30.07,1.44,Short-term blockage
8/2/2021 16:34,A/P/2/1,58,59,9,9,2.98,2.04,-61.5,auto,460.51,456.67,10,11.97,30.07,1.44,Short-term blockage
8/2/2021 16:34,P/A/1/2,17,20,9,9,746.84,1.23,-62.5,auto,435.99,431.95,515,11.97,30.07,1.44,Short-term blockage
8/2/2021 16:34,A/P/2/1,58,59,9,9,3.1,2.2,-61,auto,435.99,431.95,515,11.97,30.07,1.44,Short-term blockage
8/2/2021 16:34,P/A/1/2,16,20,9,9,749.54,1.12,-64,auto,435.99,431.95,515,11.97,30.07,1.44,Short-term blockage
8/2/2021 16:34,A/P/2/1,58,59,9,9,3.5,1.83,-61.5,auto,435.99,431.95,515,11.97,30.07,1.44,Short-term blockage
8/2/2021 16:34,P/A/1/2,17,20,9,9,738.85,1.63,-61.5,auto,435.99,431.95,515,11.97,30.07,1.44,Short-term blockage
8/2/2021 16:34,A/P/2/1,57,59,9,9,3.68,1.53,-62.5,auto,435.99,431.95,515,11.97,30.07,1.44,Short-term blockage
8/2/2021 16:34,P/A/1/2,19,53,6,6,490.25,0.14,-78.5,auto,435.99,431.95,515,11.97,30.07,1.44,Short-term blockage
8/2/2021 16:34,A/P/2/1,58,59,9,8,2,5.42,-69,auto,435.99,431.95,515,11.97,30.07,1.44,Short-term blockage
8/2/2021 16:34,A/P/2/1,16,17,6,7,0.32,1.26,-74.5,auto,435.99,431.95,515,11.97,30.07,1.44,Short-term blockage
8/2/2021 16:34,P/A/1/2,16,19,8,9,121.11,0.97,-63,auto,435.99,431.95,515,11.97,30.07,1.44,Short-term blockage
8/2/2021 16:34,P/A/1/2,17,19,9,9,746.91,0.91,-63,auto,435.99,431.95,515,15.48,35.45,1.43,Short-term blockage
8/2/2021 16:34,A/P/2/1,37,59,9,9,2.11,2.21,-61,auto,435.99,431.95,515,15.48,35.45,1.43,Short-term blockage
8/2/2021 16:34,P/A/1/2,19,20,9,10,755.37,1.89,-67,auto,431.65,428.44,39,15.48,35.45,1.43,Short-term blockage
8/2/2021 16:34,A/P/2/1,58,59,9,9,2.89,1.32,-61,auto,431.65,428.44,39,15.48,35.45,1.43,Short-term blockage
8/2/2021 16:34,P/A/1/2,19,20,8,9,760.89,0.47,-69,auto,431.65,428.44,39,15.48,35.45,1.43,Short-term blockage
8/2/2021 16:34,A/P/2/1,58,59,9,9,3.08,3.15,-66,auto,431.65,428.44,39,15.48,35.45,1.43,Short-term blockage
8/2/2021 16:34,P/A/1/2,17,20,7,9,757.48,0.92,-71.5,auto,431.65,428.44,39,15.48,35.45,1.43,Short-term blockage
8/2/2021 16:34,A/P/2/1,57,59,8,8,3.4,5.09,-69,auto,431.65,428.44,39,15.48,35.45,1.43,Short-term blockage
8/2/2021 16:34,P/A/1/2,54,54,4,8,443.97,1.36,-76.5,auto,431.65,428.44,39,15.48,35.45,1.43,Short-term blockage
8/2/2021 16:34,A/P/2/1,36,59,8,8,3.04,0.28,-75,auto,431.65,428.44,39,15.48,35.45,1.43,Short-term blockage
8/2/2021 16:34,A/P/2/1,16,59,8,4,0.74,0.06,-74,auto,431.65,428.44,39,15.48,35.45,1.43,Short-term blockage
8/2/2021 16:34,P/A/1/2,16,19,8,10,13.41,8.03,-63,auto,431.65,428.44,39,15.48,35.45,1.43,Short-term blockage
8/2/2021 16:34,A/P/2/1,58,59,9,8,0.86,2.76,-60.5,auto,431.65,428.44,39,15.48,35.45,1.43,Short-term blockage
8/2/2021 16:34,P/A/1/2,17,20,9,10,527.88,1.14,-62.5,auto,431.65,428.44,39,15.48,35.45,1.43,Short-term blockage
8/2/2021 16:34,P/A/1/2,16,20,10,9,756.83,0.1,-64,auto,430.99,426.59,60,15.48,35.45,1.43,Short-term blockage
8/2/2021 16:34,A/P/2/1,58,59,9,9,3.03,1.01,-61,auto,430.99,426.59,60,15.48,35.45,1.43,Short-term blockage
8/2/2021 16:35,P/A/1/2,19,54,9,7,761.41,2.66,-62.5,auto,430.99,426.59,60,15.48,35.45,1.43,Short-term blockage
8/2/2021 16:35,A/P/2/1,58,59,9,7,2.89,3.59,-70.5,auto,430.99,426.59,60,15.48,35.45,1.43,Short-term blockage
8/2/2021 16:35,P/A/1/2,17,20,9,9,767.25,1.37,-62.5,auto,430.99,426.59,60,15.48,35.45,1.43,Short-term blockage
8/2/2021 16:35,A/P/2/1,57,59,9,9,3.15,0.97,-62.5,auto,430.99,426.59,60,15.48,35.45,1.43,Short-term blockage
8/2/2021 16:35,P/A/1/2,17,20,9,9,773.09,0.89,-62.5,auto,430.99,426.59,60,15.48,35.45,1.43,Short-term blockage
8/2/2021 16:35,A/P/2/1,43,59,9,9,3.16,1.6,-61.5,auto,430.99,426.59,60,15.48,35.45,1.43,Short-term blockage
8/2/2021 16:35,P/A/1/2,18,20,9,9,228.24,1.68,-61,auto,430.99,426.59,60,7.5,33.71,1.64,Short-term blockage
8/2/2021 16:35,A/P/2/1,30,59,9,9,2.31,2.57,-60.5,auto,430.99,426.59,60,7.5,33.71,1.64,Short-term blockage
8/2/2021 16:35,P/A/1/2,17,20,9,10,406.45,1,-66.5,auto,430.99,426.59,60,7.5,33.71,1.64,Short-term blockage
8/2/2021 16:35,A/P/2/1,16,59,8,6,2.88,1.43,-75,auto,430.99,426.59,60,7.5,33.71,1.64,Short-term blockage
8/2/2021 16:35,P/A/1/2,16,54,7,7,526.37,0.12,-72.5,auto,449.23,438.55,311,7.5,33.71,1.64,Short-term blockage
8/2/2021 16:35,A/P/2/1,16,59,2,10,2.87,0,-75,auto,449.23,438.55,311,7.5,33.71,1.64,Short-term blockage
8/2/2021 16:35,P/A/1/2,17,54,9,3,646.29,1.98,-62.5,auto,449.23,438.55,311,7.5,33.71,1.64,Short-term blockage
8/2/2021 16:35,P/A/1/2,17,54,8,4,650.53,0.84,-62.5,auto,449.23,438.55,311,7.5,33.71,1.64,Short-term blockage
8/2/2021 16:35,A/P/2/1,16,59,7,8,2.74,0.02,-75,auto,449.23,438.55,311,7.5,33.71,1.64,Short-term blockage
8/2/2021 16:35,P/A/1/2,17,54,9,6,609.48,1.16,-62.5,auto,449.23,438.55,311,7.5,33.71,1.64,Short-term blockage
8/2/2021 16:35,A/P/2/1,16,59,3,9,3.74,0.05,-75,auto,449.23,438.55,311,7.5,33.71,1.64,Short-term blockage
8/2/2021 16:35,P/A/1/2,17,20,9,8,310.45,0.58,-63,auto,449.23,438.55,311,7.5,33.71,1.64,Short-term blockage
8/2/2021 16:35,A/P/2/1,58,60,8,8,0.02,0.05,-60,auto,449.23,438.55,311,7.5,33.71,1.64,Short-term blockage
8/2/2021 16:35,P/A/1/2,16,20,9,9,305.25,0,-62,auto,449.23,438.55,311,7.5,33.71,1.64,Short-term blockage
8/2/2021 16:35,A/P/2/1,58,59,9,9,3.86,1.61,-61.5,auto,449.23,438.55,311,7.5,33.71,1.64,Short-term blockage
8/2/2021 16:35,P/A/1/2,16,20,9,9,742.6,0.61,-64,auto,449.23,438.55,311,7.5,33.71,1.64,Short-term blockage
8/2/2021 16:35,A/P/2/1,58,59,9,9,3.03,2.16,-61.5,auto,449.23,438.55,311,7.5,33.71,1.64,Short-term blockage
8/2/2021 16:35,P/A/1/2,17,20,9,9,762.05,0.84,-62.5,auto,444.77,440.48,38,7.5,33.71,1.64,Short-term blockage
8/2/2021 16:35,A/P/2/1,58,59,9,9,3.01,1.03,-61.5,auto,444.77,440.48,38,7.5,33.71,1.64,Short-term blockage
8/2/2021 16:35,A/P/2/1,58,59,9,9,3.06,2.46,-61,auto,444.77,440.48,38,13.61,42.61,1.26,Short-term blockage
8/2/2021 16:35,P/A/1/2,16,20,9,9,746.6,3.04,-63.5,auto,444.77,440.48,38,13.61,42.61,1.26,Short-term blockage
8/2/2021 16:35,P/A/1/2,17,20,9,8,462.51,1.11,-62.5,auto,444.77,440.48,38,13.61,42.61,1.26,Short-term blockage
8/2/2021 16:35,A/P/2/1,58,59,9,9,2.81,0.91,-61.5,auto,444.77,440.48,38,13.61,42.61,1.26,Short-term blockage
8/2/2021 16:35,P/A/1/2,17,54,6,8,83.94,8.25,-81.5,auto,444.77,440.48,38,13.61,42.61,1.26,Short-term blockage
8/2/2021 16:35,A/P/2/1,58,59,9,9,0.18,8.42,-60.5,auto,444.77,440.48,38,13.61,42.61,1.26,Short-term blockage
8/2/2021 16:35,A/P/2/1,16,59,8,8,0.54,0.33,-74.5,auto,444.77,440.48,38,13.61,42.61,1.26,Short-term blockage
8/2/2021 16:35,P/A/1/2,16,55,8,7,515.77,0,-71,auto,444.77,440.48,38,13.61,42.61,1.26,Short-term blockage
8/2/2021 16:35,A/P/2/1,16,59,7,7,3.62,2.39,-74.5,auto,444.77,440.48,38,13.61,42.61,1.26,Short-term blockage
8/2/2021 16:35,P/A/1/2,17,20,8,9,731.68,0.78,-62.5,auto,439.27,434.12,87,13.61,42.61,1.26,Short-term blockage
8/2/2021 16:35,A/P/2/1,59,59,8,6,3.42,1.95,-60.5,auto,439.27,434.12,87,13.61,42.61,1.26,Short-term blockage
8/2/2021 16:35,P/A/1/2,17,20,9,9,737.24,1.55,-62,auto,439.27,434.12,87,13.61,42.61,1.26,Short-term blockage
8/2/2021 16:35,A/P/2/1,58,59,9,9,3.57,2.75,-61.5,auto,439.27,434.12,87,13.61,42.61,1.26,Short-term blockage
8/2/2021 16:35,P/A/1/2,16,20,9,9,559.26,0.82,-64,auto,439.27,434.12,87,13.61,42.61,1.26,Short-term blockage
8/2/2021 16:35,A/P/2/1,58,59,9,9,3.51,1.68,-60.5,auto,439.27,434.12,87,13.61,42.61,1.26,Short-term blockage
8/2/2021 16:35,A/P/2/1,59,59,9,9,0.64,1.75,-60,auto,439.27,434.12,87,13.61,42.61,1.26,Short-term blockage
8/2/2021 16:35,P/A/1/2,17,20,9,9,99.91,0.52,-62,auto,439.27,434.12,87,13.61,42.61,1.26,Short-term blockage
8/2/2021 16:35,A/P/2/1,58,59,9,9,2.71,3.01,-61.5,auto,439.27,434.12,87,13.61,42.61,1.26,Short-term blockage
8/2/2021 16:35,P/A/1/2,17,20,9,9,754.06,0.59,-62.5,auto,439.27,434.12,87,19.07,43.49,1.36,Short-term blockage
8/2/2021 16:35,A/P/2/1,57,59,9,9,3.72,1.3,-63,auto,439.27,434.12,87,19.07,43.49,1.36,Short-term blockage
8/2/2021 16:35,P/A/1/2,18,20,9,9,751.74,0.66,-63.5,auto,412.91,377.06,94,19.07,43.49,1.36,Short-term blockage
8/2/2021 16:35,A/P/2/1,58,59,9,9,3.7,1.06,-61.5,auto,412.91,377.06,94,19.07,43.49,1.36,Short-term blockage
8/2/2021 16:35,P/A/1/2,18,20,9,9,761.47,0.7,-61.5,auto,412.91,377.06,94,19.07,43.49,1.36,Short-term blockage
8/2/2021 16:35,A/P/2/1,57,59,9,9,3.58,2.34,-63,auto,412.91,377.06,94,19.07,43.49,1.36,Short-term blockage
8/2/2021 16:35,P/A/1/2,17,20,9,10,789.17,1.25,-62.5,auto,412.91,377.06,94,19.07,43.49,1.36,Short-term blockage
8/2/2021 16:35,A/P/2/1,58,59,9,9,3.13,1.26,-61.5,auto,412.91,377.06,94,19.07,43.49,1.36,Short-term blockage
8/2/2021 16:35,A/P/2/1,58,59,9,10,0.95,1.74,-60.5,auto,412.91,377.06,94,19.07,43.49,1.36,Short-term blockage
8/2/2021 16:35,P/A/1/2,16,20,10,9,632.71,1.08,-64,auto,412.91,377.06,94,19.07,43.49,1.36,Short-term blockage
8/2/2021 16:35,A/P/2/1,58,59,9,9,1.93,3.02,-61,auto,412.91,377.06,94,19.07,43.49,1.36,Short-term blockage
8/2/2021 16:35,P/A/1/2,16,20,9,9,26.56,0.9,-63.5,auto,412.91,377.06,94,19.07,43.49,1.36,Short-term blockage
8/2/2021 16:35,P/A/1/2,17,20,9,10,755.86,0.93,-62.5,auto,412.91,377.06,94,19.07,43.49,1.36,Short-term blockage
8/2/2021 16:35,A/P/2/1,58,59,9,9,3.6,2.15,-61.5,auto,412.91,377.06,94,19.07,43.49,1.36,Short-term blockage
8/2/2021 16:35,P/A/1/2,17,20,9,10,768.13,0.96,-62.5,auto,461.55,457.47,311,19.07,43.49,1.36,Short-term blockage
8/2/2021 16:35,A/P/2/1,58,59,9,9,3.23,0,-61.5,auto,461.55,457.47,311,19.07,43.49,1.36,Short-term blockage
8/2/2021 16:35,P/A/1/2,17,20,9,9,760.68,0.72,-62.5,auto,461.55,457.47,311,19.07,43.49,1.36,Short-term blockage
8/2/2021 16:35,A/P/2/1,58,59,9,9,3.07,7.28,-61.5,auto,461.55,457.47,311,19.07,43.49,1.36,Short-term blockage
8/2/2021 16:35,P/A/1/2,17,20,9,9,769.06,1.16,-62.5,auto,461.55,457.47,311,19.07,43.49,1.36,Short-term blockage
8/2/2021 16:35,A/P/2/1,57,59,9,9,2.92,2.06,-62.5,auto,461.55,457.47,311,19.07,43.49,1.36,Short-term blockage
8/2/2021 16:35,P/A/1/2,17,20,9,9,745.52,0.67,-62.5,auto,461.55,457.47,311,19.07,43.49,1.36,Short-term blockage
8/2/2021 16:35,A/P/2/1,58,59,9,7,1.21,2.97,-62.5,auto,461.55,457.47,311,19.07,43.49,1.36,Short-term blockage
8/2/2021 16:35,P/A/1/2,20,19,7,9,0.02,0.87,-61.5,auto,461.55,457.47,311,15.79,48.66,1.23,Short-term blockage
8/2/2021 16:35,A/P/2/1,58,59,9,9,1.59,0.1,-62,auto,461.55,457.47,311,15.79,48.66,1.23,Short-term blockage
8/2/2021 16:35,P/A/1/2,17,19,9,9,674.36,0.73,-63,auto,461.55,457.47,311,15.79,48.66,1.23,Short-term blockage
8/2/2021 16:35,A/P/2/1,17,59,8,7,3.22,0.88,-74.5,auto,461.55,457.47,311,15.79,48.66,1.23,Short-term blockage
8/2/2021 16:35,P/A/1/2,19,20,7,8,764.45,0,-71.5,auto,461.55,457.47,311,15.79,48.66,1.23,Short-term blockage
8/2/2021 16:35,P/A/1/2,17,19,9,9,710.32,0,-63,auto,351.84,347.69,426,15.79,48.66,1.23,Short-term blockage
8/2/2021 16:35,A/P/2/1,58,59,9,8,3.64,2.46,-60,auto,351.84,347.69,426,15.79,48.66,1.23,Short-term blockage
8/2/2021 16:35,P/A/1/2,17,20,9,10,494.14,3.23,-63,auto,351.84,347.69,426,15.79,48.66,1.23,Short-term blockage
8/2/2021 16:35,A/P/2/1,58,59,10,9,3.14,1.33,-60.5,auto,351.84,347.69,426,15.79,48.66,1.23,Short-term blockage
8/2/2021 16:35,P/A/1/2,18,19,9,9,277.96,0.57,-62.5,auto,351.84,347.69,426,15.79,48.66,1.23,Short-term blockage
8/2/2021 16:35,A/P/2/1,58,59,10,9,1.56,2.08,-59.5,auto,351.84,347.69,426,15.79,48.66,1.23,Short-term blockage
8/2/2021 16:35,P/A/1/2,17,19,9,10,61.78,0.45,-65.5,auto,351.84,347.69,426,15.79,48.66,1.23,Short-term blockage
8/2/2021 16:35,A/P/2/1,17,59,7,6,0.87,1.27,-74,auto,351.84,347.69,426,15.79,48.66,1.23,Short-term blockage
8/2/2021 16:35,P/A/1/2,17,19,9,9,411.71,2.66,-66,auto,351.84,347.69,426,15.79,48.66,1.23,Short-term blockage
8/2/2021 16:35,A/P/2/1,58,59,9,9,2.83,1.26,-60.5,auto,351.84,347.69,426,15.79,48.66,1.23,Short-term blockage
8/2/2021 16:35,P/A/1/2,18,19,9,9,761.65,1.43,-61.5,auto,351.84,347.69,426,15.79,48.66,1.23,Short-term blockage
8/2/2021 16:35,A/P/2/1,58,59,9,9,3.16,2.29,-61.5,auto,351.84,347.69,426,15.79,48.66,1.23,Short-term blockage
8/2/2021 16:35,A/P/2/1,59,59,10,9,3.56,0.89,-60.5,auto,446.16,441.83,128,15.79,48.66,1.23,Short-term blockage
8/2/2021 16:35,P/A/1/2,17,19,9,9,771.04,3.31,-62.5,auto,446.16,441.83,128,15.79,48.66,1.23,Short-term blockage
8/2/2021 16:35,P/A/1/2,17,19,10,9,780.43,3.93,-62.5,auto,446.16,441.83,128,27.53,68.09,1.36,Short-term blockage
8/2/2021 16:35,A/P/2/1,58,59,9,9,3.66,1.77,-61.5,auto,446.16,441.83,128,27.53,68.09,1.36,Short-term blockage
8/2/2021 16:35,P/A/1/2,17,19,10,9,784.06,0.71,-62,auto,446.16,441.83,128,27.53,68.09,1.36,Short-term blockage
8/2/2021 16:35,A/P/2/1,58,59,9,9,2.07,2.88,-61.5,auto,446.16,441.83,128,27.53,68.09,1.36,Short-term blockage
8/2/2021 16:35,P/A/1/2,17,19,9,9,162.05,0.58,-60.5,auto,446.16,441.83,128,27.53,68.09,1.36,Short-term blockage
8/2/2021 16:35,A/P/2/1,59,59,9,9,0.72,2.2,-64.5,auto,446.16,441.83,128,27.53,68.09,1.36,Short-term blockage
8/2/2021 16:35,P/A/1/2,16,19,7,9,477.93,2.12,-72,auto,446.16,441.83,128,27.53,68.09,1.36,Short-term blockage
8/2/2021 16:35,A/P/2/1,18,17,7,8,3.07,1.53,-74.5,auto,446.16,441.83,128,27.53,68.09,1.36,Short-term blockage
8/2/2021 16:35,P/A/1/2,17,20,8,9,768.07,1.77,-80,auto,446.16,441.83,128,27.53,68.09,1.36,Short-term blockage
8/2/2021 16:35,A/P/2/1,59,59,8,9,3.18,2.38,-61,auto,446.16,441.83,128,27.53,68.09,1.36,Short-term blockage
8/2/2021 16:35,A/P/2/1,58,59,9,9,3.24,1.08,-62.5,auto,383.11,379.87,40,27.53,68.09,1.36,Short-term blockage
8/2/2021 16:35,A/P/2/1,58,59,9,10,3.02,2.59,-61.5,auto,383.11,379.87,40,27.53,68.09,1.36,Short-term blockage
8/2/2021 16:35,P/A/1/2,17,19,9,9,769.27,1.08,-62.5,auto,383.11,379.87,40,27.53,68.09,1.36,Short-term blockage
8/2/2021 16:35,A/P/2/1,58,59,9,10,2.07,2.33,-60.5,auto,383.11,379.87,40,27.53,68.09,1.36,Short-term blockage
8/2/2021 16:35,P/A/1/2,17,19,10,9,723.41,5.56,-62.5,auto,383.11,379.87,40,27.53,68.09,1.36,Short-term blockage
8/2/2021 16:35,P/A/1/2,19,19,10,9,731.32,1.7,-62.5,auto,383.11,379.87,40,27.53,68.09,1.36,Short-term blockage
8/2/2021 16:35,A/P/2/1,59,60,9,9,0.37,2.32,-60.5,auto,383.11,379.87,40,27.53,68.09,1.36,Short-term blockage
8/2/2021 16:35,P/A/1/2,17,20,9,9,739.24,0.6,-62.5,auto,383.11,379.87,40,27.53,68.09,1.36,Short-term blockage
8/2/2021 16:35,A/P/2/1,58,59,9,9,3.16,2.05,-61.5,auto,383.11,379.87,40,27.53,68.09,1.36,Short-term blockage
8/2/2021 16:35,P/A/1/2,17,20,9,9,747.16,1.45,-62.5,auto,383.11,379.87,40,20.74,46.25,1.28,Short-term blockage
8/2/2021 16:35,A/P/2/1,58,59,9,9,3,2,-61.5,auto,383.11,379.87,40,20.74,46.25,1.28,Short-term blockage
8/2/2021 16:35,P/A/1/2,17,20,9,9,748.29,1.22,-63.5,auto,459.29,448.85,12,20.74,46.25,1.28,Short-term blockage
8/2/2021 16:35,A/P/2/1,58,59,9,9,3.81,1.61,-61,auto,459.29,448.85,12,20.74,46.25,1.28,Short-term blockage
8/2/2021 16:35,P/A/1/2,17,20,10,9,751.58,0.93,-62.5,auto,459.29,448.85,12,20.74,46.25,1.28,Short-term blockage
8/2/2021 16:35,A/P/2/1,58,59,9,9,3.38,0,-63,auto,459.29,448.85,12,20.74,46.25,1.28,Short-term blockage
8/2/2021 16:35,A/P/2/1,58,59,9,9,3.53,2.21,-60.5,auto,459.29,448.85,12,20.74,46.25,1.28,Short-term blockage
8/2/2021 16:35,P/A/1/2,17,20,9,10,754.86,0.81,-62,auto,459.29,448.85,12,20.74,46.25,1.28,Short-term blockage
8/2/2021 16:35,A/P/2/1,58,59,9,9,0.01,2.21,-60.5,auto,459.29,448.85,12,20.74,46.25,1.28,Short-term blockage
8/2/2021 16:35,P/A/1/2,18,20,9,10,359.14,0.56,-61.5,auto,459.29,448.85,12,20.74,46.25,1.28,Short-term blockage
8/2/2021 16:35,P/A/1/2,17,20,9,9,265.81,3.17,-62.5,auto,459.29,448.85,12,20.74,46.25,1.28,Short-term blockage
8/2/2021 16:35,A/P/2/1,58,59,10,9,3.09,1.77,-61.5,auto,459.29,448.85,12,20.74,46.25,1.28,Short-term blockage
8/2/2021 16:36,P/A/1/2,16,20,9,9,745.44,1.4,-63.5,auto,459.29,448.85,12,20.74,46.25,1.28,Short-term blockage
8/2/2021 16:36,A/P/2/1,57,59,9,9,3.16,1.33,-63,auto,459.29,448.85,12,20.74,46.25,1.28,Short-term blockage
8/2/2021 16:36,P/A/1/2,17,20,9,9,764.79,1.07,-62.5,auto,455.17,451.27,172,20.74,46.25,1.28,Short-term blockage
8/2/2021 16:36,A/P/2/1,58,59,9,9,3.06,3.27,-61,auto,455.17,451.27,172,20.74,46.25,1.28,Short-term blockage
8/2/2021 16:36,P/A/1/2,17,20,9,10,750.43,0.72,-62.5,auto,455.17,451.27,172,20.74,46.25,1.28,Short-term blockage
8/2/2021 16:36,A/P/2/1,58,59,9,9,2.95,1.68,-63,auto,455.17,451.27,172,20.74,46.25,1.28,Short-term blockage
8/2/2021 16:36,P/A/1/2,19,20,9,10,750.12,0.65,-62.5,auto,455.17,451.27,172,20.74,46.25,1.28,Short-term blockage
8/2/2021 16:36,A/P/2/1,58,59,9,9,3.32,5.35,-61.5,auto,455.17,451.27,172,20.74,46.25,1.28,Short-term blockage
8/2/2021 16:36,P/A/1/2,17,20,9,10,487.5,0.71,-62.5,auto,455.17,451.27,172,19.44,44.21,1.13,Short-term blockage
8/2/2021 16:36,A/P/2/1,58,59,10,9,0.26,6.32,-60.5,auto,455.17,451.27,172,19.44,44.21,1.13,Short-term blockage
8/2/2021 16:36,P/A/1/2,17,19,9,9,179.14,1,-62,auto,455.17,451.27,172,19.44,44.21,1.13,Short-term blockage
8/2/2021 16:36,A/P/2/1,58,59,9,9,3.1,1.75,-61.5,auto,455.17,451.27,172,19.44,44.21,1.13,Short-term blockage
8/2/2021 16:36,P/A/1/2,17,19,9,9,747.36,0.64,-62.5,auto,455.17,451.27,172,19.44,44.21,1.13,Short-term blockage
8/2/2021 16:36,P/A/1/2,17,19,9,9,753.42,1.35,-62.5,auto,446.62,435.98,53,19.44,44.21,1.13,Short-term blockage
8/2/2021 16:36,A/P/2/1,58,59,9,9,3.04,1.36,-61.5,auto,446.62,435.98,53,19.44,44.21,1.13,Short-term blockage
8/2/2021 16:36,P/A/1/2,17,19,9,9,750.79,1.34,-62.5,auto,446.62,435.98,53,19.44,44.21,1.13,Short-term blockage
8/2/2021 16:36,A/P/2/1,58,59,9,9,3.96,1.55,-61,auto,446.62,435.98,53,19.44,44.21,1.13,Short-term blockage
8/2/2021 16:36,P/A/1/2,18,19,9,9,763.9,0.59,-62,auto,446.62,435.98,53,19.44,44.21,1.13,Short-term blockage
8/2/2021 16:36,A/P/2/1,58,59,9,9,3.64,1.56,-61.5,auto,446.62,435.98,53,19.44,44.21,1.13,Short-term blockage
8/2/2021 16:36,P/A/1/2,17,19,9,9,574.67,1.27,-62.5,auto,446.62,435.98,53,19.44,44.21,1.13,Short-term blockage
8/2/2021 16:36,A/P/2/1,58,59,9,9,0.71,3.69,-60.5,auto,446.62,435.98,53,19.44,44.21,1.13,Short-term blockage
8/2/2021 16:36,P/A/1/2,16,20,9,9,92.3,0.91,-64,auto,446.62,435.98,53,19.44,44.21,1.13,Short-term blockage
8/2/2021 16:36,A/P/2/1,57,59,10,9,2.42,3.13,-63,auto,446.62,435.98,53,19.44,44.21,1.13,Short-term blockage
8/2/2021 16:36,P/A/1/2,17,19,10,9,754.96,2.8,-61.5,auto,446.62,435.98,53,19.44,44.21,1.13,Short-term blockage
8/2/2021 16:36,A/P/2/1,57,59,8,10,3.65,1.87,-62.5,auto,446.62,435.98,53,19.44,44.21,1.13,Short-term blockage
8/2/2021 16:36,A/P/2/1,16,59,7,6,2.95,8.73,-74.5,auto,447.71,439.71,17,19.44,44.21,1.13,Short-term blockage
8/2/2021 16:36,P/A/1/2,17,20,7,9,757.84,4.69,-66.5,auto,447.71,439.71,17,19.44,44.21,1.13,Short-term blockage
8/2/2021 16:36,P/A/1/2,19,54,4,8,719.52,0,-74,auto,447.71,439.71,17,14.62,34.75,1.73,Short-term blockage
8/2/2021 16:36,A/P/2/1,58,60,9,9,3.1,1.15,-61,auto,447.71,439.71,17,14.62,34.75,1.73,Short-term blockage
8/2/2021 16:36,P/A/1/2,16,20,9,9,667.18,2.77,-62.5,auto,447.71,439.71,17,14.62,34.75,1.73,Short-term blockage
8/2/2021 16:36,A/P/2/1,58,59,9,9,3.14,8.56,-61,auto,447.71,439.71,17,14.62,34.75,1.73,Short-term blockage
8/2/2021 16:36,P/A/1/2,17,20,9,9,699.89,0.62,-62,auto,447.71,439.71,17,14.62,34.75,1.73,Short-term blockage
8/2/2021 16:36,A/P/2/1,58,59,9,9,0.96,2.15,-60.5,auto,447.71,439.71,17,14.62,34.75,1.73,Short-term blockage
8/2/2021 16:36,P/A/1/2,17,20,10,9,16.25,1.08,-62.5,auto,447.71,439.71,17,14.62,34.75,1.73,Short-term blockage
8/2/2021 16:36,A/P/2/1,58,59,9,9,2.23,2.18,-61.5,auto,447.71,439.71,17,14.62,34.75,1.73,Short-term blockage
8/2/2021 16:36,P/A/1/2,18,20,9,9,741.24,1.21,-62,auto,447.71,439.71,17,14.62,34.75,1.73,Short-term blockage
8/2/2021 16:36,A/P/2/1,58,59,10,9,3.68,1.66,-61.5,auto,447.71,439.71,17,14.62,34.75,1.73,Short-term blockage
8/2/2021 16:36,A/P/2/1,57,59,10,9,3.44,2.1,-63,auto,447.71,439.71,17,14.62,34.75,1.73,Short-term blockage
8/2/2021 16:36,A/P/2/1,58,59,9,9,3.58,1.81,-61.5,auto,445.11,440.82,385,14.62,34.75,1.73,Short-term blockage
8/2/2021 16:36,P/A/1/2,16,20,9,9,762.68,1.51,-64,auto,445.11,440.82,385,14.62,34.75,1.73,Short-term blockage
8/2/2021 16:36,P/A/1/2,17,20,9,10,743.17,0.46,-62.5,auto,445.11,440.82,385,14.62,34.75,1.73,Short-term blockage
8/2/2021 16:36,A/P/2/1,57,59,9,9,3.03,1.5,-62.5,auto,445.11,440.82,385,14.62,34.75,1.73,Short-term blockage
8/2/2021 16:36,P/A/1/2,18,20,9,9,739.64,0.79,-62,auto,445.11,440.82,385,14.62,34.75,1.73,Short-term blockage
8/2/2021 16:36,A/P/2/1,58,59,10,9,1.3,1.13,-60.5,auto,445.11,440.82,385,14.62,34.75,1.73,Short-term blockage
8/2/2021 16:36,P/A/1/2,18,20,9,10,0.01,0.78,-62,auto,445.11,440.82,385,14.62,34.75,1.73,Short-term blockage
8/2/2021 16:36,A/P/2/1,57,59,9,9,1.49,3.15,-61.5,auto,445.11,440.82,385,14.62,34.75,1.73,Short-term blockage
8/2/2021 16:36,P/A/1/2,17,20,9,10,676.3,0.92,-62.5,auto,445.11,440.82,385,14.62,34.75,1.73,Short-term blockage
8/2/2021 16:36,A/P/2/1,59,59,9,9,3.07,2.65,-60.5,auto,445.11,440.82,385,14.62,34.75,1.73,Short-term blockage
8/2/2021 16:36,P/A/1/2,17,20,9,10,739.1,0.85,-62.5,auto,445.11,440.82,385,14.62,34.75,1.73,Short-term blockage
8/2/2021 16:36,A/P/2/1,58,59,9,10,3.43,1.8,-61.5,auto,445.11,440.82,385,14.62,34.75,1.73,Short-term blockage
8/2/2021 16:36,P/A/1/2,17,20,9,9,745.09,1.24,-62.5,auto,445.11,440.82,385,14.62,34.75,1.73,Short-term blockage
8/2/2021 16:36,P/A/1/2,17,20,9,9,759.01,0.66,-62,auto,445.11,440.82,385,14.62,34.75,1.73,Short-term blockage
8/2/2021 16:36,A/P/2/1,58,59,9,9,3.41,5.59,-61.5,auto,445.11,440.82,385,14.62,34.75,1.73,Short-term blockage
7/1/2021 8:11,P/A/2/2,8,12,9,9,699.86,0.68,-65.5,auto,499.83,499.65,13,2.43,4.91,0.7,Normal
7/1/2021 8:11,A/P/2/2,13,15,9,9,4.3,1.81,-65.5,auto,499.83,499.65,13,2.43,4.91,0.7,Normal
7/1/2021 8:11,P/A/2/2,8,12,9,9,886.93,0.38,-65,auto,499.83,499.65,13,2.43,4.91,0.7,Normal
7/1/2021 8:11,A/P/2/2,13,15,9,10,3.02,1.6,-65,auto,499.83,499.65,13,2.43,4.91,0.7,Normal
7/1/2021 8:11,P/A/2/2,8,12,9,9,778.47,0.93,-64.5,auto,499.83,499.65,13,2.43,4.91,0.7,Normal
7/1/2021 8:11,A/P/2/2,14,15,9,9,3.07,1.18,-64.5,auto,499.83,499.65,13,2.43,4.91,0.7,Normal
7/1/2021 8:11,P/A/2/2,7,12,9,9,256.37,0.89,-64.75,auto,499.83,499.65,13,2.43,4.91,0.7,Normal
7/1/2021 8:11,A/P/2/2,13,15,9,9,4.11,2.18,-65,auto,499.83,499.65,13,2.43,4.91,0.7,Normal
7/1/2021 8:11,P/A/2/2,8,12,9,9,402.51,0.81,-65,auto,499.93,496.5,150,2.43,4.91,0.7,Normal
7/1/2021 8:11,A/P/2/2,15,15,10,9,0.41,1.47,-64,auto,499.93,496.5,150,2.43,4.91,0.7,Normal
7/1/2021 8:11,A/P/2/2,13,15,10,9,2.58,3.22,-65,auto,499.93,496.5,150,2.43,4.91,0.7,Normal
7/1/2021 8:11,A/P/2/2,15,15,9,9,4.66,2.41,-64,auto,499.93,496.5,150,2.43,4.91,0.7,Normal
7/1/2021 8:11,P/A/2/2,8,12,9,9,694.79,0.47,-65.5,auto,499.93,496.5,150,2.43,4.91,0.7,Normal
7/1/2021 8:11,P/A/2/2,7,12,9,9,797.96,1.59,-66.5,auto,499.93,496.5,150,2.43,4.91,0.7,Normal
7/1/2021 8:11,A/P/2/2,13,15,10,10,4.17,1.83,-65,auto,499.93,496.5,150,2.43,4.91,0.7,Normal
7/1/2021 8:11,P/A/2/2,8,12,9,9,901.12,0.79,-65.5,auto,499.93,496.5,150,2.43,4.91,0.7,Normal
7/1/2021 8:11,A/P/2/2,15,15,9,10,4.01,2.22,-64,auto,499.93,496.5,150,2.43,4.91,0.7,Normal
7/1/2021 8:11,P/A/2/2,9,12,9,9,431.87,0.83,-65,auto,499.93,496.5,150,2.43,4.91,0.7,Normal
7/1/2021 8:11,A/P/2/2,13,15,9,9,4.85,2.04,-65,auto,499.93,496.5,150,2.43,4.91,0.7,Normal
7/1/2021 8:11,P/A/2/2,8,12,9,9,513.25,1.16,-65,auto,499.98,492.38,44,2.64,8.94,0.44,Normal
7/1/2021 8:11,A/P/2/2,12,15,9,9,2.41,1.31,-65,auto,499.98,492.38,44,2.64,8.94,0.44,Normal
7/1/2021 8:11,P/A/2/2,7,12,9,9,594.64,0.79,-66.5,auto,499.98,492.38,44,2.64,8.94,0.44,Normal
7/1/2021 8:11,A/P/2/2,12,15,9,9,1.02,2,-65,auto,499.98,492.38,44,2.64,8.94,0.44,Normal
7/1/2021 8:11,P/A/2/2,9,12,9,10,804.64,0.52,-64.5,auto,499.98,492.38,44,2.64,8.94,0.44,Normal
7/1/2021 8:11,A/P/2/2,13,15,9,9,5.13,3.79,-65,auto,499.98,492.38,44,2.64,8.94,0.44,Normal
7/1/2021 8:11,A/P/2/2,13,15,9,10,3.48,1.46,-65,auto,499.98,492.38,44,2.64,8.94,0.44,Normal
7/1/2021 8:11,P/A/2/2,8,12,9,9,848.65,0.41,-65.5,auto,499.98,492.38,44,2.64,8.94,0.44,Normal
7/1/2021 8:11,P/A/2/2,7,12,9,9,803.62,0.7,-66.5,auto,499.98,492.38,44,2.64,8.94,0.44,Normal
7/1/2021 8:11,A/P/2/2,16,15,9,10,2.86,2.97,-64,auto,499.98,492.38,44,2.64,8.94,0.44,Normal
7/1/2021 8:11,P/A/2/2,9,12,9,9,555.02,0.76,-65,auto,499.98,492.38,44,2.64,8.94,0.44,Normal
7/1/2021 8:11,A/P/2/2,14,15,9,9,3.65,3.17,-64.5,auto,499.98,492.38,44,2.64,8.94,0.44,Normal
7/1/2021 8:11,P/A/2/2,9,12,9,9,407.46,0.91,-64.5,auto,499.9,499.74,5,2.64,8.94,0.44,Normal
7/1/2021 8:11,A/P/2/2,14,15,9,9,2.02,1.6,-64,auto,499.9,499.74,5,2.64,8.94,0.44,Normal
7/1/2021 8:11,P/A/2/2,8,12,10,9,583.15,0.58,-65,auto,499.9,499.74,5,2.64,8.94,0.44,Normal
7/1/2021 8:11,A/P/2/2,14,15,9,9,0.03,3.14,-64,auto,499.9,499.74,5,2.64,8.94,0.44,Normal
7/1/2021 8:11,P/A/2/2,9,12,9,9,728.36,0.81,-65.25,auto,499.9,499.74,5,2.64,8.94,0.44,Normal
7/1/2021 8:11,A/P/2/2,13,15,9,10,4.48,5.85,-65,auto,499.9,499.74,5,2.64,8.94,0.44,Normal
7/1/2021 8:11,A/P/2/2,14,15,10,9,4.55,4.2,-64,auto,499.9,499.74,5,2.64,8.94,0.44,Normal
7/1/2021 8:11,P/A/2/2,8,12,9,9,850.9,1.73,-65.5,auto,499.9,499.74,5,2.64,8.94,0.44,Normal
7/1/2021 8:11,A/P/2/2,13,15,10,11,4.63,2.8,-65,auto,499.9,499.74,5,2.81,8.57,0.59,Normal
7/1/2021 8:11,P/A/2/2,8,12,9,9,837.84,0.85,-65.5,auto,499.9,499.74,5,2.81,8.57,0.59,Normal
7/1/2021 8:11,P/A/2/2,9,12,9,9,652.6,0.59,-65,auto,499.9,499.74,5,2.81,8.57,0.59,Normal
7/1/2021 8:11,P/A/2/2,7,12,9,9,271.09,0.57,-64.5,auto,499.9,499.74,5,2.81,8.57,0.59,Normal
7/1/2021 8:11,A/P/2/2,13,15,9,9,4.77,2.44,-65,auto,499.9,499.74,5,2.81,8.57,0.59,Normal
7/1/2021 8:11,P/A/2/2,9,11,9,9,562.55,0.63,-64,auto,499.93,497.85,225,2.81,8.57,0.59,Normal
7/1/2021 8:11,A/P/2/2,12,15,9,9,0.05,2.2,-65.5,auto,499.93,497.85,225,2.81,8.57,0.59,Normal
7/1/2021 8:11,P/A/2/2,9,11,10,9,792.52,0.3,-64,auto,499.93,497.85,225,2.81,8.57,0.59,Normal
7/1/2021 8:11,A/P/2/2,13,16,10,9,3.28,1.51,-65,auto,499.93,497.85,225,2.81,8.57,0.59,Normal
7/1/2021 8:11,P/A/2/2,8,11,9,9,807.88,0.75,-65.5,auto,499.93,497.85,225,2.81,8.57,0.59,Normal
7/1/2021 8:11,A/P/2/2,12,16,10,9,4.79,3.17,-65,auto,499.93,497.85,225,2.81,8.57,0.59,Normal
7/1/2021 8:11,P/A/2/2,7,11,11,9,819.33,0.33,-66.5,auto,499.93,497.85,225,2.81,8.57,0.59,Normal
7/1/2021 8:11,A/P/2/2,14,16,9,10,5,3.1,-64.5,auto,499.93,497.85,225,2.81,8.57,0.59,Normal
7/1/2021 8:11,P/A/2/2,8,11,9,9,830.79,0.63,-65.5,auto,499.93,497.85,225,2.81,8.57,0.59,Normal
7/1/2021 8:11,A/P/2/2,13,16,9,9,3.57,2.44,-65,auto,499.93,497.85,225,2.81,8.57,0.59,Normal
7/1/2021 8:11,A/P/2/2,14,16,9,9,1.23,1.51,-64,auto,499.93,497.85,225,2.81,8.57,0.59,Normal
7/1/2021 8:11,P/A/2/2,9,11,9,10,640.08,0.58,-64,auto,499.93,497.85,225,2.81,8.57,0.59,Normal
7/1/2021 8:11,P/A/2/2,8,11,9,9,449.36,0.97,-65.25,auto,499.96,495.45,240,2.81,8.57,0.59,Normal
7/1/2021 8:11,A/P/2/2,12,16,9,9,2.04,2.88,-65,auto,499.96,495.45,240,2.81,8.57,0.59,Normal
7/1/2021 8:11,P/A/2/2,8,11,10,9,757.87,0.79,-66.5,auto,499.96,495.45,240,3.11,10.41,0.69,Normal
7/1/2021 8:11,A/P/2/2,13,16,9,9,3.82,5.61,-65,auto,499.96,495.45,240,3.11,10.41,0.69,Normal
7/1/2021 8:12,P/A/2/2,8,11,9,9,843.98,0.76,-65.5,auto,499.96,495.45,240,3.11,10.41,0.69,Normal
7/1/2021 8:12,A/P/2/2,13,16,9,9,2.84,1.79,-65.5,auto,499.96,495.45,240,3.11,10.41,0.69,Normal
7/1/2021 8:12,P/A/2/2,9,11,9,10,846.6,0.52,-65.5,auto,499.96,495.45,240,3.11,10.41,0.69,Normal
7/1/2021 8:12,A/P/2/2,13,16,9,9,3.64,2.57,-65.5,auto,499.96,495.45,240,3.11,10.41,0.69,Normal
7/1/2021 8:12,A/P/2/2,14,16,9,9,4.91,1.36,-64.5,auto,499.96,495.45,240,3.11,10.41,0.69,Normal
7/1/2021 8:12,P/A/2/2,8,11,9,9,470.86,0.48,-65.5,auto,499.96,495.45,240,3.11,10.41,0.69,Normal
7/1/2021 8:12,A/P/2/2,12,16,9,9,2.42,1.92,-65.5,auto,499.96,495.45,240,3.11,10.41,0.69,Normal
7/1/2021 8:12,P/A/2/2,8,11,10,9,356.39,0.81,-65.5,auto,499.93,498.9,75,3.11,10.41,0.69,Normal
7/1/2021 8:12,A/P/2/2,12,16,9,10,0.9,1.59,-65,auto,499.93,498.9,75,3.11,10.41,0.69,Normal
7/1/2021 8:12,A/P/2/2,14,16,9,9,4.94,1.32,-64,auto,499.93,498.9,75,3.11,10.41,0.69,Normal
7/1/2021 8:12,P/A/2/2,8,11,9,9,722.21,1.58,-65.5,auto,499.93,498.9,75,3.11,10.41,0.69,Normal
7/1/2021 8:12,P/A/2/2,9,11,9,9,732.01,2.35,-66,auto,499.93,498.9,75,3.11,10.41,0.69,Normal
7/1/2021 8:12,A/P/2/2,13,16,9,10,5.58,2.4,-65,auto,499.93,498.9,75,3.11,10.41,0.69,Normal
7/1/2021 8:12,P/A/2/2,7,11,9,9,809.19,0.57,-66.5,auto,499.93,498.9,75,3.11,10.41,0.69,Normal
7/1/2021 8:12,A/P/2/2,12,16,9,10,4.74,2.86,-65,auto,499.93,498.9,75,3.11,10.41,0.69,Normal
7/1/2021 8:12,P/A/2/2,8,11,9,9,676.11,0.64,-65.5,auto,499.93,498.9,75,3.11,10.41,0.69,Normal
7/1/2021 8:12,A/P/2/2,14,16,9,9,3.9,6.98,-64.5,auto,499.93,498.9,75,3.11,10.41,0.69,Normal
7/1/2021 8:12,P/A/2/2,9,11,10,9,543.02,0.47,-64,auto,499.93,498.9,75,2.34,6.38,0.66,Normal
7/1/2021 8:12,A/P/2/2,13,16,9,9,4,1.78,-65,auto,499.93,498.9,75,2.34,6.38,0.66,Normal
7/1/2021 8:12,P/A/2/2,8,11,10,9,219.84,0.69,-65.5,auto,499.96,499.81,177,2.34,6.38,0.66,Normal
7/1/2021 8:12,A/P/2/2,15,16,9,9,0.04,1.66,-64,auto,499.96,499.81,177,2.34,6.38,0.66,Normal
7/1/2021 8:12,P/A/2/2,8,11,9,9,657.84,0.44,-65.25,auto,499.96,499.81,177,2.34,6.38,0.66,Normal
7/1/2021 8:12,A/P/2/2,12,16,9,9,3.64,2.03,-65,auto,499.96,499.81,177,2.34,6.38,0.66,Normal
7/1/2021 8:12,A/P/2/2,14,16,9,9,2.79,0,-64,auto,499.96,499.81,177,2.34,6.38,0.66,Normal
7/1/2021 8:12,P/A/2/2,8,11,10,9,860.17,0.27,-65,auto,499.96,499.81,177,2.34,6.38,0.66,Normal
7/1/2021 8:12,P/A/2/2,7,11,10,9,835.67,0.67,-66.5,auto,499.96,499.81,177,2.34,6.38,0.66,Normal
7/1/2021 8:12,A/P/2/2,15,16,9,9,2.85,1.75,-64,auto,499.96,499.81,177,2.34,6.38,0.66,Normal
7/1/2021 8:12,P/A/2/2,8,11,10,9,798.33,0.57,-65.5,auto,499.96,499.81,177,2.34,6.38,0.66,Normal
7/1/2021 8:12,A/P/2/2,14,16,9,9,3.99,2.26,-64.5,auto,499.96,499.81,177,2.34,6.38,0.66,Normal
7/1/2021 8:12,P/A/2/2,8,11,9,9,723.72,0.46,-65.5,auto,499.96,499.81,177,2.34,6.38,0.66,Normal
7/1/2021 8:12,A/P/2/2,13,16,9,9,2.41,1.62,-65,auto,499.96,499.81,177,2.34,6.38,0.66,Normal
7/1/2021 8:12,P/A/2/2,8,11,9,9,188.65,0.44,-65.5,auto,499.96,499.81,177,2.34,6.38,0.66,Normal
7/1/2021 8:12,A/P/2/2,13,16,9,9,0.27,1.75,-64,auto,499.96,499.81,177,2.34,6.38,0.66,Normal
7/1/2021 8:12,P/A/2/2,8,11,9,9,541.54,1.15,-64.5,auto,499.92,499.78,386,2.34,6.38,0.66,Normal
7/1/2021 8:12,P/A/2/2,8,11,10,9,778.64,1.57,-65,auto,499.92,499.78,386,2.34,6.38,0.66,Normal
7/1/2021 8:12,A/P/2/2,13,16,9,9,2.23,2.14,-65,auto,499.92,499.78,386,2.34,6.38,0.66,Normal
7/1/2021 8:12,A/P/2/2,12,16,10,9,5.08,3.01,-65,auto,499.92,499.78,386,1.7,4.3,0.52,Normal
7/1/2021 8:12,P/A/2/2,8,11,9,9,917.4,0.68,-65.5,auto,499.92,499.78,386,1.7,4.3,0.52,Normal
7/1/2021 8:12,P/A/2/2,8,11,10,9,801.99,0.86,-65,auto,499.92,499.78,386,1.7,4.3,0.52,Normal
7/1/2021 8:12,A/P/2/2,13,16,9,10,5.25,0.24,-65.5,auto,499.92,499.78,386,1.7,4.3,0.52,Normal
7/1/2021 8:12,P/A/2/2,8,11,9,9,770.05,0.88,-65.75,auto,499.92,499.78,386,1.7,4.3,0.52,Normal
7/1/2021 8:12,A/P/2/2,13,16,9,9,4.73,3.22,-65,auto,499.92,499.78,386,1.7,4.3,0.52,Normal
7/1/2021 8:12,P/A/2/2,7,11,9,9,213.42,0.76,-66.5,auto,499.92,499.78,386,1.7,4.3,0.52,Normal
7/1/2021 8:12,A/P/2/2,15,16,9,9,1.05,0.21,-63.5,auto,499.92,499.78,386,1.7,4.3,0.52,Normal
7/1/2021 8:12,P/A/2/2,8,11,10,9,487.32,0.7,-65.5,auto,493.67,492.16,210,1.7,4.3,0.52,Normal
7/1/2021 8:12,A/P/2/2,14,16,9,9,1.82,3.73,-64,auto,493.67,492.16,210,1.7,4.3,0.52,Normal
7/1/2021 8:12,P/A/2/2,8,11,10,9,811.69,0.39,-65.5,auto,493.67,492.16,210,1.7,4.3,0.52,Normal
7/1/2021 8:12,A/P/2/2,13,16,9,10,4.15,1.44,-65,auto,493.67,492.16,210,1.7,4.3,0.52,Normal
7/1/2021 8:12,P/A/2/2,8,11,10,9,753.65,0.5,-65.5,auto,493.67,492.16,210,1.7,4.3,0.52,Normal
7/1/2021 8:12,A/P/2/2,12,16,9,9,4.99,1.26,-64.5,auto,493.67,492.16,210,1.7,4.3,0.52,Normal
7/1/2021 8:12,P/A/2/2,8,11,10,9,797.47,0.68,-65.25,auto,493.67,492.16,210,1.7,4.3,0.52,Normal
7/1/2021 8:12,A/P/2/2,14,16,10,9,4.03,0.64,-64,auto,493.67,492.16,210,1.7,4.3,0.52,Normal
7/1/2021 8:12,A/P/2/2,13,16,9,10,4.61,3.83,-65.5,auto,493.67,492.16,210,1.7,4.3,0.52,Normal
7/1/2021 8:12,P/A/2/2,8,11,9,9,793.76,0.58,-65,auto,493.67,492.16,210,1.7,4.3,0.52,Normal
7/1/2021 8:12,P/A/2/2,9,11,9,9,376.4,0.6,-64,auto,493.67,492.16,210,1.7,4.3,0.52,Normal
7/1/2021 8:12,A/P/2/2,13,16,9,9,2.89,1.28,-65,auto,493.67,492.16,210,1.7,4.3,0.52,Normal
7/1/2021 8:12,P/A/2/2,8,12,9,9,261.41,1.21,-65,auto,499.93,494.55,2,2.79,11.99,0.77,Normal
7/1/2021 8:12,A/P/2/2,16,15,10,9,0.59,1.83,-64,auto,499.93,494.55,2,2.79,11.99,0.77,Normal
7/1/2021 8:12,A/P/2/2,13,15,9,9,3.88,1.3,-65.5,auto,499.93,494.55,2,2.79,11.99,0.77,Normal
7/1/2021 8:12,P/A/2/2,8,12,9,9,817.88,0.35,-64.5,auto,499.93,494.55,2,2.79,11.99,0.77,Normal
7/1/2021 8:12,A/P/2/2,13,15,9,9,4.27,2.53,-65,auto,499.93,494.55,2,2.79,11.99,0.77,Normal
7/1/2021 8:12,P/A/2/2,8,12,9,9,787.75,2.26,-64.5,auto,499.93,494.55,2,2.79,11.99,0.77,Normal
7/1/2021 8:12,A/P/2/2,13,15,9,9,4.36,2.39,-65.5,auto,499.93,494.55,2,2.79,11.99,0.77,Normal
7/1/2021 8:12,P/A/2/2,8,12,9,9,775.33,0.84,-65,auto,499.93,494.55,2,2.79,11.99,0.77,Normal
7/1/2021 8:12,A/P/2/2,13,15,10,9,3.49,2.43,-65,auto,499.93,494.55,2,2.79,11.99,0.77,Normal
7/1/2021 8:12,A/P/2/2,14,15,9,9,4.1,1.54,-64,auto,499.93,494.55,2,2.79,11.99,0.77,Normal
7/1/2021 8:12,P/A/2/2,8,12,9,9,557.97,0.41,-65,auto,499.93,494.55,2,2.79,11.99,0.77,Normal
7/1/2021 8:12,P/A/2/2,9,12,9,9,113.23,0.29,-64.83,auto,499.93,494.55,2,2.79,11.99,0.77,Normal
7/1/2021 8:12,A/P/2/2,12,15,9,9,0.05,1.67,-65,auto,499.93,494.55,2,2.79,11.99,0.77,Normal
7/1/2021 8:12,P/A/2/2,7,12,10,9,777.18,1.32,-64.67,auto,499.93,499.63,320,2.79,11.99,0.77,Normal
7/1/2021 8:12,A/P/2/2,14,15,9,9,2.08,2.95,-64.5,auto,499.93,499.63,320,2.79,11.99,0.77,Normal
7/1/2021 8:12,P/A/2/2,8,12,9,9,654.75,0.36,-64.5,auto,499.93,499.63,320,2.79,11.99,0.77,Normal
7/1/2021 8:12,A/P/2/2,15,15,9,9,2.37,2.91,-64,auto,499.93,499.63,320,2.79,11.99,0.77,Normal
7/1/2021 8:12,P/A/2/2,8,12,9,9,707.51,0.52,-65,auto,499.93,499.63,320,2.79,11.99,0.77,Normal
7/1/2021 8:12,A/P/2/2,14,15,9,10,2.16,6.38,-64,auto,499.93,499.63,320,2.79,11.99,0.77,Normal
7/1/2021 8:12,A/P/2/2,13,15,9,10,2.46,1.72,-65,auto,499.93,499.63,320,2.79,11.99,0.77,Normal
7/1/2021 8:12,P/A/2/2,8,12,9,9,813.04,0.72,-64.5,auto,499.93,499.63,320,2.21,5.14,0.46,Normal
7/1/2021 8:12,A/P/2/2,14,15,9,9,3.12,1.67,-64.5,auto,499.93,499.63,320,2.21,5.14,0.46,Normal
7/1/2021 8:12,P/A/2/2,9,12,9,9,767.99,0.93,-65,auto,499.93,499.63,320,2.21,5.14,0.46,Normal
7/1/2021 8:12,A/P/2/2,15,15,9,9,0.54,2.1,-63.5,auto,499.93,499.63,320,2.21,5.14,0.46,Normal
7/1/2021 8:12,P/A/2/2,7,12,9,9,58.77,0.9,-65.25,auto,499.94,499.78,106,2.21,5.14,0.46,Normal
7/1/2021 8:12,P/A/2/2,8,12,10,9,710.98,0.72,-65.5,auto,499.94,499.78,106,2.21,5.14,0.46,Normal
7/1/2021 8:12,A/P/2/2,13,15,9,9,4.82,1.95,-65.5,auto,499.94,499.78,106,2.21,5.14,0.46,Normal
7/1/2021 8:12,P/A/2/2,7,12,11,9,783.39,1.69,-66.5,auto,499.94,499.78,106,2.21,5.14,0.46,Normal
7/1/2021 8:12,A/P/2/2,13,15,9,9,3.55,1.52,-65,auto,499.94,499.78,106,2.21,5.14,0.46,Normal
7/1/2021 8:12,P/A/2/2,8,12,9,9,820.31,0.72,-65.5,auto,499.94,499.78,106,2.21,5.14,0.46,Normal
7/1/2021 8:12,A/P/2/2,13,15,9,9,5.1,1.65,-65,auto,499.94,499.78,106,2.21,5.14,0.46,Normal
7/1/2021 8:12,P/A/2/2,8,12,9,9,811.02,0.37,-65,auto,499.94,499.78,106,2.21,5.14,0.46,Normal
7/1/2021 8:12,A/P/2/2,15,15,9,9,3.61,1.51,-64,auto,499.94,499.78,106,2.21,5.14,0.46,Normal
7/1/2021 8:12,P/A/2/2,8,12,10,9,801.72,0.39,-65,auto,499.94,499.78,106,2.21,5.14,0.46,Normal
7/1/2021 8:12,A/P/2/2,14,15,9,9,1.09,2.81,-64,auto,499.94,499.78,106,2.21,5.14,0.46,Normal
7/1/2021 8:12,P/A/2/2,9,12,9,9,158.44,0.69,-65,auto,463.86,461.62,143,2.21,5.14,0.46,Normal
7/1/2021 8:12,A/P/2/2,15,16,9,10,1.03,2.1,-64,auto,463.86,461.62,143,2.21,5.14,0.46,Normal
7/1/2021 8:12,A/P/2/2,15,16,9,10,3.54,1.72,-64,auto,463.86,461.62,143,2.21,5.14,0.46,Normal
7/1/2021 8:12,P/A/2/2,9,12,9,9,491.26,0.63,-64,auto,463.86,461.62,143,2.21,5.14,0.46,Normal
7/1/2021 8:12,P/A/2/2,9,12,9,9,875.5,0.61,-64.5,auto,463.86,461.62,143,1.81,4.37,0.5,Normal
7/1/2021 8:12,A/P/2/2,15,15,9,9,3.45,2.17,-64,auto,463.86,461.62,143,1.81,4.37,0.5,Normal
7/1/2021 8:12,P/A/2/2,7,11,9,9,813.2,1.04,-67,auto,463.86,461.62,143,1.81,4.37,0.5,Normal
7/1/2021 8:12,A/P/2/2,13,15,9,9,3.37,2.59,-65.5,auto,463.86,461.62,143,1.81,4.37,0.5,Normal
7/1/2021 8:12,P/A/2/2,8,11,9,9,834.7,0.63,-64.5,auto,463.86,461.62,143,1.81,4.37,0.5,Normal
7/1/2021 8:12,A/P/2/2,13,15,9,9,4.77,1.52,-65.5,auto,463.86,461.62,143,1.81,4.37,0.5,Normal
7/1/2021 8:12,P/A/2/2,9,11,9,9,834.71,0.57,-64.5,auto,463.86,461.62,143,1.81,4.37,0.5,Normal
7/1/2021 8:12,A/P/2/2,13,15,9,10,3.44,1.08,-65,auto,463.86,461.62,143,1.81,4.37,0.5,Normal
7/1/2021 8:12,P/A/2/2,8,11,10,9,356.47,0.7,-64.5,auto,498.7,491.71,94,1.81,4.37,0.5,Normal
7/1/2021 8:12,A/P/2/2,14,15,9,10,0.04,0,-64,auto,498.7,491.71,94,1.81,4.37,0.5,Normal
7/1/2021 8:12,P/A/2/2,8,11,9,9,304.55,0.7,-65.5,auto,498.7,491.71,94,1.81,4.37,0.5,Normal
7/1/2021 8:12,A/P/2/2,14,15,9,9,3.78,1.92,-64,auto,498.7,491.71,94,1.81,4.37,0.5,Normal
7/1/2021 8:12,P/A/2/2,7,11,11,9,810.33,0.86,-65,auto,498.7,491.71,94,1.81,4.37,0.5,Normal
7/1/2021 8:12,A/P/2/2,13,15,9,9,4.58,1.08,-65,auto,498.7,491.71,94,1.81,4.37,0.5,Normal
7/1/2021 8:12,A/P/2/2,15,15,9,9,4.58,1.04,-64,auto,498.7,491.71,94,1.81,4.37,0.5,Normal
7/1/2021 8:12,P/A/2/2,8,11,9,9,799.18,0.64,-64.5,auto,498.7,491.71,94,1.81,4.37,0.5,Normal
7/1/2021 8:12,A/P/2/2,14,15,10,9,4.68,0,-64,auto,498.7,491.71,94,1.81,4.37,0.5,Normal
7/1/2021 8:12,P/A/2/2,8,11,10,9,802.33,0.4,-65,auto,498.7,491.71,94,1.81,4.37,0.5,Normal
7/1/2021 8:12,A/P/2/2,13,15,9,9,4.86,2.77,-65,auto,498.7,491.71,94,1.81,4.37,0.5,Normal
7/1/2021 8:13,P/A/2/2,7,11,10,10,538.52,1.19,-64.75,auto,498.7,491.71,94,2.62,5.29,0.44,Normal
7/1/2021 8:13,A/P/2/2,13,15,9,10,0.29,3.02,-65,auto,498.7,491.71,94,2.62,5.29,0.44,Normal
7/1/2021 8:13,P/A/2/2,8,11,10,9,203.9,1.2,-64.5,auto,499.95,499.8,93,2.62,5.29,0.44,Normal
7/1/2021 8:13,A/P/2/2,14,15,9,9,2.92,2.42,-64,auto,499.95,499.8,93,2.62,5.29,0.44,Normal
7/1/2021 8:13,P/A/2/2,8,11,9,9,707.11,0.66,-64.5,auto,499.95,499.8,93,2.62,5.29,0.44,Normal
7/1/2021 8:13,A/P/2/2,13,15,9,9,4.28,2.91,-64.5,auto,499.95,499.8,93,2.62,5.29,0.44,Normal
7/1/2021 8:13,P/A/2/2,8,11,9,10,828.06,0.56,-65.5,auto,499.95,499.8,93,2.62,5.29,0.44,Normal
7/1/2021 8:13,A/P/2/2,13,15,10,10,3.41,1.48,-65,auto,499.95,499.8,93,2.62,5.29,0.44,Normal
7/1/2021 8:13,A/P/2/2,13,15,9,9,3.56,1.91,-65.5,auto,499.95,499.8,93,2.62,5.29,0.44,Normal
7/1/2021 8:13,P/A/2/2,8,11,9,9,802.81,0.43,-65,auto,499.95,499.8,93,2.62,5.29,0.44,Normal
7/1/2021 8:13,P/A/2/2,8,11,9,9,810.52,0.61,-65,auto,499.95,499.8,93,2.62,5.29,0.44,Normal
7/1/2021 8:13,A/P/2/2,13,16,9,9,4.85,2.15,-65,auto,499.95,499.8,93,2.62,5.29,0.44,Normal
7/1/2021 8:13,P/A/2/2,8,11,10,10,676.15,0.51,-65,auto,499.95,499.8,93,2.62,5.29,0.44,Normal
7/1/2021 8:13,A/P/2/2,14,16,10,9,1.89,0.75,-64,auto,499.95,499.8,93,2.62,5.29,0.44,Normal
7/1/2021 8:13,P/A/2/2,8,11,10,9,233.54,1.03,-64.5,auto,499.9,499.79,228,2.62,5.29,0.44,Normal
7/1/2021 8:13,A/P/2/2,14,16,9,9,0.85,1.8,-64.5,auto,499.9,499.79,228,2.62,5.29,0.44,Normal
7/1/2021 8:13,P/A/2/2,8,11,9,9,550.74,0.46,-65,auto,499.9,499.79,228,2.62,5.29,0.44,Normal
7/1/2021 8:13,A/P/2/2,14,16,9,9,3.1,2.86,-64,auto,499.9,499.79,228,2.62,5.29,0.44,Normal
7/1/2021 8:13,P/A/2/2,7,11,10,9,760.21,0.18,-65.25,auto,499.9,499.79,228,2.62,5.29,0.44,Normal
7/1/2021 8:13,A/P/2/2,15,16,10,9,1.74,2.48,-64,auto,499.9,499.79,228,2.62,5.29,0.44,Normal
7/1/2021 8:13,P/A/2/2,8,11,9,9,647.61,0.56,-65.5,auto,499.9,499.79,228,3.48,10.33,0.45,Normal
7/1/2021 8:13,P/A/2/2,8,11,10,9,896.5,1.36,-65,auto,499.9,499.79,228,3.48,10.33,0.45,Normal
7/1/2021 8:13,A/P/2/2,12,16,9,9,2.88,2.39,-65,auto,499.9,499.79,228,3.48,10.33,0.45,Normal
7/1/2021 8:13,A/P/2/2,13,16,10,9,1.47,2.32,-65,auto,499.9,499.79,228,3.48,10.33,0.45,Normal
7/1/2021 8:13,P/A/2/2,9,11,9,9,732.07,0.46,-64.5,auto,499.9,499.79,228,3.48,10.33,0.45,Normal
7/1/2021 8:13,P/A/2/2,8,11,9,9,457.79,0.44,-65.5,auto,499.93,499.83,184,3.48,10.33,0.45,Normal
7/1/2021 8:13,A/P/2/2,14,16,9,9,0.06,3.1,-64,auto,499.93,499.83,184,3.48,10.33,0.45,Normal
7/1/2021 8:13,P/A/2/2,7,11,9,9,426.65,0.66,-65.17,auto,499.93,499.83,184,3.48,10.33,0.45,Normal
7/1/2021 8:13,A/P/2/2,13,16,9,9,4.3,4.87,-65,auto,499.93,499.83,184,3.48,10.33,0.45,Normal
7/1/2021 8:13,P/A/2/2,9,12,9,9,784.7,0.36,-64.83,auto,499.93,499.83,184,3.48,10.33,0.45,Normal
7/1/2021 8:13,A/P/2/2,12,15,9,9,4.54,1.59,-65,auto,499.93,499.83,184,3.48,10.33,0.45,Normal
7/1/2021 8:13,P/A/2/2,8,12,9,9,788.96,0.87,-64.5,auto,499.93,499.83,184,3.48,10.33,0.45,Normal
7/1/2021 8:13,A/P/2/2,14,15,9,9,4.78,2.09,-64.5,auto,499.93,499.83,184,3.48,10.33,0.45,Normal
7/1/2021 8:13,P/A/2/2,9,12,9,9,802.62,0.69,-64,auto,499.93,499.83,184,3.48,10.33,0.45,Normal
7/1/2021 8:13,A/P/2/2,12,15,9,9,4.44,0.22,-65,auto,499.93,499.83,184,3.48,10.33,0.45,Normal
7/1/2021 8:13,A/P/2/2,14,15,9,9,4.36,2.29,-64,auto,499.93,499.83,184,3.48,10.33,0.45,Normal
7/1/2021 8:13,P/A/2/2,8,12,9,9,726.85,0.58,-65.25,auto,499.93,499.83,184,3.48,10.33,0.45,Normal
7/1/2021 8:13,P/A/2/2,7,12,9,9,474.7,0.51,-66.5,auto,499.93,499.83,184,3.48,10.33,0.45,Normal
7/1/2021 8:13,A/P/2/2,14,15,9,9,0.05,3.67,-64,auto,499.93,499.83,184,3.48,10.33,0.45,Normal
7/1/2021 8:13,P/A/2/2,7,12,9,9,265.17,0.49,-67,auto,499.93,494.65,7,3.48,10.33,0.45,Normal
7/1/2021 8:13,A/P/2/2,12,15,9,10,2.6,1.67,-65,auto,499.93,494.65,7,3.48,10.33,0.45,Normal
7/1/2021 8:13,P/A/2/2,8,12,9,9,782.18,0.82,-66.5,auto,499.93,494.65,7,3.48,10.33,0.45,Normal
7/1/2021 8:13,A/P/2/2,13,15,9,9,3.91,2.76,-65,auto,499.93,494.65,7,3.48,10.33,0.45,Normal
7/1/2021 8:13,P/A/2/2,7,12,9,9,804.6,1.04,-66.5,auto,499.93,494.65,7,3.48,10.33,0.45,Normal
7/1/2021 8:13,A/P/2/2,13,15,9,9,4.75,2.57,-65,auto,499.93,494.65,7,3.48,10.33,0.45,Normal
7/1/2021 8:13,P/A/2/2,9,12,9,9,782.73,0.61,-64.5,auto,499.93,494.65,7,3.48,10.33,0.45,Normal
7/1/2021 8:13,A/P/2/2,13,15,9,9,5.25,1.69,-65.5,auto,499.93,494.65,7,3.48,10.33,0.45,Normal
7/1/2021 8:13,P/A/2/2,8,12,9,9,745.24,0.85,-65,auto,499.93,494.65,7,3.48,10.33,0.45,Normal
7/1/2021 8:13,A/P/2/2,15,16,9,9,4.85,0.88,-64,auto,499.93,494.65,7,3.48,10.33,0.45,Normal
7/1/2021 8:13,P/A/2/2,8,12,9,9,594.17,1.01,-65.5,auto,499.93,494.65,7,3.48,10.33,0.45,Normal
7/1/2021 8:13,A/P/2/2,14,16,9,9,1.54,0.46,-64,auto,499.93,494.65,7,3.48,10.33,0.45,Normal
7/1/2021 8:13,A/P/2/2,13,16,9,9,1.74,2.83,-65.5,auto,499.93,494.65,7,3.48,10.33,0.45,Normal
7/1/2021 8:13,P/A/2/2,8,12,9,9,284.84,0.9,-64.5,auto,499.93,494.65,7,3.48,10.33,0.45,Normal
7/1/2021 8:13,A/P/2/2,13,16,9,9,4.6,1.49,-65,auto,499.93,494.65,7,3.48,10.33,0.45,Normal
6/19/2021 9:22,P/A/2/2,9,12,8,3,316.85,1.63,-72,auto,257.04,255.49,755,4.01,17.44,0.42,Long-term blockage
6/19/2021 9:22,A/P/2/2,14,15,3,9,2.24,4.84,-78,auto,257.04,255.49,755,4.01,17.44,0.42,Long-term blockage
6/19/2021 9:22,P/A/2/2,8,12,9,3,187.33,0.07,-73,auto,250.52,248.16,859,4.01,17.44,0.42,Long-term blockage
6/19/2021 9:22,A/P/2/2,15,15,3,9,0.27,5.46,-77.5,auto,250.52,248.16,859,4.01,17.44,0.42,Long-term blockage
6/19/2021 9:22,P/A/2/2,8,12,8,3,57.81,1.12,-73,auto,250.52,248.16,859,4.01,17.44,0.42,Long-term blockage
6/19/2021 9:22,A/P/2/2,14,15,3,9,2.09,1.63,-78.5,auto,250.52,248.16,859,4.01,17.44,0.42,Long-term blockage
6/19/2021 9:22,P/A/2/2,9,12,9,3,364.46,2.1,-72,auto,250.52,248.16,859,4.01,17.44,0.42,Long-term blockage
6/19/2021 9:22,A/P/2/2,13,15,3,8,2.35,4.9,-79,auto,250.52,248.16,859,4.01,17.44,0.42,Long-term blockage
6/19/2021 9:23,P/A/2/2,8,12,9,3,339.49,0.05,-72.5,auto,250.52,248.16,859,4.01,17.44,0.42,Long-term blockage
6/19/2021 9:23,P/A/2/2,9,12,9,3,344.25,0.13,-72,auto,250.52,248.16,859,4.01,17.44,0.42,Long-term blockage
6/19/2021 9:23,A/P/2/2,15,15,3,8,2.17,16.22,-79,auto,250.52,248.16,859,4.01,17.44,0.42,Long-term blockage
6/19/2021 9:23,P/A/2/2,8,12,9,3,282.63,0.05,-73,auto,250.52,248.16,859,4.01,17.44,0.42,Long-term blockage
6/19/2021 9:23,A/P/2/2,14,15,3,9,2.53,4,-79,auto,250.52,248.16,859,4.01,17.44,0.42,Long-term blockage
6/19/2021 9:23,A/P/2/2,13,15,3,9,0.37,0.07,-78.5,auto,276.1,275.24,641,4.01,17.44,0.42,Long-term blockage
6/19/2021 9:23,P/A/2/2,9,12,9,2,301.49,2.01,-72.5,auto,276.1,275.24,641,4.01,17.44,0.42,Long-term blockage
6/19/2021 9:23,A/P/2/2,14,15,3,8,1.56,2.26,-79,auto,276.1,275.24,641,4.01,17.44,0.42,Long-term blockage
6/19/2021 9:23,P/A/2/2,9,12,9,3,57.23,2.72,-72,auto,276.1,275.24,641,4.01,17.44,0.42,Long-term blockage
6/19/2021 9:23,A/P/2/2,13,15,3,8,2.37,1.39,-79,auto,276.1,275.24,641,4.01,17.44,0.42,Long-term blockage
6/19/2021 9:23,P/A/2/2,8,12,9,3,337.11,0.13,-72.5,auto,276.1,275.24,641,4.01,17.44,0.42,Long-term blockage
6/19/2021 9:23,A/P/2/2,13,15,3,9,2.72,8.43,-79,auto,276.1,275.24,641,12.77,53.98,0.35,Long-term blockage
6/19/2021 9:23,P/A/2/2,8,12,8,3,395.03,2.25,-72,auto,276.1,275.24,641,12.77,53.98,0.35,Long-term blockage
6/19/2021 9:23,A/P/2/2,13,15,3,9,2.26,2.46,-79,auto,276.1,275.24,641,12.77,53.98,0.35,Long-term blockage
6/19/2021 9:23,P/A/2/2,8,12,9,3,265.07,1.37,-73,auto,276.1,275.24,641,12.77,53.98,0.35,Long-term blockage
6/19/2021 9:23,P/A/2/2,8,12,9,2,400.64,0.46,-73,auto,276.1,275.24,641,12.77,53.98,0.35,Long-term blockage
6/19/2021 9:23,A/P/2/2,14,15,3,9,2.37,1.55,-78.5,auto,276.1,275.24,641,12.77,53.98,0.35,Long-term blockage
6/19/2021 9:23,P/A/2/2,9,12,10,3,389.04,0.73,-72,auto,279.28,278.1,341,12.77,53.98,0.35,Long-term blockage
6/19/2021 9:23,A/P/2/2,14,15,3,9,0.97,0,-78,auto,279.28,278.1,341,12.77,53.98,0.35,Long-term blockage
6/19/2021 9:23,P/A/2/2,8,12,9,3,377.43,1.03,-73,auto,279.28,278.1,341,12.77,53.98,0.35,Long-term blockage
6/19/2021 9:23,A/P/2/2,14,15,3,9,1.75,2.16,-78.5,auto,279.28,278.1,341,12.77,53.98,0.35,Long-term blockage
6/19/2021 9:23,P/A/2/2,8,12,9,3,371.41,0.59,-73,auto,279.28,278.1,341,12.77,53.98,0.35,Long-term blockage
6/19/2021 9:23,A/P/2/2,14,15,3,9,2.34,3.54,-78.5,auto,279.28,278.1,341,12.77,53.98,0.35,Long-term blockage
6/19/2021 9:23,A/P/2/2,15,15,3,9,2.73,3.36,-78.5,auto,279.28,278.1,341,12.77,53.98,0.35,Long-term blockage
6/19/2021 9:23,P/A/2/2,8,12,9,3,391.15,0.15,-73,auto,279.28,278.1,341,12.77,53.98,0.35,Long-term blockage
6/19/2021 9:23,P/A/2/2,8,12,9,3,344.01,1.99,-73,auto,279.28,278.1,341,12.77,53.98,0.35,Long-term blockage
6/19/2021 9:23,A/P/2/2,15,15,3,9,2.57,1.77,-78.5,auto,279.28,278.1,341,12.77,53.98,0.35,Long-term blockage
6/19/2021 9:23,A/P/2/2,13,15,2,9,2.3,7.9,-79,auto,279.28,278.1,341,12.77,53.98,0.35,Long-term blockage
6/19/2021 9:23,P/A/2/2,8,12,9,3,361.97,0.3,-73,auto,279.28,278.1,341,12.77,53.98,0.35,Long-term blockage
6/19/2021 9:23,P/A/2/2,8,12,9,3,368.9,1.55,-73,auto,315,310.53,583,12.77,53.98,0.35,Long-term blockage
6/19/2021 9:23,A/P/2/2,14,15,3,9,1.03,4.04,-78,auto,315,310.53,583,12.77,53.98,0.35,Long-term blockage
6/19/2021 9:23,A/P/2/2,13,15,2,9,1.42,0.99,-79,auto,315,310.53,583,13.51,58.11,1.07,Long-term blockage
6/19/2021 9:23,P/A/2/2,8,12,9,3,375.84,0.2,-73,auto,315,310.53,583,13.51,58.11,1.07,Long-term blockage
6/19/2021 9:23,P/A/2/2,9,12,9,3,350.79,1.15,-73,auto,315,310.53,583,13.51,58.11,1.07,Long-term blockage
6/19/2021 9:23,A/P/2/2,15,15,3,9,3.17,5.48,-78,auto,315,310.53,583,13.51,58.11,1.07,Long-term blockage
6/19/2021 9:23,P/A/2/2,8,12,9,3,346.05,0,-73,auto,315,310.53,583,13.51,58.11,1.07,Long-term blockage
6/19/2021 9:23,A/P/2/2,14,15,3,8,1.99,4.02,-78.5,auto,315,310.53,583,13.51,58.11,1.07,Long-term blockage
6/19/2021 9:23,A/P/2/2,15,15,3,9,2.05,6.44,-78,auto,315,310.53,583,13.51,58.11,1.07,Long-term blockage
6/19/2021 9:23,P/A/2/2,8,12,9,3,278.58,0.22,-73,auto,315,310.53,583,13.51,58.11,1.07,Long-term blockage
6/19/2021 9:23,P/A/2/2,8,12,9,2,301.42,0.06,-73,auto,315,310.53,583,13.51,58.11,1.07,Long-term blockage
6/19/2021 9:23,A/P/2/2,13,15,3,9,2.45,0.05,-79,auto,315,310.53,583,13.51,58.11,1.07,Long-term blockage
6/19/2021 9:23,A/P/2/2,14,15,3,9,1.6,5.7,-78,auto,294.84,291.01,918,13.51,58.11,1.07,Long-term blockage
6/19/2021 9:23,P/A/2/2,8,12,9,2,146.71,1.45,-73,auto,294.84,291.01,918,13.51,58.11,1.07,Long-term blockage
6/19/2021 9:23,P/A/2/2,8,12,9,3,190.63,0.29,-73,auto,294.84,291.01,918,13.51,58.11,1.07,Long-term blockage
6/19/2021 9:23,A/P/2/2,14,15,3,9,0.7,6.31,-78,auto,294.84,291.01,918,13.51,58.11,1.07,Long-term blockage
6/19/2021 9:23,A/P/2/2,13,15,3,9,2.12,7.68,-79.5,auto,294.84,291.01,918,13.51,58.11,1.07,Long-term blockage
6/19/2021 9:23,P/A/2/2,9,12,9,3,266.53,0,-72,auto,294.84,291.01,918,13.51,58.11,1.07,Long-term blockage
6/19/2021 9:23,A/P/2/2,13,15,3,9,2.57,4.03,-79,auto,294.84,291.01,918,13.51,58.11,1.07,Long-term blockage
6/19/2021 9:23,P/A/2/2,8,12,9,4,340.29,0.27,-73,auto,294.84,291.01,918,13.51,58.11,1.07,Long-term blockage
6/19/2021 9:23,P/A/2/2,8,12,9,2,316.04,0.47,-72.5,auto,294.84,291.01,918,13.51,58.11,1.07,Long-term blockage
6/19/2021 9:23,A/P/2/2,14,15,4,9,2.36,6.47,-78,auto,294.84,291.01,918,13.51,58.11,1.07,Long-term blockage
6/19/2021 9:23,P/A/2/2,9,12,9,3,191.14,1.22,-72,auto,294.84,291.01,918,4.01,15,0.47,Long-term blockage
6/19/2021 9:23,A/P/2/2,15,15,3,9,1.81,14.61,-78,auto,294.84,291.01,918,4.01,15,0.47,Long-term blockage
6/19/2021 9:23,A/P/2/2,13,15,2,9,1.28,8.42,-78.5,auto,229.77,228.91,862,4.01,15,0.47,Long-term blockage
6/19/2021 9:23,P/A/2/2,9,12,9,2,125.95,1.97,-72,auto,229.77,228.91,862,4.01,15,0.47,Long-term blockage
6/19/2021 9:23,P/A/2/2,9,12,9,3,42.96,0,-72,auto,229.77,228.91,862,4.01,15,0.47,Long-term blockage
6/19/2021 9:23,A/P/2/2,13,15,3,8,0.03,26.52,-78.5,auto,229.77,228.91,862,4.01,15,0.47,Long-term blockage
6/19/2021 9:23,A/P/2/2,14,15,3,8,0.37,5.47,-78,auto,229.77,228.91,862,4.01,15,0.47,Long-term blockage
6/19/2021 9:23,P/A/2/2,8,12,9,3,181.99,0,-73,auto,229.77,228.91,862,4.01,15,0.47,Long-term blockage
6/19/2021 9:23,P/A/2/2,8,12,9,3,265.24,0.86,-73,auto,229.77,228.91,862,4.01,15,0.47,Long-term blockage
6/19/2021 9:23,A/P/2/2,13,15,3,9,2.25,8.67,-79,auto,229.77,228.91,862,4.01,15,0.47,Long-term blockage
6/19/2021 9:23,P/A/2/2,8,12,9,3,261.82,1.65,-73,auto,229.77,228.91,862,4.01,15,0.47,Long-term blockage
6/19/2021 9:23,A/P/2/2,13,15,3,9,2.03,4.57,-79,auto,229.77,228.91,862,4.01,15,0.47,Long-term blockage
6/19/2021 9:23,A/P/2/2,15,15,3,9,2.12,6.61,-78,auto,229.77,228.91,862,4.01,15,0.47,Long-term blockage
6/19/2021 9:23,P/A/2/2,8,12,9,3,258.4,0.33,-73,auto,229.77,228.91,862,4.01,15,0.47,Long-term blockage
6/19/2021 9:23,P/A/2/2,8,12,9,3,276.73,0.36,-72.67,auto,229.77,228.91,862,4.01,15,0.47,Long-term blockage
6/19/2021 9:23,A/P/2/2,14,15,3,9,2.08,3.64,-78.5,auto,229.77,228.91,862,4.01,15,0.47,Long-term blockage
6/19/2021 9:23,A/P/2/2,14,15,3,9,1.71,5.16,-78,auto,224.75,223.74,902,4.01,15,0.47,Long-term blockage
6/19/2021 9:23,P/A/2/2,9,12,8,3,140.37,4.11,-72,auto,224.75,223.74,902,4.01,15,0.47,Long-term blockage
6/19/2021 9:23,P/A/2/2,8,12,9,3,350,0,-73,auto,224.75,223.74,902,9.24,63.43,0.43,Long-term blockage
6/19/2021 9:23,A/P/2/2,13,15,3,8,2.54,3.89,-79,auto,224.75,223.74,902,9.24,63.43,0.43,Long-term blockage
6/19/2021 9:23,A/P/2/2,13,15,3,9,2.24,3.42,-79,auto,224.75,223.74,902,9.24,63.43,0.43,Long-term blockage
6/19/2021 9:23,P/A/2/2,8,12,9,3,300.32,0.74,-73,auto,224.75,223.74,902,9.24,63.43,0.43,Long-term blockage
6/19/2021 9:23,P/A/2/2,9,12,9,3,394.84,1.62,-72,auto,224.75,223.74,902,9.24,63.43,0.43,Long-term blockage
6/19/2021 9:23,A/P/2/2,14,15,3,9,2.34,4.5,-78.5,auto,224.75,223.74,902,9.24,63.43,0.43,Long-term blockage
6/19/2021 9:23,A/P/2/2,13,15,3,9,3.19,7.99,-79,auto,224.75,223.74,902,9.24,63.43,0.43,Long-term blockage
6/19/2021 9:23,P/A/2/2,8,12,9,3,489.36,1.93,-73,auto,224.75,223.74,902,9.24,63.43,0.43,Long-term blockage
6/19/2021 9:23,A/P/2/2,13,15,3,9,2.6,0.41,-79,auto,224.75,223.74,902,9.24,63.43,0.43,Long-term blockage
6/19/2021 9:23,A/P/2/2,14,15,3,9,0.03,1.83,-78,auto,303.04,301.48,817,9.24,63.43,0.43,Long-term blockage
6/19/2021 9:23,P/A/2/2,8,12,9,3,265.38,1.47,-73,auto,303.04,301.48,817,9.24,63.43,0.43,Long-term blockage
6/19/2021 9:23,A/P/2/2,14,15,3,9,1.87,3.26,-78.5,auto,303.04,301.48,817,9.24,63.43,0.43,Long-term blockage
6/19/2021 9:23,P/A/2/2,8,12,8,3,96.69,1.77,-73,auto,303.04,301.48,817,9.24,63.43,0.43,Long-term blockage
6/19/2021 9:23,P/A/2/2,8,12,8,3,241.6,0.63,-73,auto,303.04,301.48,817,9.24,63.43,0.43,Long-term blockage
6/19/2021 9:23,A/P/2/2,14,15,3,9,1.68,5.42,-78.5,auto,303.04,301.48,817,9.24,63.43,0.43,Long-term blockage
6/19/2021 9:23,A/P/2/2,15,15,3,9,1.83,6.53,-78,auto,303.04,301.48,817,9.24,63.43,0.43,Long-term blockage
6/19/2021 9:23,P/A/2/2,8,12,8,3,249.79,0.62,-73,auto,303.04,301.48,817,9.24,63.43,0.43,Long-term blockage
6/19/2021 9:23,A/P/2/2,13,15,3,9,1.97,11.22,-79,auto,303.04,301.48,817,9.24,63.43,0.43,Long-term blockage
6/19/2021 9:23,P/A/2/2,8,12,8,3,278.1,0.61,-73,auto,303.04,301.48,817,9.24,63.43,0.43,Long-term blockage
6/19/2021 9:23,A/P/2/2,15,15,3,9,2.38,1.84,-78.5,auto,303.04,301.48,817,9.1,26.27,0.49,Long-term blockage
6/19/2021 9:23,P/A/2/2,8,12,9,3,281.54,0.25,-73,auto,303.04,301.48,817,9.1,26.27,0.49,Long-term blockage
6/19/2021 9:23,A/P/2/2,13,15,3,9,0.22,0,-78.5,auto,218.99,218.04,781,9.1,26.27,0.49,Long-term blockage
6/19/2021 9:23,P/A/2/2,8,12,9,2,264.44,0.16,-73,auto,218.99,218.04,781,9.1,26.27,0.49,Long-term blockage
6/19/2021 9:23,A/P/2/2,15,15,3,9,1.58,6.34,-78.5,auto,218.99,218.04,781,9.1,26.27,0.49,Long-term blockage
6/19/2021 9:23,P/A/2/2,8,12,9,3,74.03,0.12,-73,auto,218.99,218.04,781,9.1,26.27,0.49,Long-term blockage
6/19/2021 9:23,A/P/2/2,15,15,3,9,1.96,1.44,-78.5,auto,218.99,218.04,781,9.1,26.27,0.49,Long-term blockage
6/19/2021 9:23,P/A/2/2,8,12,9,3,317.08,0.19,-72.5,auto,218.99,218.04,781,9.1,26.27,0.49,Long-term blockage
6/19/2021 9:23,A/P/2/2,13,15,3,9,2.26,39.48,-78.5,auto,218.99,218.04,781,9.1,26.27,0.49,Long-term blockage
6/19/2021 9:23,P/A/2/2,9,12,9,3,228.25,5.46,-72,auto,218.99,218.04,781,9.1,26.27,0.49,Long-term blockage
6/19/2021 9:23,A/P/2/2,13,15,3,8,1.76,10.92,-79,auto,218.99,218.04,781,9.1,26.27,0.49,Long-term blockage
6/19/2021 9:23,P/A/2/2,8,12,9,3,304.23,0.05,-73,auto,218.99,218.04,781,9.1,26.27,0.49,Long-term blockage
6/19/2021 9:23,A/P/2/2,14,15,3,9,2.17,1.64,-78.5,auto,218.99,218.04,781,9.1,26.27,0.49,Long-term blockage
6/19/2021 9:23,P/A/2/2,8,12,9,2,288.31,0.22,-73,auto,239.79,237.14,1183,9.1,26.27,0.49,Long-term blockage
6/19/2021 9:23,A/P/2/2,13,15,3,9,0.66,0.07,-79,auto,239.79,237.14,1183,9.1,26.27,0.49,Long-term blockage
6/19/2021 9:23,A/P/2/2,13,15,3,8,1.44,3.84,-79,auto,239.79,237.14,1183,9.1,26.27,0.49,Long-term blockage
6/19/2021 9:23,P/A/2/2,9,12,9,3,25.33,0.21,-73,auto,239.79,237.14,1183,9.1,26.27,0.49,Long-term blockage
6/19/2021 9:23,A/P/2/2,13,15,2,8,2,5.08,-79,auto,239.79,237.14,1183,9.1,26.27,0.49,Long-term blockage
6/19/2021 9:23,P/A/2/2,8,12,9,2,260.62,0.45,-73,auto,239.79,237.14,1183,9.1,26.27,0.49,Long-term blockage
6/19/2021 9:23,A/P/2/2,13,15,3,9,2.15,0,-78.5,auto,239.79,237.14,1183,11.25,65,0.39,Long-term blockage
6/19/2021 9:23,P/A/2/2,8,12,9,3,306.62,0.07,-73,auto,239.79,237.14,1183,11.25,65,0.39,Long-term blockage
6/19/2021 9:23,A/P/2/2,13,15,3,9,2.45,4.89,-79,auto,239.79,237.14,1183,11.25,65,0.39,Long-term blockage
6/19/2021 9:23,P/A/2/2,8,12,9,3,268.08,1.2,-73,auto,239.79,237.14,1183,11.25,65,0.39,Long-term blockage
6/19/2021 9:23,A/P/2/2,13,15,3,9,2.37,9.82,-78.5,auto,239.79,237.14,1183,11.25,65,0.39,Long-term blockage
6/19/2021 9:23,P/A/2/2,8,12,9,3,288.8,3.15,-73,auto,239.79,237.14,1183,11.25,65,0.39,Long-term blockage
6/19/2021 9:23,P/A/2/2,8,12,9,4,456.08,0.17,-73,auto,258.97,257.47,729,11.25,65,0.39,Long-term blockage
6/19/2021 9:23,A/P/2/2,13,15,2,9,1.06,4.37,-78.5,auto,258.97,257.47,729,11.25,65,0.39,Long-term blockage
6/19/2021 9:24,P/A/2/2,8,12,9,3,47.85,0.16,-73,auto,258.97,257.47,729,11.25,65,0.39,Long-term blockage
6/19/2021 9:24,A/P/2/2,13,15,3,9,1.61,4.93,-79,auto,258.97,257.47,729,11.25,65,0.39,Long-term blockage
6/19/2021 9:24,P/A/2/2,8,12,9,3,313.74,0.12,-73,auto,258.97,257.47,729,11.25,65,0.39,Long-term blockage
6/19/2021 9:24,A/P/2/2,14,15,3,9,2.36,2.27,-78.5,auto,258.97,257.47,729,11.25,65,0.39,Long-term blockage
6/19/2021 9:24,P/A/2/2,8,12,9,3,320.16,0,-73,auto,258.97,257.47,729,11.25,65,0.39,Long-term blockage
6/19/2021 9:24,A/P/2/2,14,15,3,9,2.33,5.71,-78,auto,258.97,257.47,729,11.25,65,0.39,Long-term blockage
6/19/2021 9:24,A/P/2/2,14,15,3,9,2.25,4.27,-78.5,auto,258.97,257.47,729,11.25,65,0.39,Long-term blockage
6/19/2021 9:24,P/A/2/2,8,12,9,3,353.36,0.36,-73,auto,258.97,257.47,729,11.25,65,0.39,Long-term blockage
6/19/2021 9:24,A/P/2/2,14,15,3,9,2.59,7.17,-78.5,auto,258.97,257.47,729,11.25,65,0.39,Long-term blockage
6/19/2021 9:24,P/A/2/2,8,12,9,3,305.79,0.17,-73,auto,258.97,257.47,729,11.25,65,0.39,Long-term blockage
6/19/2021 9:24,A/P/2/2,13,15,2,9,1.01,3.39,-78.5,auto,277.82,274.74,861,11.25,65,0.39,Long-term blockage
6/19/2021 9:24,P/A/2/2,8,12,9,2,62.08,0.09,-73,auto,277.82,274.74,861,11.25,65,0.39,Long-term blockage
6/19/2021 9:24,P/A/2/2,8,12,9,3,230.01,0.08,-73,auto,277.82,274.74,861,9.84,44.89,0.4,Long-term blockage
6/19/2021 9:24,A/P/2/2,14,15,3,9,1.27,8.13,-78.25,auto,277.82,274.74,861,9.84,44.89,0.4,Long-term blockage
6/19/2021 9:24,A/P/2/2,15,15,4,9,1.71,7.4,-78,auto,277.82,274.74,861,9.84,44.89,0.4,Long-term blockage
6/19/2021 9:24,P/A/2/2,8,12,9,3,215.38,1.75,-73,auto,277.82,274.74,861,9.84,44.89,0.4,Long-term blockage
6/19/2021 9:24,A/P/2/2,14,15,3,9,2.29,1.14,-78.5,auto,277.82,274.74,861,9.84,44.89,0.4,Long-term blockage
6/19/2021 9:24,P/A/2/2,8,12,9,2,338.51,0.17,-73,auto,277.82,274.74,861,9.84,44.89,0.4,Long-term blockage
6/19/2021 9:24,P/A/2/2,8,12,9,3,355.53,1.45,-73,auto,277.82,274.74,861,9.84,44.89,0.4,Long-term blockage
6/19/2021 9:24,P/A/2/2,9,12,9,3,372.27,0.27,-72,auto,277.82,274.74,861,9.84,44.89,0.4,Long-term blockage
6/19/2021 9:24,A/P/2/2,14,15,3,9,2.52,4.52,-78.5,auto,271.54,270.48,644,9.84,44.89,0.4,Long-term blockage
6/19/2021 9:24,P/A/2/2,8,11,9,3,143.23,0.53,-72.5,auto,271.54,270.48,644,9.84,44.89,0.4,Long-term blockage
6/19/2021 9:24,P/A/2/2,8,11,9,3,212.76,0.15,-73,auto,271.54,270.48,644,9.84,44.89,0.4,Long-term blockage
6/19/2021 9:24,A/P/2/2,15,15,2,9,1.87,0.37,-78,auto,271.54,270.48,644,9.84,44.89,0.4,Long-term blockage
6/19/2021 9:24,P/A/2/2,8,11,9,3,372.66,0,-72.5,auto,271.54,270.48,644,9.84,44.89,0.4,Long-term blockage
6/19/2021 9:24,A/P/2/2,15,15,4,9,0.85,6.74,-78,auto,271.54,270.48,644,9.84,44.89,0.4,Long-term blockage
6/19/2021 9:24,P/A/2/2,8,11,9,3,270.19,0.12,-73,auto,271.54,270.48,644,9.84,44.89,0.4,Long-term blockage
6/19/2021 9:24,A/P/2/2,14,15,3,8,2.49,4.41,-78,auto,271.54,270.48,644,9.84,44.89,0.4,Long-term blockage
6/19/2021 9:24,P/A/2/2,8,11,9,3,430.28,0.47,-73,auto,271.54,270.48,644,9.84,44.89,0.4,Long-term blockage
6/19/2021 9:24,A/P/2/2,13,15,3,9,2.31,9.43,-78.5,auto,271.54,270.48,644,9.84,44.89,0.4,Long-term blockage
6/19/2021 9:24,A/P/2/2,12,15,2,9,2.39,0,-79.5,auto,271.54,270.48,644,3.22,18.65,0.47,Long-term blockage
6/19/2021 9:24,P/A/2/2,8,11,9,3,399.21,0,-73,auto,271.54,270.48,644,3.22,18.65,0.47,Long-term blockage
6/19/2021 9:24,A/P/2/2,13,15,3,8,3.2,3.38,-78.5,auto,298.82,296.56,551,3.22,18.65,0.47,Long-term blockage
6/19/2021 9:24,P/A/2/2,8,11,9,3,144.89,1.12,-73,auto,298.82,296.56,551,3.22,18.65,0.47,Long-term blockage
6/19/2021 9:24,A/P/2/2,14,15,3,9,1.5,1.29,-78.5,auto,298.82,296.56,551,3.22,18.65,0.47,Long-term blockage
6/19/2021 9:24,P/A/2/2,8,11,9,2,353.86,3.89,-73,auto,298.82,296.56,551,3.22,18.65,0.47,Long-term blockage
6/19/2021 9:24,P/A/2/2,9,11,9,3,415.95,0.78,-72,auto,298.82,296.56,551,3.22,18.65,0.47,Long-term blockage
6/19/2021 9:24,A/P/2/2,13,15,2,9,1.14,0.68,-79.5,auto,298.82,296.56,551,3.22,18.65,0.47,Long-term blockage
6/19/2021 9:24,A/P/2/2,15,15,3,9,3.49,12.14,-78,auto,298.82,296.56,551,3.22,18.65,0.47,Long-term blockage
6/19/2021 9:24,P/A/2/2,8,11,9,4,243.89,0,-72.5,auto,298.82,296.56,551,3.22,18.65,0.47,Long-term blockage
6/19/2021 9:24,A/P/2/2,15,15,3,8,2.14,8.07,-78,auto,298.82,296.56,551,3.22,18.65,0.47,Long-term blockage
6/19/2021 9:24,P/A/2/2,8,11,9,3,263.87,0.15,-73,auto,298.82,296.56,551,3.22,18.65,0.47,Long-term blockage
6/19/2021 9:24,A/P/2/2,13,15,2,9,2.02,10.37,-78.5,auto,298.82,296.56,551,3.22,18.65,0.47,Long-term blockage
6/19/2021 9:24,P/A/2/2,8,11,9,3,221.82,2.39,-73,auto,298.82,296.56,551,3.22,18.65,0.47,Long-term blockage
6/19/2021 9:24,A/P/2/2,14,15,2,9,2.3,9.01,-78,auto,306.82,302.65,842,3.22,18.65,0.47,Long-term blockage
6/19/2021 9:24,P/A/2/2,8,11,9,4,179.77,2.27,-73,auto,306.82,302.65,842,3.22,18.65,0.47,Long-term blockage
6/19/2021 9:24,A/P/2/2,13,15,3,9,2.05,0.15,-78.5,auto,306.82,302.65,842,3.22,18.65,0.47,Long-term blockage
6/19/2021 9:24,P/A/2/2,8,11,8,3,326.61,2.02,-73,auto,306.82,302.65,842,3.22,18.65,0.47,Long-term blockage
6/19/2021 9:24,A/P/2/2,14,15,3,9,0.31,10.11,-78,auto,306.82,302.65,842,3.22,18.65,0.47,Long-term blockage
6/19/2021 9:24,A/P/2/2,13,15,3,9,2.22,2.25,-79,auto,306.82,302.65,842,1.36,3.21,0.41,Long-term blockage
6/19/2021 9:24,P/A/2/2,8,11,9,3,365.2,0.16,-73,auto,306.82,302.65,842,1.36,3.21,0.41,Long-term blockage
6/19/2021 9:24,A/P/2/2,13,15,3,9,2.92,0.08,-79,auto,306.82,302.65,842,1.36,3.21,0.41,Long-term blockage
6/19/2021 9:24,P/A/2/2,8,11,9,3,354.8,0.21,-72.5,auto,306.82,302.65,842,1.36,3.21,0.41,Long-term blockage
6/19/2021 9:24,P/A/2/2,8,11,9,3,272.33,1.65,-72.5,auto,306.82,302.65,842,1.36,3.21,0.41,Long-term blockage
6/19/2021 9:24,A/P/2/2,13,15,3,9,2.41,0.24,-79,auto,306.82,302.65,842,1.36,3.21,0.41,Long-term blockage
6/19/2021 9:24,P/A/2/2,8,11,9,2,188.08,0.28,-73,auto,306.82,302.65,842,1.36,3.21,0.41,Long-term blockage
6/19/2021 9:24,A/P/2/2,15,15,3,9,2.29,12.24,-78,auto,306.82,302.65,842,1.36,3.21,0.41,Long-term blockage
6/19/2021 9:24,P/A/2/2,8,11,9,3,137.24,1.6,-73,auto,266.22,264.48,962,1.36,3.21,0.41,Long-term blockage
6/19/2021 9:24,A/P/2/2,13,15,3,9,1.67,4.69,-79,auto,266.22,264.48,962,1.36,3.21,0.41,Long-term blockage
6/19/2021 9:24,A/P/2/2,14,15,3,8,2.4,3.5,-78.5,auto,266.22,264.48,962,1.36,3.21,0.41,Long-term blockage
6/19/2021 9:24,P/A/2/2,8,11,9,3,154.34,0.27,-73,auto,266.22,264.48,962,1.36,3.21,0.41,Long-term blockage
6/19/2021 9:24,A/P/2/2,13,15,3,9,2.53,5.19,-79,auto,266.22,264.48,962,1.36,3.21,0.41,Long-term blockage
6/19/2021 9:24,A/P/2/2,13,15,3,9,2.69,4,-79,auto,266.22,264.48,962,1.36,3.21,0.41,Long-term blockage
6/19/2021 9:24,P/A/2/2,8,11,9,3,162.89,2.83,-73,auto,266.22,264.48,962,1.36,3.21,0.41,Long-term blockage
6/19/2021 9:24,A/P/2/2,14,15,3,9,2.5,6.55,-78,auto,266.22,264.48,962,1.36,3.21,0.41,Long-term blockage
6/19/2021 9:24,P/A/2/2,9,11,9,3,171.44,0,-72,auto,266.22,264.48,962,1.36,3.21,0.41,Long-term blockage
6/19/2021 9:24,P/A/2/2,9,11,10,3,179.99,2.95,-72,auto,266.22,264.48,962,1.36,3.21,0.41,Long-term blockage
6/19/2021 9:24,A/P/2/2,13,15,3,9,1.88,6.8,-78.5,auto,266.22,264.48,962,1.36,3.21,0.41,Long-term blockage
6/19/2021 9:24,P/A/2/2,9,11,9,3,112.34,0.92,-72,auto,292.06,287.29,592,1.36,3.21,0.41,Long-term blockage
6/19/2021 9:24,A/P/2/2,13,15,3,9,0.02,5.38,-78,auto,292.06,287.29,592,1.36,3.21,0.41,Long-term blockage
6/19/2021 9:24,P/A/2/2,9,11,9,3,275.62,1.28,-72.5,auto,292.06,287.29,592,13.96,75.13,0.52,Long-term blockage
6/19/2021 9:24,A/P/2/2,15,15,3,8,2.37,8.36,-78,auto,292.06,287.29,592,13.96,75.13,0.52,Long-term blockage
6/19/2021 9:24,A/P/2/2,13,15,3,8,2.2,2.8,-79,auto,292.06,287.29,592,13.96,75.13,0.52,Long-term blockage
6/19/2021 9:24,P/A/2/2,8,11,9,2,293.66,0.42,-73,auto,292.06,287.29,592,13.96,75.13,0.52,Long-term blockage
6/19/2021 9:24,A/P/2/2,13,15,4,9,2.05,6.24,-78.5,auto,292.06,287.29,592,13.96,75.13,0.52,Long-term blockage
6/19/2021 9:24,P/A/2/2,8,11,9,2,239.32,1.83,-73,auto,292.06,287.29,592,13.96,75.13,0.52,Long-term blockage
6/19/2021 9:24,P/A/2/2,8,11,9,3,252.55,0.15,-73,auto,292.06,287.29,592,13.96,75.13,0.52,Long-term blockage
6/19/2021 9:24,A/P/2/2,13,15,4,9,2.38,3.29,-78.5,auto,292.06,287.29,592,13.96,75.13,0.52,Long-term blockage
6/19/2021 9:24,A/P/2/2,14,15,3,9,2.34,2.56,-78,auto,292.06,287.29,592,13.96,75.13,0.52,Long-term blockage
6/19/2021 9:24,P/A/2/2,8,11,9,3,265.78,0.24,-73,auto,292.06,287.29,592,13.96,75.13,0.52,Long-term blockage
6/19/2021 9:24,P/A/2/2,9,11,9,3,85.43,1.32,-72,auto,272.94,271.59,839,13.96,75.13,0.52,Long-term blockage
6/19/2021 9:24,A/P/2/2,14,15,3,9,2.62,1.54,-78.5,auto,272.94,271.59,839,13.96,75.13,0.52,Long-term blockage
6/19/2021 9:24,P/A/2/2,8,11,9,3,209.15,0.37,-73,auto,272.94,271.59,839,13.96,75.13,0.52,Long-term blockage
6/19/2021 9:24,A/P/2/2,13,15,3,9,2.63,4.15,-79,auto,272.94,271.59,839,13.96,75.13,0.52,Long-term blockage
6/19/2021 9:24,P/A/2/2,9,11,9,3,332.87,1.31,-72,auto,272.94,271.59,839,13.96,75.13,0.52,Long-term blockage
6/19/2021 9:24,A/P/2/2,13,15,3,9,2.03,3.79,-79,auto,272.94,271.59,839,13.96,75.13,0.52,Long-term blockage
6/19/2021 9:24,P/A/2/2,9,11,9,3,250.04,1.79,-72,auto,272.94,271.59,839,13.96,75.13,0.52,Long-term blockage
6/19/2021 9:24,A/P/2/2,14,15,3,9,2.49,0,-78.5,auto,272.94,271.59,839,13.96,75.13,0.52,Long-term blockage
6/19/2021 9:24,P/A/2/2,8,11,9,2,391.01,1.43,-72.5,auto,272.94,271.59,839,13.96,75.13,0.52,Long-term blockage
6/19/2021 9:24,A/P/2/2,13,15,3,9,2.65,6.63,-79,auto,272.94,271.59,839,13.96,75.13,0.52,Long-term blockage
6/19/2021 9:24,P/A/2/2,8,11,9,3,274.48,3.64,-73,auto,272.94,271.59,839,13.96,75.13,0.52,Long-term blockage
6/19/2021 9:24,A/P/2/2,14,15,3,9,0.32,3.59,-78,auto,297.05,294.7,614,13.96,75.13,0.52,Long-term blockage
6/19/2021 9:24,P/A/2/2,8,11,9,3,33.98,3.4,-73,auto,297.05,294.7,614,13.96,75.13,0.52,Long-term blockage
6/19/2021 9:24,P/A/2/2,8,11,9,2,517.45,0.27,-72.5,auto,297.05,294.7,614,13.96,75.13,0.52,Long-term blockage
6/19/2021 9:24,A/P/2/2,12,15,2,9,2.36,0.55,-79.5,auto,297.05,294.7,614,13.96,75.13,0.52,Long-term blockage
6/19/2021 9:24,A/P/2/2,14,15,3,9,2.84,4.07,-78,auto,297.05,294.7,614,13.96,75.13,0.52,Long-term blockage
6/19/2021 9:24,P/A/2/2,8,11,9,3,395.68,1.56,-73,auto,297.05,294.7,614,13.96,75.13,0.52,Long-term blockage
6/19/2021 9:24,A/P/2/2,13,15,2,9,2.45,2.8,-79,auto,297.05,294.7,614,13.96,75.13,0.52,Long-term blockage
6/19/2021 9:24,P/A/2/2,8,11,9,3,358.83,0.51,-72.5,auto,297.05,294.7,614,13.96,75.13,0.52,Long-term blockage
6/19/2021 9:24,A/P/2/2,14,15,3,8,2.69,1.74,-78.5,auto,297.05,294.7,614,13.96,75.13,0.52,Long-term blockage
6/19/2021 9:24,P/A/2/2,8,11,9,3,369.33,1.66,-73,auto,297.05,294.7,614,13.96,75.13,0.52,Long-term blockage
6/19/2021 9:24,A/P/2/2,14,15,3,9,2.6,1.35,-78.5,auto,297.05,294.7,614,13.96,75.13,0.52,Long-term blockage
6/19/2021 9:24,P/A/2/2,8,11,9,3,386.35,2.81,-73,auto,297.05,294.7,614,13.96,75.13,0.52,Long-term blockage
6/19/2021 9:24,P/A/2/2,9,11,9,3,16.81,3.42,-72,auto,297.05,294.7,614,13.96,75.13,0.52,Long-term blockage
6/19/2021 9:24,A/P/2/2,13,15,3,9,0.95,1.41,-78.5,auto,297.05,294.7,614,13.96,75.13,0.52,Long-term blockage
8/2/2021 16:49,P/A/2/2,17,20,10,10,367.5,0.92,-62.5,auto,106.21,104.09,385,18.84,61.98,3.26,Short-term blockage
8/2/2021 16:49,A/P/2/2,12,15,10,10,0.25,3.07,-64.5,auto,106.21,104.09,385,18.84,61.98,3.26,Short-term blockage
8/2/2021 16:49,P/A/2/2,17,20,10,9,133.94,1.15,-62,auto,106.21,104.09,385,18.84,61.98,3.26,Short-term blockage
8/2/2021 16:49,A/P/2/2,13,15,9,10,0.25,1.06,-65,auto,106.21,104.09,385,18.84,61.98,3.26,Short-term blockage
8/2/2021 16:49,P/A/2/2,17,20,9,9,651.74,0.5,-60,auto,106.21,104.09,385,18.84,61.98,3.26,Short-term blockage
8/2/2021 16:49,A/P/2/2,15,16,9,9,2.45,3.29,-66,auto,106.21,104.09,385,18.84,61.98,3.26,Short-term blockage
8/2/2021 16:49,P/A/2/2,16,21,9,9,633.92,0.52,-67,auto,103.53,100.73,6,18.84,61.98,3.26,Short-term blockage
8/2/2021 16:49,A/P/2/2,16,16,6,9,1.43,0,-72,auto,103.53,100.73,6,18.84,61.98,3.26,Short-term blockage
8/2/2021 16:49,P/A/2/2,18,20,9,9,651.39,0,-62,auto,103.53,100.73,6,41.61,85.25,4.4,Short-term blockage
8/2/2021 16:49,A/P/2/2,16,16,9,9,2.4,3.38,-64,auto,103.53,100.73,6,41.61,85.25,4.4,Short-term blockage
8/2/2021 16:49,P/A/2/2,18,20,10,9,697.96,0.83,-61.5,auto,103.53,100.73,6,41.61,85.25,4.4,Short-term blockage
8/2/2021 16:49,A/P/2/2,15,16,9,9,2.86,2.67,-64,auto,103.53,100.73,6,41.61,85.25,4.4,Short-term blockage
8/2/2021 16:49,A/P/2/2,14,15,9,9,1.98,4.14,-63,auto,103.53,100.73,6,41.61,85.25,4.4,Short-term blockage
8/2/2021 16:49,P/A/2/2,17,20,9,9,437.48,3.16,-60,auto,103.53,100.73,6,41.61,85.25,4.4,Short-term blockage
8/2/2021 16:49,P/A/2/2,16,20,8,8,47.38,2.87,-70,auto,103.53,100.73,6,41.61,85.25,4.4,Short-term blockage
8/2/2021 16:49,P/A/2/2,17,20,9,9,452.24,0,-65,auto,103.53,100.73,6,41.61,85.25,4.4,Short-term blockage
8/2/2021 16:49,A/P/2/2,14,16,9,9,1.53,7.08,-65.5,auto,103.53,100.73,6,41.61,85.25,4.4,Short-term blockage
8/2/2021 16:49,P/A/2/2,16,20,9,9,518.84,0.74,-69.5,auto,316.28,312.02,39,41.61,85.25,4.4,Short-term blockage
8/2/2021 16:49,A/P/2/2,15,16,4,8,2.4,0,-76,auto,316.28,312.02,39,41.61,85.25,4.4,Short-term blockage
8/2/2021 16:49,P/A/2/2,18,20,8,9,571.31,0.65,-61,auto,316.28,312.02,39,41.61,85.25,4.4,Short-term blockage
8/2/2021 16:49,A/P/2/2,13,16,9,8,2.56,2.75,-63.5,auto,316.28,312.02,39,41.61,85.25,4.4,Short-term blockage
8/2/2021 16:49,P/A/2/2,16,20,8,9,620.61,3.31,-65.5,auto,316.28,312.02,39,41.61,85.25,4.4,Short-term blockage
8/2/2021 16:49,A/P/2/2,12,16,9,9,2.62,5.49,-70,auto,316.28,312.02,39,41.61,85.25,4.4,Short-term blockage
8/2/2021 16:49,P/A/2/2,17,20,9,9,571.96,0.6,-63,auto,316.28,312.02,39,41.61,85.25,4.4,Short-term blockage
8/2/2021 16:49,A/P/2/2,13,15,9,9,2.96,3.33,-64.5,auto,316.28,312.02,39,41.61,85.25,4.4,Short-term blockage
8/2/2021 16:49,P/A/2/2,18,20,10,9,0.01,0.19,-62,auto,316.28,312.02,39,41.61,85.25,4.4,Short-term blockage
8/2/2021 16:49,A/P/2/2,13,15,9,10,0.11,1.57,-64.5,auto,316.28,312.02,39,41.61,85.25,4.4,Short-term blockage
8/2/2021 16:49,A/P/2/2,13,15,10,9,2.46,2.53,-65.5,auto,316.28,312.02,39,20.05,47.85,3.47,Short-term blockage
8/2/2021 16:49,P/A/2/2,17,20,9,9,530.99,0.83,-62.5,auto,316.28,312.02,39,20.05,47.85,3.47,Short-term blockage
8/2/2021 16:49,P/A/2/2,17,20,9,9,621.61,0.56,-62.5,auto,316.28,312.02,39,20.05,47.85,3.47,Short-term blockage
8/2/2021 16:49,A/P/2/2,13,16,9,9,2.68,3.2,-65,auto,316.28,312.02,39,20.05,47.85,3.47,Short-term blockage
8/2/2021 16:49,A/P/2/2,15,16,9,9,2.64,4.43,-64,auto,361.34,357.37,313,20.05,47.85,3.47,Short-term blockage
8/2/2021 16:49,P/A/2/2,17,20,9,9,644.8,2.27,-62.5,auto,361.34,357.37,313,20.05,47.85,3.47,Short-term blockage
8/2/2021 16:49,A/P/2/2,13,16,9,10,2.6,1.78,-65.5,auto,361.34,357.37,313,20.05,47.85,3.47,Short-term blockage
8/2/2021 16:49,P/A/2/2,17,20,9,9,649.43,0.89,-62.5,auto,361.34,357.37,313,20.05,47.85,3.47,Short-term blockage
8/2/2021 16:49,A/P/2/2,15,16,9,9,2.96,2.46,-64,auto,361.34,357.37,313,20.05,47.85,3.47,Short-term blockage
8/2/2021 16:49,P/A/2/2,17,20,9,9,40.95,0.69,-62.5,auto,361.34,357.37,313,20.05,47.85,3.47,Short-term blockage
8/2/2021 16:49,A/P/2/2,15,16,9,9,0.69,1.7,-63.5,auto,361.34,357.37,313,20.05,47.85,3.47,Short-term blockage
8/2/2021 16:49,P/A/2/2,18,20,9,9,486.71,0.65,-61.5,auto,361.34,357.37,313,20.05,47.85,3.47,Short-term blockage
8/2/2021 16:49,A/P/2/2,14,16,9,9,1.86,2.21,-64.5,auto,361.34,357.37,313,20.05,47.85,3.47,Short-term blockage
8/2/2021 16:49,P/A/2/2,17,20,9,9,653.02,1.82,-62.5,auto,361.34,357.37,313,20.05,47.85,3.47,Short-term blockage
8/2/2021 16:49,A/P/2/2,13,16,10,9,3.08,2.83,-65,auto,361.34,357.37,313,20.05,47.85,3.47,Short-term blockage
8/2/2021 16:49,A/P/2/2,13,16,9,10,3.08,7.61,-65,auto,327.97,324.05,403,20.05,47.85,3.47,Short-term blockage
8/2/2021 16:49,P/A/2/2,17,20,10,9,669.42,1.31,-62.5,auto,327.97,324.05,403,20.05,47.85,3.47,Short-term blockage
8/2/2021 16:49,P/A/2/2,17,20,9,9,664.2,0.79,-62.5,auto,327.97,324.05,403,20.05,47.85,3.47,Short-term blockage
8/2/2021 16:49,A/P/2/2,14,16,9,10,2.77,2.11,-64,auto,327.97,324.05,403,20.05,47.85,3.47,Short-term blockage
8/2/2021 16:49,P/A/2/2,17,20,9,9,667.14,0.78,-62.5,auto,327.97,324.05,403,18.22,33.79,3.56,Short-term blockage
8/2/2021 16:49,A/P/2/2,13,16,9,9,3.02,1.35,-65,auto,327.97,324.05,403,18.22,33.79,3.56,Short-term blockage
8/2/2021 16:49,P/A/2/2,15,20,9,9,167.96,1,-65,auto,327.97,324.05,403,18.22,33.79,3.56,Short-term blockage
8/2/2021 16:49,A/P/2/2,15,16,9,9,2.25,2.92,-63.5,auto,327.97,324.05,403,18.22,33.79,3.56,Short-term blockage
8/2/2021 16:49,P/A/2/2,18,20,9,9,388.43,1.79,-61.5,auto,327.97,324.05,403,18.22,33.79,3.56,Short-term blockage
8/2/2021 16:49,A/P/2/2,13,16,9,10,1.48,2.76,-65,auto,327.97,324.05,403,18.22,33.79,3.56,Short-term blockage
8/2/2021 16:49,P/A/2/2,17,20,9,9,693.88,0.55,-62.5,auto,327.97,324.05,403,18.22,33.79,3.56,Short-term blockage
8/2/2021 16:49,A/P/2/2,13,16,9,10,2.29,1.39,-65.5,auto,327.97,324.05,403,18.22,33.79,3.56,Short-term blockage
8/2/2021 16:49,A/P/2/2,13,16,9,9,3.09,2.87,-64.5,auto,259.28,257.41,32,18.22,33.79,3.56,Short-term blockage
8/2/2021 16:49,P/A/2/2,18,20,10,9,614.77,0.53,-62.5,auto,259.28,257.41,32,18.22,33.79,3.56,Short-term blockage
8/2/2021 16:49,A/P/2/2,13,16,9,10,3.04,1.73,-65.5,auto,259.28,257.41,32,18.22,33.79,3.56,Short-term blockage
8/2/2021 16:49,P/A/2/2,18,20,9,9,550.8,0.82,-61.5,auto,259.28,257.41,32,18.22,33.79,3.56,Short-term blockage
8/2/2021 16:49,P/A/2/2,18,20,9,9,636.08,0.81,-61.5,auto,259.28,257.41,32,18.22,33.79,3.56,Short-term blockage
8/2/2021 16:49,A/P/2/2,12,16,9,10,3.05,6.56,-65.5,auto,259.28,257.41,32,18.22,33.79,3.56,Short-term blockage
8/2/2021 16:49,P/A/2/2,17,20,9,9,251.96,1.34,-62.5,auto,259.28,257.41,32,18.22,33.79,3.56,Short-term blockage
8/2/2021 16:49,A/P/2/2,14,16,9,9,1.5,2.58,-64,auto,259.28,257.41,32,18.22,33.79,3.56,Short-term blockage
8/2/2021 16:49,P/A/2/2,17,20,9,9,285.23,0.52,-62.5,auto,259.28,257.41,32,18.22,33.79,3.56,Short-term blockage
8/2/2021 16:49,A/P/2/2,14,16,9,9,2,2.76,-64.5,auto,259.28,257.41,32,18.22,33.79,3.56,Short-term blockage
8/2/2021 16:49,P/A/2/2,17,20,9,9,662.53,2.3,-62.5,auto,259.28,257.41,32,18.22,33.79,3.56,Short-term blockage
8/2/2021 16:49,A/P/2/2,15,16,9,9,2.5,3.73,-64,auto,259.28,257.41,32,18.22,33.79,3.56,Short-term blockage
8/2/2021 16:49,P/A/2/2,18,20,9,10,611.33,0.48,-61.5,auto,321.48,317.18,316,18.22,33.79,3.56,Short-term blockage
8/2/2021 16:49,A/P/2/2,15,16,9,9,3,2.33,-64,auto,321.48,317.18,316,18.22,33.79,3.56,Short-term blockage
8/2/2021 16:49,P/A/2/2,18,20,9,9,651.74,0.96,-62.5,auto,321.48,317.18,316,11.88,31.56,3.07,Short-term blockage
8/2/2021 16:49,A/P/2/2,12,16,9,10,2.9,1.57,-65.5,auto,321.48,317.18,316,11.88,31.56,3.07,Short-term blockage
8/2/2021 16:49,P/A/2/2,17,20,9,9,658.15,0.79,-62.5,auto,321.48,317.18,316,11.88,31.56,3.07,Short-term blockage
8/2/2021 16:49,A/P/2/2,13,16,9,9,1.79,2.41,-65,auto,321.48,317.18,316,11.88,31.56,3.07,Short-term blockage
8/2/2021 16:49,P/A/2/2,18,20,9,9,354.02,0.38,-62,auto,321.48,317.18,316,11.88,31.56,3.07,Short-term blockage
8/2/2021 16:49,P/A/2/2,18,20,9,9,173.14,0.52,-62.5,auto,321.48,317.18,316,11.88,31.56,3.07,Short-term blockage
8/2/2021 16:49,A/P/2/2,15,16,9,9,0.67,2.65,-64,auto,321.48,317.18,316,11.88,31.56,3.07,Short-term blockage
8/2/2021 16:49,P/A/2/2,17,20,9,9,591.31,1.23,-62.5,auto,321.48,317.18,316,11.88,31.56,3.07,Short-term blockage
8/2/2021 16:49,A/P/2/2,14,16,9,10,3.21,2.22,-64,auto,321.48,317.18,316,11.88,31.56,3.07,Short-term blockage
8/2/2021 16:49,P/A/2/2,17,20,10,9,664.79,0.41,-62.5,auto,251.68,249.52,40,11.88,31.56,3.07,Short-term blockage
8/2/2021 16:49,A/P/2/2,13,16,9,9,3.31,1.87,-65.5,auto,251.68,249.52,40,11.88,31.56,3.07,Short-term blockage
8/2/2021 16:49,P/A/2/2,17,20,9,10,650.22,2.24,-63,auto,251.68,249.52,40,11.88,31.56,3.07,Short-term blockage
8/2/2021 16:49,A/P/2/2,13,16,9,9,3.38,1.45,-65.5,auto,251.68,249.52,40,11.88,31.56,3.07,Short-term blockage
8/2/2021 16:50,P/A/2/2,18,20,9,9,668.01,1.04,-62,auto,251.68,249.52,40,11.88,31.56,3.07,Short-term blockage
8/2/2021 16:50,A/P/2/2,14,16,9,10,3.18,0.25,-64.5,auto,251.68,249.52,40,11.88,31.56,3.07,Short-term blockage
8/2/2021 16:50,P/A/2/2,17,20,10,9,453.8,1.05,-62.5,auto,251.68,249.52,40,11.88,31.56,3.07,Short-term blockage
8/2/2021 16:50,A/P/2/2,14,16,9,10,2.38,1.69,-64,auto,251.68,249.52,40,11.88,31.56,3.07,Short-term blockage
8/2/2021 16:50,A/P/2/2,12,16,10,9,0.18,4.21,-65,auto,251.68,249.52,40,11.88,31.56,3.07,Short-term blockage
8/2/2021 16:50,P/A/2/2,17,20,9,9,67.52,1.47,-62.5,auto,251.68,249.52,40,11.88,31.56,3.07,Short-term blockage
8/2/2021 16:50,P/A/2/2,17,20,9,9,476.74,0.91,-62.5,auto,251.68,249.52,40,16.76,44.26,3.4,Short-term blockage
8/2/2021 16:50,A/P/2/2,12,16,10,10,2.19,3.85,-65,auto,251.68,249.52,40,16.76,44.26,3.4,Short-term blockage
8/2/2021 16:50,A/P/2/2,12,16,9,9,2.95,3.24,-65,auto,331.23,329.3,165,16.76,44.26,3.4,Short-term blockage
8/2/2021 16:50,P/A/2/2,17,20,10,10,596.65,0.66,-62.5,auto,331.23,329.3,165,16.76,44.26,3.4,Short-term blockage
8/2/2021 16:50,A/P/2/2,15,16,9,9,2.83,5.26,-64,auto,331.23,329.3,165,16.76,44.26,3.4,Short-term blockage
8/2/2021 16:50,P/A/2/2,17,20,9,9,614.97,0.37,-62.5,auto,331.23,329.3,165,16.76,44.26,3.4,Short-term blockage
8/2/2021 16:50,A/P/2/2,15,16,9,9,2.84,2.48,-64,auto,331.23,329.3,165,16.76,44.26,3.4,Short-term blockage
8/2/2021 16:50,P/A/2/2,18,20,9,9,477.39,0.57,-62,auto,331.23,329.3,165,16.76,44.26,3.4,Short-term blockage
8/2/2021 16:50,A/P/2/2,15,16,9,9,2.84,3.14,-64,auto,331.23,329.3,165,16.76,44.26,3.4,Short-term blockage
8/2/2021 16:50,P/A/2/2,18,20,9,9,16.5,0.52,-61.5,auto,331.23,329.3,165,16.76,44.26,3.4,Short-term blockage
8/2/2021 16:50,A/P/2/2,12,16,9,9,2.65,3.07,-64.5,auto,331.23,329.3,165,16.76,44.26,3.4,Short-term blockage
8/2/2021 16:50,A/P/2/2,13,16,9,9,2.45,3.15,-65,auto,331.23,329.3,165,16.76,44.26,3.4,Short-term blockage
8/2/2021 16:50,P/A/2/2,17,20,10,9,617.48,0.79,-62.5,auto,331.23,329.3,165,16.76,44.26,3.4,Short-term blockage
8/2/2021 16:50,P/A/2/2,17,20,10,9,661.36,0.9,-62.5,auto,331.23,329.3,165,16.76,44.26,3.4,Short-term blockage
8/2/2021 16:50,A/P/2/2,12,16,9,10,2.68,2.15,-65,auto,331.23,329.3,165,16.76,44.26,3.4,Short-term blockage
8/2/2021 16:50,A/P/2/2,15,16,8,10,2.9,4.56,-64,auto,366.36,362.25,53,16.76,44.26,3.4,Short-term blockage
8/2/2021 16:50,P/A/2/2,17,20,9,9,653.04,0.91,-62.5,auto,366.36,362.25,53,16.76,44.26,3.4,Short-term blockage
8/2/2021 16:50,A/P/2/2,13,16,9,10,2.46,2.82,-65,auto,366.36,362.25,53,16.76,44.26,3.4,Short-term blockage
8/2/2021 16:50,P/A/2/2,17,20,9,9,656.09,0.91,-62.5,auto,366.36,362.25,53,20.66,48.26,2.84,Short-term blockage
8/2/2021 16:50,A/P/2/2,15,16,9,10,2.72,1.07,-64,auto,366.36,362.25,53,20.66,48.26,2.84,Short-term blockage
8/2/2021 16:50,P/A/2/2,17,20,9,9,654.76,0.33,-62.5,auto,366.36,362.25,53,20.66,48.26,2.84,Short-term blockage
8/2/2021 16:50,A/P/2/2,14,16,9,9,0.31,2.23,-63.5,auto,366.36,362.25,53,20.66,48.26,2.84,Short-term blockage
8/2/2021 16:50,P/A/2/2,15,20,9,9,0.02,0.33,-65,auto,366.36,362.25,53,20.66,48.26,2.84,Short-term blockage
8/2/2021 16:50,A/P/2/2,14,16,9,9,2.06,2.88,-64.5,auto,366.36,362.25,53,20.66,48.26,2.84,Short-term blockage
8/2/2021 16:50,P/A/2/2,17,20,9,9,527.39,0.53,-66.5,auto,366.36,362.25,53,20.66,48.26,2.84,Short-term blockage
8/2/2021 16:50,A/P/2/2,11,15,9,9,2.22,9.92,-73.5,auto,366.36,362.25,53,20.66,48.26,2.84,Short-term blockage
8/2/2021 16:50,A/P/2/2,14,16,9,9,2.55,2.56,-62.5,auto,362.26,357.9,9,20.66,48.26,2.84,Short-term blockage
8/2/2021 16:50,P/A/2/2,17,20,9,9,540.32,0.73,-61,auto,362.26,357.9,9,20.66,48.26,2.84,Short-term blockage
8/2/2021 16:50,P/A/2/2,17,20,9,9,584.59,0.7,-63,auto,362.26,357.9,9,20.66,48.26,2.84,Short-term blockage
8/2/2021 16:50,A/P/2/2,14,15,9,9,2.61,4.07,-63,auto,362.26,357.9,9,20.66,48.26,2.84,Short-term blockage
8/2/2021 16:50,P/A/2/2,17,20,10,9,616.03,1.25,-67.5,auto,362.26,357.9,9,20.66,48.26,2.84,Short-term blockage
8/2/2021 16:50,A/P/2/2,13,16,9,10,2.67,1.67,-70.5,auto,362.26,357.9,9,20.66,48.26,2.84,Short-term blockage
8/2/2021 16:50,P/A/2/2,18,21,9,8,72.51,2.37,-64.5,auto,362.26,357.9,9,20.66,48.26,2.84,Short-term blockage
8/2/2021 16:50,A/P/2/2,15,16,7,10,0.64,6.01,-67,auto,362.26,357.9,9,20.66,48.26,2.84,Short-term blockage
8/2/2021 16:50,P/A/2/2,17,20,9,9,295.11,2.01,-63,auto,362.26,357.9,9,20.66,48.26,2.84,Short-term blockage
8/2/2021 16:50,A/P/2/2,15,15,9,10,0.91,3.15,-63,auto,362.26,357.9,9,20.66,48.26,2.84,Short-term blockage
8/2/2021 16:50,P/A/2/2,17,20,9,9,557.28,0.66,-61.5,auto,362.26,357.9,9,20.66,48.26,2.84,Short-term blockage
8/2/2021 16:50,A/P/2/2,15,16,10,9,2.55,3.03,-64.5,auto,362.26,357.9,9,20.66,48.26,2.84,Short-term blockage
8/2/2021 16:50,P/A/2/2,17,20,9,9,528.5,0.25,-62.5,auto,331.26,327.17,160,18.77,40.16,3.38,Short-term blockage
8/2/2021 16:50,P/A/2/2,17,20,9,10,613.29,0.67,-61,auto,331.26,327.17,160,18.77,40.16,3.38,Short-term blockage
8/2/2021 16:50,A/P/2/2,14,16,9,9,3.01,2.8,-65,auto,331.26,327.17,160,18.77,40.16,3.38,Short-term blockage
8/2/2021 16:50,A/P/2/2,14,16,9,9,2.85,2.31,-65,auto,331.26,327.17,160,18.77,40.16,3.38,Short-term blockage
8/2/2021 16:50,P/A/2/2,17,20,9,9,532.21,0.64,-62.5,auto,331.26,327.17,160,18.77,40.16,3.38,Short-term blockage
8/2/2021 16:50,P/A/2/2,17,20,9,9,168.38,0.52,-63,auto,331.26,327.17,160,18.77,40.16,3.38,Short-term blockage
8/2/2021 16:50,A/P/2/2,13,16,9,9,1.39,3.71,-64,auto,331.26,327.17,160,18.77,40.16,3.38,Short-term blockage
8/2/2021 16:50,P/A/2/2,17,20,9,9,304.44,0.77,-62.5,auto,331.26,327.17,160,18.77,40.16,3.38,Short-term blockage
8/2/2021 16:50,A/P/2/2,14,16,9,9,1.77,3.44,-65,auto,331.26,327.17,160,18.77,40.16,3.38,Short-term blockage
8/2/2021 16:50,P/A/2/2,17,20,9,9,637.2,2.26,-62.5,auto,331.26,327.17,160,18.77,40.16,3.38,Short-term blockage
8/2/2021 16:50,A/P/2/2,13,16,9,9,2.15,1.59,-65.5,auto,331.26,327.17,160,18.77,40.16,3.38,Short-term blockage
8/2/2021 16:50,P/A/2/2,17,20,10,9,660.62,0.66,-62.5,auto,343.94,340.01,8,18.77,40.16,3.38,Short-term blockage
8/2/2021 16:50,A/P/2/2,15,16,9,9,2.54,3.19,-64,auto,343.94,340.01,8,18.77,40.16,3.38,Short-term blockage
8/2/2021 16:50,P/A/2/2,17,20,9,10,656.68,0.7,-62.5,auto,343.94,340.01,8,18.77,40.16,3.38,Short-term blockage
8/2/2021 16:50,A/P/2/2,14,16,9,9,2.92,1.95,-65,auto,343.94,340.01,8,18.77,40.16,3.38,Short-term blockage
8/2/2021 16:50,P/A/2/2,18,20,9,9,666.23,0.76,-62.5,auto,343.94,340.01,8,18.77,40.16,3.38,Short-term blockage
8/2/2021 16:50,A/P/2/2,13,16,9,9,2.64,2.04,-66,auto,343.94,340.01,8,18.77,40.16,3.38,Short-term blockage
8/2/2021 16:50,A/P/2/2,12,15,9,9,1.35,4.67,-64.5,auto,343.94,340.01,8,18.77,40.16,3.38,Short-term blockage
8/2/2021 16:50,P/A/2/2,17,20,9,9,206.64,1.2,-62.5,auto,343.94,340.01,8,18.77,40.16,3.38,Short-term blockage
8/2/2021 16:50,P/A/2/2,17,20,9,9,210.88,1,-62.5,auto,343.94,340.01,8,8.8,15.06,3.33,Short-term blockage
8/2/2021 16:50,A/P/2/2,14,15,9,10,0.72,1.3,-64,auto,343.94,340.01,8,8.8,15.06,3.33,Short-term blockage
8/2/2021 16:50,P/A/2/2,17,20,9,10,537.91,0.81,-66.83,auto,343.94,340.01,8,8.8,15.06,3.33,Short-term blockage
8/2/2021 16:50,A/P/2/2,15,16,9,10,2.61,5.76,-64,auto,343.94,340.01,8,8.8,15.06,3.33,Short-term blockage
8/2/2021 16:50,A/P/2/2,13,16,9,9,3.05,0.13,-65,auto,304.13,301.91,11,8.8,15.06,3.33,Short-term blockage
8/2/2021 16:50,P/A/2/2,18,21,7,6,597.47,0.51,-75.5,auto,304.13,301.91,11,8.8,15.06,3.33,Short-term blockage
8/2/2021 16:50,A/P/2/2,16,16,9,9,2.75,5.37,-69.5,auto,304.13,301.91,11,8.8,15.06,3.33,Short-term blockage
8/2/2021 16:50,P/A/2/2,18,20,9,9,561.07,0.52,-61.5,auto,304.13,301.91,11,8.8,15.06,3.33,Short-term blockage
8/2/2021 16:50,A/P/2/2,13,16,9,9,2.41,1.95,-64,auto,304.13,301.91,11,8.8,15.06,3.33,Short-term blockage
8/2/2021 16:50,P/A/2/2,17,20,10,9,378.86,0.29,-62,auto,304.13,301.91,11,8.8,15.06,3.33,Short-term blockage
8/2/2021 16:50,A/P/2/2,15,16,9,10,2.06,1.22,-63.5,auto,304.13,301.91,11,8.8,15.06,3.33,Short-term blockage
8/2/2021 16:50,P/A/2/2,17,20,10,10,134.69,0.86,-62.5,auto,304.13,301.91,11,8.8,15.06,3.33,Short-term blockage
8/2/2021 16:50,A/P/2/2,15,16,9,10,0.26,3.07,-62,auto,304.13,301.91,11,8.8,15.06,3.33,Short-term blockage
8/2/2021 16:50,A/P/2/2,14,16,9,10,2.22,2.78,-65,auto,304.13,301.91,11,8.8,15.06,3.33,Short-term blockage
8/2/2021 16:50,P/A/2/2,16,20,10,10,563.86,0.57,-63.5,auto,304.13,301.91,11,8.8,15.06,3.33,Short-term blockage
8/2/2021 16:50,P/A/2/2,17,20,9,9,613.79,0.52,-63,auto,331.92,328.61,364,8.8,15.06,3.33,Short-term blockage
8/2/2021 16:50,A/P/2/2,14,17,10,9,2.82,0.48,-64.5,auto,331.92,328.61,364,8.8,15.06,3.33,Short-term blockage
8/2/2021 16:50,P/A/2/2,17,20,9,9,660.1,0.99,-63,auto,331.92,328.61,364,8.8,15.06,3.33,Short-term blockage
8/2/2021 16:50,A/P/2/2,13,17,9,9,2.94,2.73,-65.5,auto,331.92,328.61,364,8.8,15.06,3.33,Short-term blockage
8/2/2021 16:50,P/A/2/2,17,20,9,9,647.98,0.44,-63.5,auto,331.92,328.61,364,18.55,40.61,3.25,Short-term blockage
8/2/2021 16:50,A/P/2/2,14,17,10,9,3.06,4.48,-64.5,auto,331.92,328.61,364,18.55,40.61,3.25,Short-term blockage
8/2/2021 16:50,P/A/2/2,18,20,9,9,503,0.85,-62.5,auto,331.92,328.61,364,18.55,40.61,3.25,Short-term blockage
8/2/2021 16:50,A/P/2/2,12,17,9,9,1.54,2.63,-64.5,auto,331.92,328.61,364,18.55,40.61,3.25,Short-term blockage
8/2/2021 16:50,P/A/2/2,17,20,10,9,38.42,0.77,-63,auto,331.92,328.61,364,18.55,40.61,3.25,Short-term blockage
8/2/2021 16:50,A/P/2/2,15,17,9,10,0.03,1.77,-64,auto,331.92,328.61,364,18.55,40.61,3.25,Short-term blockage
8/2/2021 16:50,P/A/2/2,17,20,9,10,622.98,0.45,-63,auto,331.92,328.61,364,18.55,40.61,3.25,Short-term blockage
8/2/2021 16:50,A/P/2/2,14,17,8,9,2.71,1.35,-65,auto,331.92,328.61,364,18.55,40.61,3.25,Short-term blockage
8/2/2021 16:50,A/P/2/2,14,16,8,10,2.78,0,-72,auto,285.7,280.4,365,18.55,40.61,3.25,Short-term blockage
8/2/2021 16:50,P/A/2/2,17,20,9,9,644.54,0.77,-68.5,auto,285.7,280.4,365,18.55,40.61,3.25,Short-term blockage
8/2/2021 16:50,P/A/2/2,17,20,9,9,658.75,1.14,-62,auto,285.7,280.4,365,18.55,40.61,3.25,Short-term blockage
8/2/2021 16:50,A/P/2/2,15,16,9,10,2.82,3.38,-64,auto,285.7,280.4,365,18.55,40.61,3.25,Short-term blockage
8/2/2021 16:50,P/A/2/2,18,20,9,9,675.75,0.69,-61.5,auto,285.7,280.4,365,18.55,40.61,3.25,Short-term blockage
8/2/2021 16:50,A/P/2/2,14,16,9,10,3.12,2.13,-64,auto,285.7,280.4,365,18.55,40.61,3.25,Short-term blockage
8/2/2021 16:50,P/A/2/2,17,20,9,9,616.67,0.44,-62.5,auto,285.7,280.4,365,18.55,40.61,3.25,Short-term blockage
8/2/2021 16:50,A/P/2/2,13,16,9,9,2.92,2.61,-64,auto,285.7,280.4,365,18.55,40.61,3.25,Short-term blockage
8/2/2021 16:50,P/A/2/2,18,20,9,9,0.02,0.43,-62,auto,285.7,280.4,365,18.55,40.61,3.25,Short-term blockage
8/2/2021 16:50,A/P/2/2,14,16,9,9,0.19,1.58,-64,auto,285.7,280.4,365,18.55,40.61,3.25,Short-term blockage
8/2/2021 16:50,P/A/2/2,17,20,9,9,562.84,0.89,-62.5,auto,285.7,280.4,365,18.55,40.61,3.25,Short-term blockage
8/2/2021 16:50,A/P/2/2,14,16,9,9,2.26,2.53,-64,auto,285.7,280.4,365,18.55,40.61,3.25,Short-term blockage
8/2/2021 16:50,P/A/2/2,17,20,10,9,642.33,1.21,-66,auto,285.7,280.4,365,8.25,22.07,3.19,Short-term blockage
8/2/2021 16:50,A/P/2/2,13,16,9,9,2.91,1.16,-64.5,auto,275.18,273.09,12,8.25,22.07,3.19,Short-term blockage
8/2/2021 16:50,P/A/2/2,17,20,10,9,646.17,0.72,-62.5,auto,275.18,273.09,12,8.25,22.07,3.19,Short-term blockage
8/2/2021 16:50,P/A/2/2,17,20,10,10,675.7,0.44,-62.5,auto,275.18,273.09,12,8.25,22.07,3.19,Short-term blockage
8/2/2021 16:50,A/P/2/2,13,16,9,9,3.02,2.04,-65.5,auto,275.18,273.09,12,8.25,22.07,3.19,Short-term blockage
8/2/2021 16:50,P/A/2/2,17,20,9,9,625.51,0.68,-62.5,auto,275.18,273.09,12,8.25,22.07,3.19,Short-term blockage
8/2/2021 16:50,A/P/2/2,12,16,10,9,3,1.26,-65,auto,275.18,273.09,12,8.25,22.07,3.19,Short-term blockage
8/2/2021 16:50,P/A/2/2,17,20,9,9,42.91,0.93,-62.5,auto,275.18,273.09,12,8.25,22.07,3.19,Short-term blockage
8/2/2021 16:50,A/P/2/2,16,16,9,9,0.62,2.4,-64,auto,275.18,273.09,12,8.25,22.07,3.19,Short-term blockage
8/2/2021 16:50,P/A/2/2,17,20,10,9,440.37,1.17,-62.5,auto,275.18,273.09,12,8.25,22.07,3.19,Short-term blockage
8/2/2021 16:50,A/P/2/2,12,16,9,9,2.11,3.03,-65.5,auto,275.18,273.09,12,8.25,22.07,3.19,Short-term blockage
8/2/2021 16:50,P/A/2/2,17,20,11,9,604.57,1.22,-61,auto,275.18,273.09,12,8.25,22.07,3.19,Short-term blockage
8/2/2021 16:50,A/P/2/2,14,16,9,9,2.2,3.95,-64,auto,275.18,273.09,12,8.25,22.07,3.19,Short-term blockage
8/2/2021 16:51,P/A/2/2,18,20,9,4,484.09,0.96,-64,auto,309.28,305.22,640,8.25,22.07,3.19,Short-term blockage
8/2/2021 16:51,A/P/2/2,14,15,8,9,2.28,15.51,-76.5,auto,309.28,305.22,640,8.25,22.07,3.19,Short-term blockage
8/2/2021 16:51,A/P/2/2,15,16,9,10,2.37,7.82,-63.5,auto,309.28,305.22,640,8.25,22.07,3.19,Short-term blockage
8/2/2021 16:51,P/A/2/2,17,20,9,9,554.78,0.92,-62.5,auto,309.28,305.22,640,8.25,22.07,3.19,Short-term blockage
8/2/2021 16:51,P/A/2/2,17,20,9,9,546.38,0.67,-62.5,auto,309.28,305.22,640,8.25,22.07,3.19,Short-term blockage
8/2/2021 16:51,A/P/2/2,13,16,9,9,2.51,1.6,-65,auto,309.28,305.22,640,8.25,22.07,3.19,Short-term blockage
8/2/2021 16:51,P/A/2/2,18,20,10,9,103.07,1.05,-62,auto,309.28,305.22,640,15.23,49.32,3.38,Short-term blockage
8/2/2021 16:51,A/P/2/2,14,16,9,10,0.96,2.48,-63.5,auto,309.28,305.22,640,15.23,49.32,3.38,Short-term blockage
8/2/2021 16:51,P/A/2/2,18,20,9,9,327.26,1.68,-61.5,auto,309.28,305.22,640,15.23,49.32,3.38,Short-term blockage
8/2/2021 16:51,A/P/2/2,14,16,9,10,1.51,2.03,-64.5,auto,309.28,305.22,640,15.23,49.32,3.38,Short-term blockage
8/2/2021 16:51,P/A/2/2,17,20,11,10,613.34,2.32,-62.5,auto,309.28,305.22,640,15.23,49.32,3.38,Short-term blockage
8/2/2021 16:51,A/P/2/2,14,16,9,9,2.09,2.64,-64.5,auto,309.28,305.22,640,15.23,49.32,3.38,Short-term blockage
8/2/2021 16:51,P/A/2/2,17,20,10,9,682,2.05,-62.5,auto,280,276.69,110,15.23,49.32,3.38,Short-term blockage
8/2/2021 16:51,A/P/2/2,13,16,9,9,2.67,2.36,-65.5,auto,280,276.69,110,15.23,49.32,3.38,Short-term blockage
8/2/2021 16:51,A/P/2/2,14,16,9,9,3.03,3.55,-65,auto,280,276.69,110,15.23,49.32,3.38,Short-term blockage
8/2/2021 16:51,A/P/2/2,14,16,9,10,2.93,1.25,-64.5,auto,280,276.69,110,15.23,49.32,3.38,Short-term blockage
8/2/2021 16:51,P/A/2/2,17,20,10,9,681.92,0.82,-61,auto,280,276.69,110,15.23,49.32,3.38,Short-term blockage
8/2/2021 16:51,P/A/2/2,17,20,10,9,248.56,0.61,-62.5,auto,280,276.69,110,15.23,49.32,3.38,Short-term blockage
8/2/2021 16:51,A/P/2/2,14,16,9,10,1.94,3.74,-64,auto,280,276.69,110,15.23,49.32,3.38,Short-term blockage
8/2/2021 16:51,P/A/2/2,17,20,10,9,271.96,0.49,-62.5,auto,280,276.69,110,15.23,49.32,3.38,Short-term blockage
8/2/2021 16:51,A/P/2/2,15,16,9,9,0.94,4.15,-64,auto,280,276.69,110,15.23,49.32,3.38,Short-term blockage
8/2/2021 16:51,P/A/2/2,17,20,9,10,650.45,1.58,-62.5,auto,280,276.69,110,15.23,49.32,3.38,Short-term blockage
8/2/2021 16:51,A/P/2/2,12,16,10,9,2.99,3.42,-65.5,auto,280,276.69,110,15.23,49.32,3.38,Short-term blockage
8/2/2021 16:51,P/A/2/2,17,20,9,9,661.05,0.97,-62.5,auto,280,276.69,110,15.23,49.32,3.38,Short-term blockage
8/2/2021 16:51,A/P/2/2,15,16,9,9,2.91,3.47,-64,auto,280,276.69,110,15.23,49.32,3.38,Short-term blockage
8/2/2021 16:51,P/A/2/2,17,20,9,9,662.39,0.47,-62.5,auto,280,276.69,110,15.23,49.32,3.38,Short-term blockage
8/2/2021 16:51,A/P/2/2,14,16,9,9,2.93,3.18,-64.5,auto,280,276.69,110,15.23,49.32,3.38,Short-term blockage
8/2/2021 16:51,P/A/2/2,18,20,10,9,595.41,0.29,-62.5,auto,280,276.69,110,15.23,49.32,3.38,Short-term blockage
8/2/2021 16:51,A/P/2/2,14,16,9,9,1.9,2.48,-64,auto,280,276.69,110,15.23,49.32,3.38,Short-term blockage
8/2/2021 16:51,P/A/2/2,18,20,10,9,306.39,0.8,-62,auto,280,276.69,110,15.23,49.32,3.38,Short-term blockage
8/2/2021 16:51,A/P/2/2,15,16,9,9,1.9,2.64,-64,auto,280,276.69,110,15.23,49.32,3.38,Short-term blockage
8/2/2021 16:51,P/A/2/2,17,20,10,9,152.8,0.58,-62.5,auto,280,276.69,110,15.23,49.32,3.38,Short-term blockage
8/2/2021 16:51,A/P/2/2,13,16,10,10,1.9,2.45,-65.5,auto,280,276.69,110,15.23,49.32,3.38,Short-term blockage
7/1/2021 9:45,P/A/1/3,13,15,7,6,680.61,1.57,-73.5,auto,489.23,480.49,489,3.32,13.76,0.39,Normal
7/1/2021 9:45,A/P/3/1,26,31,6,7,3.22,1.31,-75,auto,489.23,480.49,489,3.32,13.76,0.39,Normal
7/1/2021 9:45,P/A/1/3,13,15,6,6,852.33,1.08,-73.5,auto,489.23,480.49,489,3.32,13.76,0.39,Normal
7/1/2021 9:45,A/P/3/1,26,31,6,7,3.6,2.16,-75,auto,489.23,480.49,489,3.32,13.76,0.39,Normal
7/1/2021 9:45,P/A/1/3,12,15,7,6,794.34,1.06,-75,auto,489.23,480.49,489,3.32,13.76,0.39,Normal
7/1/2021 9:45,P/A/1/3,13,15,7,6,789.44,1.03,-73.5,auto,489.23,480.49,489,3.32,13.76,0.39,Normal
7/1/2021 9:45,A/P/3/1,26,31,7,7,2.51,1.81,-75,auto,489.23,480.49,489,3.32,13.76,0.39,Normal
7/1/2021 9:45,P/A/1/3,13,15,7,7,651.27,1.01,-73.5,auto,489.23,480.49,489,3.32,13.76,0.39,Normal
7/1/2021 9:45,A/P/3/1,26,31,6,7,4.26,0.9,-74.5,auto,489.23,480.49,489,3.32,13.76,0.39,Normal
7/1/2021 9:46,P/A/1/3,13,15,7,6,319.5,0.76,-74,auto,492.15,490.06,453,3.32,13.76,0.39,Normal
7/1/2021 9:46,A/P/3/1,26,31,6,7,0.04,1.05,-74.5,auto,492.15,490.06,453,3.32,13.76,0.39,Normal
7/1/2021 9:46,P/A/1/3,12,15,6,6,555.37,0.54,-75,auto,492.15,490.06,453,3.32,13.76,0.39,Normal
7/1/2021 9:46,A/P/3/1,26,29,6,7,2.16,0.17,-75,auto,492.15,490.06,453,3.32,13.76,0.39,Normal
7/1/2021 9:46,A/P/3/1,26,29,6,6,2.73,5.77,-75,auto,492.15,490.06,453,3.32,13.76,0.39,Normal
7/1/2021 9:46,P/A/1/3,12,15,6,6,737.97,0.77,-75,auto,492.15,490.06,453,3.32,13.76,0.39,Normal
7/1/2021 9:46,A/P/3/1,26,29,6,8,2.84,0.82,-75,auto,492.15,490.06,453,3.32,13.76,0.39,Normal
7/1/2021 9:46,P/A/1/3,12,15,6,6,697.28,1.38,-75,auto,492.15,490.06,453,3.32,13.76,0.39,Normal
7/1/2021 9:46,A/P/3/1,26,29,7,7,3.21,0.68,-75,auto,492.15,490.06,453,3.32,13.76,0.39,Normal
7/1/2021 9:46,P/A/1/3,12,15,6,6,656.59,0.86,-75.5,auto,492.15,490.06,453,4.35,12.74,0.66,Normal
7/1/2021 9:46,A/P/3/1,26,29,6,6,4.76,1,-75,auto,492.15,490.06,453,4.35,12.74,0.66,Normal
7/1/2021 9:46,P/A/1/3,12,15,6,8,423.96,0.99,-75,auto,499.95,499.89,353,4.35,12.74,0.66,Normal
7/1/2021 9:46,A/P/3/1,27,30,7,6,0.93,6.24,-73,auto,499.95,499.89,353,4.35,12.74,0.66,Normal
7/1/2021 9:46,P/A/1/3,12,15,6,6,313.64,1.13,-75,auto,499.95,499.89,353,4.35,12.74,0.66,Normal
7/1/2021 9:46,A/P/3/1,26,31,6,6,0.04,1.16,-74.5,auto,499.95,499.89,353,4.35,12.74,0.66,Normal
7/1/2021 9:46,P/A/1/3,12,14,6,6,330.77,0.88,-75,auto,499.95,499.89,353,4.35,12.74,0.66,Normal
7/1/2021 9:46,A/P/3/1,26,31,7,7,1.04,4.05,-75,auto,499.95,499.89,353,4.35,12.74,0.66,Normal
7/1/2021 9:46,P/A/1/3,12,15,7,7,465.49,0.55,-75,auto,499.95,499.89,353,4.35,12.74,0.66,Normal
7/1/2021 9:46,A/P/3/1,27,31,8,6,2.85,0.93,-73,auto,499.95,499.89,353,4.35,12.74,0.66,Normal
7/1/2021 9:46,P/A/1/3,12,15,7,6,600.22,0.15,-75,auto,499.95,499.89,353,4.35,12.74,0.66,Normal
7/1/2021 9:46,A/P/3/1,26,31,6,7,2.65,1.54,-74,auto,499.95,499.89,353,4.35,12.74,0.66,Normal
7/1/2021 9:46,P/A/1/3,12,15,7,8,829.38,0.14,-75,auto,499.95,499.89,353,4.35,12.74,0.66,Normal
7/1/2021 9:46,A/P/3/1,26,30,6,7,4.54,1.43,-75,auto,499.95,499.89,353,4.35,12.74,0.66,Normal
7/1/2021 9:46,P/A/1/3,12,15,7,6,898.93,0.45,-75,auto,499.95,499.89,353,4.35,12.74,0.66,Normal
7/1/2021 9:46,A/P/3/1,26,30,6,7,4.54,2.29,-75,auto,499.95,499.89,353,4.35,12.74,0.66,Normal
7/1/2021 9:46,P/A/1/3,12,15,7,6,715.43,0.76,-75,auto,499.92,499.76,630,4.35,12.74,0.66,Normal
7/1/2021 9:46,A/P/3/1,26,30,6,7,2.19,1.51,-74.5,auto,499.92,499.76,630,4.35,12.74,0.66,Normal
7/1/2021 9:46,P/A/1/3,12,15,7,7,270.02,0.85,-75,auto,499.92,499.76,630,4.35,12.74,0.66,Normal
7/1/2021 9:46,A/P/3/1,26,30,6,7,0.76,1.37,-75,auto,499.92,499.76,630,4.35,12.74,0.66,Normal
7/1/2021 9:46,P/A/1/3,12,14,7,6,476.5,0.9,-75,auto,499.92,499.76,630,1.91,5.07,0.59,Normal
7/1/2021 9:46,A/P/3/1,26,30,6,6,1.54,2.62,-75,auto,499.92,499.76,630,1.91,5.07,0.59,Normal
7/1/2021 9:46,P/A/1/3,12,14,7,6,415.22,0.96,-75,auto,499.92,499.76,630,1.91,5.07,0.59,Normal
7/1/2021 9:46,A/P/3/1,26,30,6,6,1.65,2.77,-75,auto,499.92,499.76,630,1.91,5.07,0.59,Normal
7/1/2021 9:46,P/A/1/3,12,15,6,6,536.4,1.01,-75,auto,499.92,499.76,630,1.91,5.07,0.59,Normal
7/1/2021 9:46,A/P/3/1,26,29,6,6,3.72,1.61,-75,auto,499.92,499.76,630,1.91,5.07,0.59,Normal
7/1/2021 9:46,P/A/1/3,12,15,6,7,820.54,0.63,-75,auto,499.92,499.76,630,1.91,5.07,0.59,Normal
7/1/2021 9:46,A/P/3/1,26,29,6,6,3.89,3.78,-75,auto,499.92,499.76,630,1.91,5.07,0.59,Normal
7/1/2021 9:46,P/A/1/3,13,15,7,6,849.3,0.38,-74,auto,499.94,499.8,296,1.91,5.07,0.59,Normal
7/1/2021 9:46,A/P/3/1,26,29,6,7,3.32,5.96,-74.5,auto,499.94,499.8,296,1.91,5.07,0.59,Normal
7/1/2021 9:46,P/A/1/3,13,15,7,7,717.84,0.56,-74,auto,499.94,499.8,296,1.91,5.07,0.59,Normal
7/1/2021 9:46,A/P/3/1,27,30,7,7,0.03,1.28,-73,auto,499.94,499.8,296,1.91,5.07,0.59,Normal
7/1/2021 9:46,P/A/1/3,12,15,6,6,586.38,0.12,-75,auto,499.94,499.8,296,1.91,5.07,0.59,Normal
7/1/2021 9:46,A/P/3/1,26,31,6,7,4.35,1.9,-75,auto,499.94,499.8,296,1.91,5.07,0.59,Normal
7/1/2021 9:46,P/A/1/3,13,15,6,6,750.57,0.33,-73.5,auto,499.94,499.8,296,1.91,5.07,0.59,Normal
7/1/2021 9:46,A/P/3/1,26,31,6,6,3.84,1.81,-75,auto,499.94,499.8,296,1.91,5.07,0.59,Normal
7/1/2021 9:46,P/A/1/3,12,15,7,6,765.36,0.54,-75,auto,499.94,499.8,296,1.91,5.07,0.59,Normal
7/1/2021 9:46,A/P/3/1,26,31,6,6,3.98,0.93,-74.5,auto,499.94,499.8,296,1.91,5.07,0.59,Normal
7/1/2021 9:46,P/A/1/3,12,15,7,6,612.93,0.75,-75,auto,499.94,499.8,296,1.91,5.07,0.59,Normal
7/1/2021 9:46,A/P/3/1,26,31,6,7,3.95,1.33,-75,auto,499.94,499.8,296,1.91,5.07,0.59,Normal
7/1/2021 9:46,P/A/1/3,12,15,7,7,806.15,0.69,-75,auto,499.94,499.8,296,4.69,32.4,0.77,Normal
7/1/2021 9:46,A/P/3/1,26,31,6,6,3.93,1.42,-75,auto,499.94,499.8,296,4.69,32.4,0.77,Normal
7/1/2021 9:46,P/A/1/3,12,15,7,7,497.26,0.64,-75,auto,377.7,374.83,475,4.69,32.4,0.77,Normal
7/1/2021 9:46,A/P/3/1,26,31,6,7,0.42,1.51,-74.5,auto,377.7,374.83,475,4.69,32.4,0.77,Normal
7/1/2021 9:46,P/A/1/3,13,15,7,6,455.5,0.58,-74,auto,377.7,374.83,475,4.69,32.4,0.77,Normal
7/1/2021 9:46,P/A/1/3,12,15,7,6,771.13,2.51,-75,auto,377.7,374.83,475,4.69,32.4,0.77,Normal
7/1/2021 9:46,A/P/3/1,26,31,6,7,3.97,2.05,-75,auto,377.7,374.83,475,4.69,32.4,0.77,Normal
7/1/2021 9:46,P/A/1/3,13,15,6,6,727.9,1.29,-73.5,auto,377.7,374.83,475,4.69,32.4,0.77,Normal
7/1/2021 9:46,A/P/3/1,26,31,6,7,4.06,1.11,-75,auto,377.7,374.83,475,4.69,32.4,0.77,Normal
7/1/2021 9:46,P/A/1/3,12,15,6,6,558.31,0.74,-75,auto,377.7,374.83,475,4.69,32.4,0.77,Normal
7/1/2021 9:46,A/P/3/1,26,31,7,7,4.34,0.81,-75,auto,377.7,374.83,475,4.69,32.4,0.77,Normal
7/1/2021 9:46,P/A/1/3,12,15,7,6,785.99,0.2,-75,auto,377.7,374.83,475,4.69,32.4,0.77,Normal
7/1/2021 9:46,A/P/3/1,26,31,6,7,4.32,0.17,-74.5,auto,377.7,374.83,475,4.69,32.4,0.77,Normal
7/1/2021 9:46,A/P/3/1,26,31,7,7,1.38,1,-74.5,auto,499.47,493.12,81,4.69,32.4,0.77,Normal
7/1/2021 9:46,P/A/1/3,12,15,7,8,387.64,0.42,-75,auto,499.47,493.12,81,4.69,32.4,0.77,Normal
7/1/2021 9:46,A/P/3/1,27,31,8,7,1.44,0.58,-73,auto,499.47,493.12,81,4.69,32.4,0.77,Normal
7/1/2021 9:46,P/A/1/3,12,15,7,6,767.01,0.18,-75,auto,499.47,493.12,81,4.69,32.4,0.77,Normal
7/1/2021 9:46,A/P/3/1,26,30,7,6,3.76,1.18,-74.5,auto,499.47,493.12,81,4.69,32.4,0.77,Normal
7/1/2021 9:46,P/A/1/3,13,15,7,6,764.38,0.07,-74,auto,499.47,493.12,81,2.24,5.3,0.72,Normal
7/1/2021 9:46,A/P/3/1,26,30,6,8,3.86,1.08,-74.5,auto,499.47,493.12,81,2.24,5.3,0.72,Normal
7/1/2021 9:46,P/A/1/3,12,15,7,6,636.86,0.24,-75,auto,499.47,493.12,81,2.24,5.3,0.72,Normal
7/1/2021 9:46,A/P/3/1,26,30,6,6,3.99,1.05,-75,auto,499.47,493.12,81,2.24,5.3,0.72,Normal
7/1/2021 9:46,P/A/1/3,12,15,7,6,770.07,0.42,-75,auto,499.47,493.12,81,2.24,5.3,0.72,Normal
7/1/2021 9:46,A/P/3/1,26,30,6,6,4.16,2.46,-75,auto,499.47,493.12,81,2.24,5.3,0.72,Normal
7/1/2021 9:46,P/A/1/3,13,15,7,6,707.24,0.32,-74,auto,499.47,493.12,81,2.24,5.3,0.72,Normal
7/1/2021 9:46,A/P/3/1,26,30,6,6,2.01,2.07,-74.5,auto,499.47,493.12,81,2.24,5.3,0.72,Normal
7/1/2021 9:46,P/A/1/3,13,15,7,6,336.63,0.31,-74,auto,498.23,494.12,193,2.24,5.3,0.72,Normal
7/1/2021 9:46,A/P/3/1,26,30,6,7,0.27,1.33,-75,auto,498.23,494.12,193,2.24,5.3,0.72,Normal
7/1/2021 9:46,P/A/1/3,12,15,7,6,737.88,0.56,-75,auto,498.23,494.12,193,2.24,5.3,0.72,Normal
7/1/2021 9:46,A/P/3/1,26,30,6,7,4.01,1.44,-75,auto,498.23,494.12,193,2.24,5.3,0.72,Normal
7/1/2021 9:46,P/A/1/3,13,15,7,7,776.05,0.81,-74,auto,498.23,494.12,193,2.24,5.3,0.72,Normal
7/1/2021 9:46,A/P/3/1,26,30,6,7,5.05,1.21,-74.5,auto,498.23,494.12,193,2.24,5.3,0.72,Normal
7/1/2021 9:46,P/A/1/3,12,15,7,6,741.78,0.65,-75,auto,498.23,494.12,193,2.24,5.3,0.72,Normal
7/1/2021 9:46,A/P/3/1,26,30,6,7,4.85,2.11,-75,auto,498.23,494.12,193,2.24,5.3,0.72,Normal
7/1/2021 9:46,P/A/1/3,12,15,7,7,805.34,0.49,-75,auto,498.23,494.12,193,2.24,5.3,0.72,Normal
7/1/2021 9:46,A/P/3/1,26,30,6,7,3.55,0.83,-74.5,auto,498.23,494.12,193,2.24,5.3,0.72,Normal
7/1/2021 9:46,P/A/1/3,12,15,7,6,397.07,0.52,-75,auto,498.23,494.12,193,2.24,5.3,0.72,Normal
7/1/2021 9:46,A/P/3/1,26,30,7,7,3.28,0.74,-75,auto,498.23,494.12,193,2.24,5.3,0.72,Normal
7/1/2021 9:46,P/A/1/3,12,15,7,6,533.46,0.42,-75,auto,491.31,488.76,184,2.24,5.3,0.72,Normal
7/1/2021 9:46,A/P/3/1,26,30,7,7,0.06,0.84,-74.5,auto,491.31,488.76,184,2.24,5.3,0.72,Normal
7/1/2021 9:46,P/A/1/3,12,15,7,6,797.77,0.46,-75,auto,491.31,488.76,184,2.21,4.1,0.94,Normal
7/1/2021 9:46,A/P/3/1,26,30,6,7,3.9,1.95,-75,auto,491.31,488.76,184,2.21,4.1,0.94,Normal
7/1/2021 9:46,P/A/1/3,13,15,7,7,631.05,0.58,-74.5,auto,491.31,488.76,184,2.21,4.1,0.94,Normal
7/1/2021 9:46,A/P/3/1,26,30,6,6,4.02,4.54,-75,auto,491.31,488.76,184,2.21,4.1,0.94,Normal
7/1/2021 9:46,P/A/1/3,13,15,7,6,703.29,0.58,-74,auto,491.31,488.76,184,2.21,4.1,0.94,Normal
7/1/2021 9:46,A/P/3/1,26,30,7,7,4.03,1.54,-75,auto,491.31,488.76,184,2.21,4.1,0.94,Normal
7/1/2021 9:46,P/A/1/3,12,15,7,6,806.64,0.23,-75,auto,491.31,488.76,184,2.21,4.1,0.94,Normal
7/1/2021 9:46,A/P/3/1,26,30,7,7,2.91,3.33,-75,auto,491.31,488.76,184,2.21,4.1,0.94,Normal
7/1/2021 9:46,P/A/1/3,12,15,7,6,536.99,0,-75,auto,491.31,488.76,184,2.21,4.1,0.94,Normal
7/1/2021 9:46,A/P/3/1,26,30,6,7,3.01,0.61,-75,auto,491.31,488.76,184,2.21,4.1,0.94,Normal
7/1/2021 9:46,P/A/1/3,12,15,7,6,347.28,2.06,-75,auto,495.62,492.68,146,2.21,4.1,0.94,Normal
7/1/2021 9:46,A/P/3/1,26,30,7,7,0.83,1.08,-74.5,auto,495.62,492.68,146,2.21,4.1,0.94,Normal
7/1/2021 9:46,P/A/1/3,12,15,6,6,818.52,0.3,-75,auto,495.62,492.68,146,2.21,4.1,0.94,Normal
7/1/2021 9:46,A/P/3/1,26,30,6,6,1.68,1.7,-75,auto,495.62,492.68,146,2.21,4.1,0.94,Normal
7/1/2021 9:46,P/A/1/3,13,15,7,7,678.44,0,-74,auto,495.62,492.68,146,2.21,4.1,0.94,Normal
7/1/2021 9:46,A/P/3/1,26,30,6,7,4.07,1.14,-75,auto,495.62,492.68,146,2.21,4.1,0.94,Normal
7/1/2021 9:46,P/A/1/3,12,15,6,6,699.17,0.7,-75,auto,495.62,492.68,146,2.21,4.1,0.94,Normal
7/1/2021 9:46,P/A/1/3,12,15,7,6,725.22,1.67,-75,auto,495.62,492.68,146,2.21,4.1,0.94,Normal
7/1/2021 9:46,A/P/3/1,26,30,6,7,2.7,3.56,-75,auto,495.62,492.68,146,2.21,4.1,0.94,Normal
7/1/2021 9:46,P/A/1/3,12,15,7,6,590.14,1.09,-75,auto,495.62,492.68,146,2.7,7.02,0.62,Normal
7/1/2021 9:46,A/P/3/1,26,30,6,6,2.54,1.02,-75,auto,495.62,492.68,146,2.7,7.02,0.62,Normal
7/1/2021 9:46,P/A/1/3,13,15,7,6,329.66,1.21,-75,auto,495.62,492.68,146,2.7,7.02,0.62,Normal
7/1/2021 9:46,A/P/3/1,26,30,6,6,0.82,1.66,-74.5,auto,495.62,492.68,146,2.7,7.02,0.62,Normal
7/1/2021 9:46,P/A/1/3,12,15,7,6,696.99,0.8,-75,auto,499.93,499.78,92,2.7,7.02,0.62,Normal
7/1/2021 9:46,A/P/3/1,26,30,7,6,0.54,2.38,-75,auto,499.93,499.78,92,2.7,7.02,0.62,Normal
7/1/2021 9:46,A/P/3/1,26,30,6,6,2.41,0.82,-75,auto,499.93,499.78,92,2.7,7.02,0.62,Normal
7/1/2021 9:47,P/A/1/3,12,15,6,6,686.41,0.82,-75,auto,499.93,499.78,92,2.7,7.02,0.62,Normal
7/1/2021 9:47,A/P/3/1,26,30,6,7,4.02,1.01,-75,auto,499.93,499.78,92,2.7,7.02,0.62,Normal
7/1/2021 9:47,P/A/1/3,13,15,6,6,731.86,0.48,-74,auto,499.93,499.78,92,2.7,7.02,0.62,Normal
7/1/2021 9:47,A/P/3/1,26,30,6,7,3.62,2.71,-75,auto,499.93,499.78,92,2.7,7.02,0.62,Normal
7/1/2021 9:47,P/A/1/3,13,15,7,6,760.81,0.5,-74,auto,499.93,499.78,92,2.7,7.02,0.62,Normal
7/1/2021 9:47,A/P/3/1,26,30,6,6,3.81,1.3,-75,auto,499.93,499.78,92,2.7,7.02,0.62,Normal
7/1/2021 9:47,P/A/1/3,13,15,8,6,371.98,0.75,-74,auto,499.93,499.78,92,2.7,7.02,0.62,Normal
7/1/2021 9:47,A/P/3/1,26,30,6,7,3.41,1.02,-74.5,auto,499.93,499.78,92,2.7,7.02,0.62,Normal
7/1/2021 9:47,P/A/1/3,13,15,6,6,673.06,1,-73.5,auto,466.08,457.13,275,2.7,7.02,0.62,Normal
7/1/2021 9:47,A/P/3/1,26,30,7,8,0.02,0.75,-75,auto,466.08,457.13,275,2.7,7.02,0.62,Normal
7/1/2021 9:47,P/A/1/3,13,15,7,7,718.02,0.88,-74,auto,466.08,457.13,275,2.7,7.02,0.62,Normal
7/1/2021 9:47,A/P/3/1,26,30,6,7,3.41,0,-75,auto,466.08,457.13,275,2.7,7.02,0.62,Normal
7/1/2021 9:47,P/A/1/3,12,15,6,6,541.3,0.77,-75,auto,466.08,457.13,275,2.38,3.88,0.71,Normal
7/1/2021 9:47,A/P/3/1,26,30,6,7,4.1,1.32,-75,auto,466.08,457.13,275,2.38,3.88,0.71,Normal
7/1/2021 9:47,P/A/1/3,12,15,7,6,772.02,0.26,-75,auto,466.08,457.13,275,2.38,3.88,0.71,Normal
7/1/2021 9:47,A/P/3/1,26,30,6,7,3.94,1.61,-75,auto,466.08,457.13,275,2.38,3.88,0.71,Normal
7/1/2021 9:47,P/A/1/3,13,15,7,6,729.95,0.87,-74,auto,466.08,457.13,275,2.38,3.88,0.71,Normal
7/1/2021 9:47,A/P/3/1,26,30,6,7,3.94,1.21,-75,auto,466.08,457.13,275,2.38,3.88,0.71,Normal
7/1/2021 9:47,P/A/1/3,12,15,7,6,413.77,2.89,-75,auto,466.08,457.13,275,2.38,3.88,0.71,Normal
7/1/2021 9:47,A/P/3/1,26,30,6,7,3.62,4.66,-75,auto,466.08,457.13,275,2.38,3.88,0.71,Normal
7/1/2021 9:47,P/A/1/3,13,15,7,6,416.53,3.39,-74,auto,464.01,459.85,642,2.38,3.88,0.71,Normal
7/1/2021 9:47,A/P/3/1,26,30,6,7,0.3,1.59,-75,auto,464.01,459.85,642,2.38,3.88,0.71,Normal
7/1/2021 9:47,P/A/1/3,13,15,7,6,682.86,1.99,-74,auto,464.01,459.85,642,2.38,3.88,0.71,Normal
7/1/2021 9:47,A/P/3/1,26,30,6,7,1.14,3.29,-74.5,auto,464.01,459.85,642,2.38,3.88,0.71,Normal
7/1/2021 9:47,P/A/1/3,13,15,7,6,722.31,0.59,-74,auto,464.01,459.85,642,2.38,3.88,0.71,Normal
7/1/2021 9:47,A/P/3/1,26,30,7,7,3.29,2.91,-75,auto,464.01,459.85,642,2.38,3.88,0.71,Normal
7/1/2021 9:47,P/A/1/3,13,15,7,6,728.47,1.08,-73.5,auto,464.01,459.85,642,2.38,3.88,0.71,Normal
7/1/2021 9:47,A/P/3/1,27,30,7,7,3.86,2.23,-73.5,auto,464.01,459.85,642,2.38,3.88,0.71,Normal
7/1/2021 9:47,P/A/1/3,12,15,7,6,797.11,0.58,-75,auto,464.01,459.85,642,2.38,3.88,0.71,Normal
7/1/2021 9:47,A/P/3/1,26,31,6,7,3.8,1.24,-73.5,auto,464.01,459.85,642,2.38,3.88,0.71,Normal
7/1/2021 9:47,P/A/1/3,13,15,7,6,585.88,0.25,-73.5,auto,464.01,459.85,642,2.38,3.88,0.71,Normal
7/1/2021 9:47,A/P/3/1,26,31,8,7,4.06,1.01,-73.5,auto,464.01,459.85,642,2.38,3.88,0.71,Normal
7/1/2021 9:47,P/A/1/3,12,15,7,7,259.74,0.25,-75,auto,473.49,469.98,148,3.11,10.26,0.72,Normal
7/1/2021 9:47,A/P/3/1,26,31,7,7,1.52,1.51,-74.5,auto,473.49,469.98,148,3.11,10.26,0.72,Normal
7/1/2021 9:47,P/A/1/3,13,15,7,6,833.04,0.58,-73.5,auto,473.49,469.98,148,3.11,10.26,0.72,Normal
7/1/2021 9:47,A/P/3/1,26,31,6,7,1.08,1.72,-74.75,auto,473.49,469.98,148,3.11,10.26,0.72,Normal
7/1/2021 9:47,P/A/1/3,12,15,7,7,615.6,0.48,-75,auto,473.49,469.98,148,3.11,10.26,0.72,Normal
7/1/2021 9:47,A/P/3/1,26,31,6,7,4.05,1.36,-75,auto,473.49,469.98,148,3.11,10.26,0.72,Normal
7/1/2021 9:47,P/A/1/3,13,15,7,7,764.22,0.65,-73.5,auto,473.49,469.98,148,3.11,10.26,0.72,Normal
7/1/2021 9:47,A/P/3/1,27,31,7,7,4,0.73,-73.5,auto,473.49,469.98,148,3.11,10.26,0.72,Normal
7/1/2021 9:47,P/A/1/3,13,15,7,7,786.13,0.94,-74,auto,473.49,469.98,148,3.11,10.26,0.72,Normal
7/1/2021 9:47,A/P/3/1,26,31,7,7,3.36,1.45,-73.5,auto,473.49,469.98,148,3.11,10.26,0.72,Normal
7/1/2021 9:47,P/A/1/3,12,15,6,6,800.23,1.39,-75.5,auto,473.49,469.98,148,3.11,10.26,0.72,Normal
7/1/2021 9:47,A/P/3/1,26,29,6,7,3.67,1.24,-75,auto,473.49,469.98,148,3.11,10.26,0.72,Normal
7/1/2021 9:47,P/A/1/3,12,15,6,6,290.81,1.26,-75,auto,473.49,469.98,148,3.11,10.26,0.72,Normal
7/1/2021 9:47,P/A/1/3,12,15,6,6,591.75,3.19,-75,auto,489.45,486.37,174,3.11,10.26,0.72,Normal
7/1/2021 9:47,A/P/3/1,26,29,6,6,0.02,2.11,-75,auto,489.45,486.37,174,3.11,10.26,0.72,Normal
7/1/2021 9:47,P/A/1/3,12,15,7,6,668.2,0.63,-75.5,auto,489.45,486.37,174,3.11,10.26,0.72,Normal
7/1/2021 9:47,A/P/3/1,26,29,6,6,4.53,1.41,-74.5,auto,489.45,486.37,174,3.11,10.26,0.72,Normal
7/1/2021 9:47,P/A/1/3,13,15,6,6,785.85,0.73,-74,auto,489.45,486.37,174,3.11,10.26,0.72,Normal
7/1/2021 9:47,A/P/3/1,26,29,6,6,4.27,1.96,-75,auto,489.45,486.37,174,3.11,10.26,0.72,Normal
7/1/2021 9:47,P/A/1/3,13,15,6,6,619.14,0.75,-74,auto,489.45,486.37,174,6.14,40.75,0.66,Normal
7/1/2021 9:47,A/P/3/1,26,29,7,7,3.77,1,-75,auto,489.45,486.37,174,6.14,40.75,0.66,Normal
7/1/2021 9:47,P/A/1/3,12,15,7,6,817.05,0.49,-75,auto,489.45,486.37,174,6.14,40.75,0.66,Normal
7/1/2021 9:47,A/P/3/1,27,29,7,7,1.69,0,-73.5,auto,489.45,486.37,174,6.14,40.75,0.66,Normal
7/1/2021 9:47,P/A/1/3,12,15,7,6,494.93,0.63,-75,auto,489.45,486.37,174,6.14,40.75,0.66,Normal
7/1/2021 9:47,A/P/3/1,26,31,6,7,3.71,1.17,-75,auto,489.45,486.37,174,6.14,40.75,0.66,Normal
7/1/2021 9:47,A/P/3/1,26,31,6,7,0.49,1.67,-75,auto,499.54,494.7,107,6.14,40.75,0.66,Normal
7/1/2021 9:47,P/A/1/3,12,15,7,6,622.28,0.92,-75,auto,499.54,494.7,107,6.14,40.75,0.66,Normal
7/1/2021 9:47,A/P/3/1,26,31,7,7,1.77,0.73,-75,auto,499.54,494.7,107,6.14,40.75,0.66,Normal
7/1/2021 9:47,P/A/1/3,12,15,7,6,720.61,1.06,-75,auto,499.54,494.7,107,6.14,40.75,0.66,Normal
7/1/2021 9:47,A/P/3/1,26,31,6,7,4.68,1.24,-74.5,auto,499.54,494.7,107,6.14,40.75,0.66,Normal
7/1/2021 9:47,P/A/1/3,12,15,7,7,786.69,1.2,-75,auto,499.54,494.7,107,6.14,40.75,0.66,Normal
7/1/2021 9:47,A/P/3/1,26,31,6,7,2.72,1.52,-75,auto,499.54,494.7,107,6.14,40.75,0.66,Normal
7/1/2021 9:47,P/A/1/3,12,14,7,6,511.9,0.86,-75,auto,499.54,494.7,107,6.14,40.75,0.66,Normal
7/1/2021 9:47,A/P/3/1,27,31,7,7,2.57,8.49,-73,auto,499.54,494.7,107,6.14,40.75,0.66,Normal
7/1/2021 9:47,P/A/1/3,13,14,7,6,406.87,0.52,-74,auto,499.54,494.7,107,6.14,40.75,0.66,Normal
7/1/2021 9:47,A/P/3/1,26,31,6,7,1.56,6.05,-75.5,auto,499.54,494.7,107,6.14,40.75,0.66,Normal
7/1/2021 9:47,P/A/1/3,12,14,7,6,301.84,0.51,-75,auto,480.13,478.25,98,6.14,40.75,0.66,Normal
7/1/2021 9:47,A/P/3/1,26,31,6,7,0.74,3.61,-75,auto,480.13,478.25,98,6.14,40.75,0.66,Normal
7/1/2021 9:47,P/A/1/3,12,14,7,7,353.38,0.52,-75,auto,480.13,478.25,98,2.36,4.62,0.52,Normal
7/1/2021 9:47,A/P/3/1,26,31,6,7,0.32,17.05,-75,auto,480.13,478.25,98,2.36,4.62,0.52,Normal
7/1/2021 9:47,P/A/1/3,12,14,7,6,416,0.52,-75,auto,480.13,478.25,98,2.36,4.62,0.52,Normal
7/1/2021 9:47,A/P/3/1,26,31,4,7,1.91,4.96,-75,auto,480.13,478.25,98,2.36,4.62,0.52,Normal
7/1/2021 9:47,P/A/1/3,12,14,7,4,481.3,0.68,-75,auto,480.13,478.25,98,2.36,4.62,0.52,Normal
7/1/2021 9:47,A/P/3/1,26,31,7,7,1.83,10.69,-75,auto,480.13,478.25,98,2.36,4.62,0.52,Normal
7/1/2021 9:47,P/A/1/3,12,15,7,7,683.27,0.83,-75,auto,480.13,478.25,98,2.36,4.62,0.52,Normal
7/1/2021 9:47,A/P/3/1,26,31,6,7,1.76,1.08,-74.5,auto,480.13,478.25,98,2.36,4.62,0.52,Normal
7/1/2021 9:47,P/A/1/3,13,14,7,6,503.27,0.99,-73.5,auto,480.13,478.25,98,2.36,4.62,0.52,Normal
7/1/2021 9:47,A/P/3/1,26,31,6,7,3.24,2.08,-75,auto,480.13,478.25,98,2.36,4.62,0.52,Normal
7/1/2021 9:47,P/A/1/3,13,14,6,6,323.28,1.54,-74,auto,480.13,478.25,98,2.36,4.62,0.52,Normal
7/1/2021 9:47,A/P/3/1,26,31,6,6,1.4,3.07,-75,auto,480.13,478.25,98,2.36,4.62,0.52,Normal
7/1/2021 9:47,P/A/1/3,12,14,7,7,401.64,0.57,-75,auto,393.34,377.69,612,2.36,4.62,0.52,Normal
7/1/2021 9:47,A/P/3/1,26,31,6,6,0.02,5.3,-75,auto,393.34,377.69,612,2.36,4.62,0.52,Normal
7/1/2021 9:47,P/A/1/3,12,14,7,4,420.35,0.55,-75,auto,393.34,377.69,612,2.36,4.62,0.52,Normal
7/1/2021 9:47,A/P/3/1,27,31,6,7,2.72,3.36,-73.5,auto,393.34,377.69,612,2.36,4.62,0.52,Normal
7/1/2021 9:47,P/A/1/3,12,14,7,6,376.42,0.22,-75,auto,393.34,377.69,612,2.36,4.62,0.52,Normal
7/1/2021 9:47,A/P/3/1,26,31,6,6,1.44,8.03,-75,auto,393.34,377.69,612,2.36,4.62,0.52,Normal
7/1/2021 9:47,P/A/1/3,12,14,6,6,400.18,0.19,-75,auto,393.34,377.69,612,2.36,4.62,0.52,Normal
7/1/2021 9:47,A/P/3/1,26,31,6,7,1.87,5.6,-75,auto,393.34,377.69,612,2.36,4.62,0.52,Normal
7/1/2021 9:47,P/A/1/3,12,14,7,7,475.1,0.29,-75,auto,393.34,377.69,612,2.36,4.62,0.52,Normal
7/1/2021 9:47,A/P/3/1,26,31,6,7,1.34,7.53,-75,auto,393.34,377.69,612,2.36,4.62,0.52,Normal
7/1/2021 9:47,P/A/1/3,12,15,6,7,395.29,0.69,-75,auto,393.34,377.69,612,2.36,4.62,0.52,Normal
7/1/2021 9:47,A/P/3/1,27,31,6,6,1.94,6.25,-73.5,auto,393.34,377.69,612,2.36,4.62,0.52,Normal
7/1/2021 9:47,P/A/1/3,12,15,7,6,376.02,0.26,-75,auto,393.34,377.69,612,2.36,4.62,0.52,Normal
7/1/2021 9:47,A/P/3/1,26,31,7,6,0.44,1.5,-74.5,auto,393.34,377.69,612,2.36,4.62,0.52,Normal
7/1/2021 9:47,P/A/1/3,12,15,7,6,630.09,0.13,-75,auto,393.34,377.69,612,2.36,4.62,0.52,Normal
7/1/2021 9:47,A/P/3/1,26,31,6,7,2.84,0.98,-74.5,auto,393.34,377.69,612,2.36,4.62,0.52,Normal
7/1/2021 9:47,P/A/1/3,12,15,7,6,759.72,0.27,-75,auto,393.34,377.69,612,2.36,4.62,0.52,Normal
7/1/2021 9:47,P/A/1/3,13,15,7,7,787.3,0.34,-73.5,auto,393.34,377.69,612,2.36,4.62,0.52,Normal
7/1/2021 9:47,A/P/3/1,26,31,7,7,5.72,1.03,-74.5,auto,393.34,377.69,612,2.36,4.62,0.52,Normal
7/1/2021 9:47,P/A/1/3,13,15,8,6,786.52,0.41,-74,auto,393.34,377.69,612,2.36,4.62,0.52,Normal
7/1/2021 9:47,A/P/3/1,26,31,6,6,5.59,0.74,-74.5,auto,393.34,377.69,612,2.36,4.62,0.52,Normal
7/1/2021 9:47,P/A/1/3,13,15,6,6,630.78,0.48,-74,auto,393.34,377.69,612,2.36,4.62,0.52,Normal
7/1/2021 9:47,A/P/3/1,26,31,6,6,5.46,0.96,-75,auto,393.34,377.69,612,2.36,4.62,0.52,Normal
6/19/2021 10:57,P/A/1/3,13,14,8,6,584.22,0.96,-73,auto,362.82,361.55,417,10.4,64.16,0.36,Long-term blockage
6/19/2021 10:57,A/P/3/1,27,31,7,7,4.35,1.07,-72,auto,362.82,361.55,417,10.4,64.16,0.36,Long-term blockage
6/19/2021 10:57,P/A/1/3,13,14,7,7,564.9,0.96,-73,auto,362.82,361.55,417,10.4,64.16,0.36,Long-term blockage
6/19/2021 10:57,A/P/3/1,27,31,7,8,4.22,1.2,-72.5,auto,362.82,361.55,417,10.4,64.16,0.36,Long-term blockage
6/19/2021 10:57,P/A/1/3,12,15,7,7,571.4,0,-74.5,auto,362.82,361.55,417,10.4,64.16,0.36,Long-term blockage
6/19/2021 10:57,A/P/3/1,26,30,7,7,3.81,5.51,-73.5,auto,362.82,361.55,417,10.4,64.16,0.36,Long-term blockage
6/19/2021 10:57,P/A/1/3,12,15,7,7,482.2,1.13,-74.5,auto,362.82,361.55,417,10.4,64.16,0.36,Long-term blockage
6/19/2021 10:57,A/P/3/1,27,30,7,7,2.68,0.89,-71.5,auto,362.82,361.55,417,10.4,64.16,0.36,Long-term blockage
6/19/2021 10:57,P/A/1/3,12,15,7,6,229.02,0.16,-74.5,auto,484.59,482.84,143,10.4,64.16,0.36,Long-term blockage
6/19/2021 10:57,A/P/3/1,26,30,6,7,0.09,7.19,-73,auto,484.59,482.84,143,10.4,64.16,0.36,Long-term blockage
6/19/2021 10:57,A/P/3/1,27,30,8,6,3.27,1.95,-72,auto,484.59,482.84,143,10.4,64.16,0.36,Long-term blockage
6/19/2021 10:57,P/A/1/3,13,15,7,8,219.99,0.64,-74.67,auto,484.59,482.84,143,10.4,64.16,0.36,Long-term blockage
6/19/2021 10:57,A/P/3/1,26,30,6,7,3.95,1.15,-74,auto,484.59,482.84,143,10.4,64.16,0.36,Long-term blockage
6/19/2021 10:57,P/A/1/3,12,14,6,6,553.78,0.21,-75,auto,484.59,482.84,143,10.4,64.16,0.36,Long-term blockage
6/19/2021 10:57,A/P/3/1,27,30,7,8,3.44,0.15,-72,auto,484.59,482.84,143,10.4,64.16,0.36,Long-term blockage
6/19/2021 10:57,P/A/1/3,13,14,7,7,421.5,0,-73,auto,484.59,482.84,143,1.95,7.32,0.68,Long-term blockage
6/19/2021 10:57,A/P/3/1,26,31,7,7,4.39,1.37,-74.5,auto,484.59,482.84,143,1.95,7.32,0.68,Long-term blockage
6/19/2021 10:57,P/A/1/3,13,14,8,7,289.21,0.18,-73,auto,484.59,482.84,143,1.95,7.32,0.68,Long-term blockage
6/19/2021 10:57,A/P/3/1,27,30,6,7,4.91,1,-72.5,auto,484.59,482.84,143,1.95,7.32,0.68,Long-term blockage
6/19/2021 10:57,P/A/1/3,13,14,8,6,267.67,0.37,-73,auto,499.92,499.79,88,1.95,7.32,0.68,Long-term blockage
6/19/2021 10:57,A/P/3/1,26,30,6,7,0.25,8.56,-73.5,auto,499.92,499.79,88,1.95,7.32,0.68,Long-term blockage
6/19/2021 10:57,P/A/1/3,13,14,7,7,572.93,1.03,-73,auto,499.92,499.79,88,1.95,7.32,0.68,Long-term blockage
6/19/2021 10:57,P/A/1/3,12,14,7,7,555.23,1.97,-74.5,auto,499.92,499.79,88,1.95,7.32,0.68,Long-term blockage
6/19/2021 10:57,A/P/3/1,26,30,7,7,4.45,1.02,-74,auto,499.92,499.79,88,1.95,7.32,0.68,Long-term blockage
6/19/2021 10:57,P/A/1/3,12,15,7,8,573.12,2.91,-74.5,auto,499.92,499.79,88,1.95,7.32,0.68,Long-term blockage
6/19/2021 10:57,A/P/3/1,27,31,7,7,4.49,0.97,-72,auto,499.92,499.79,88,1.95,7.32,0.68,Long-term blockage
6/19/2021 10:57,P/A/1/3,12,15,7,7,476.82,1.68,-74.5,auto,499.92,499.79,88,1.95,7.32,0.68,Long-term blockage
6/19/2021 10:57,A/P/3/1,26,29,6,7,4.55,2.06,-73.5,auto,499.92,499.79,88,1.95,7.32,0.68,Long-term blockage
6/19/2021 10:57,P/A/1/3,12,15,7,7,271.67,0.44,-74.5,auto,499.92,499.79,88,1.95,7.32,0.68,Long-term blockage
6/19/2021 10:57,A/P/3/1,26,29,7,7,2.74,2.38,-73.5,auto,499.92,499.79,88,1.95,7.32,0.68,Long-term blockage
6/19/2021 10:57,P/A/1/3,12,15,7,7,161.38,0.61,-74.5,auto,469.25,465.12,149,1.95,7.32,0.68,Long-term blockage
6/19/2021 10:57,A/P/3/1,26,29,7,7,0.48,4.94,-73,auto,469.25,465.12,149,1.95,7.32,0.68,Long-term blockage
6/19/2021 10:57,A/P/3/1,26,29,7,7,2.27,3.9,-73.5,auto,469.25,465.12,149,1.95,7.32,0.68,Long-term blockage
6/19/2021 10:57,P/A/1/3,12,15,7,8,546.95,1.03,-74.5,auto,469.25,465.12,149,1.95,7.32,0.68,Long-term blockage
6/19/2021 10:57,P/A/1/3,12,15,7,8,498.22,0.45,-74.5,auto,469.25,465.12,149,3.58,22.01,0.32,Long-term blockage
6/19/2021 10:57,A/P/3/1,26,29,7,6,3.28,3.22,-73.5,auto,469.25,465.12,149,3.58,22.01,0.32,Long-term blockage
6/19/2021 10:57,P/A/1/3,13,15,7,8,455.49,0.57,-73.5,auto,469.25,465.12,149,3.58,22.01,0.32,Long-term blockage
6/19/2021 10:57,A/P/3/1,26,29,7,7,2.75,6.47,-73.5,auto,469.25,465.12,149,3.58,22.01,0.32,Long-term blockage
6/19/2021 10:57,P/A/1/3,13,15,7,8,525.66,0.9,-73,auto,469.25,465.12,149,3.58,22.01,0.32,Long-term blockage
6/19/2021 10:57,A/P/3/1,26,30,7,8,3.4,2.1,-73.5,auto,469.25,465.12,149,3.58,22.01,0.32,Long-term blockage
6/19/2021 10:57,P/A/1/3,12,15,7,7,402.35,1.22,-74.5,auto,469.25,465.12,149,3.58,22.01,0.32,Long-term blockage
6/19/2021 10:57,A/P/3/1,26,30,6,8,3.07,5.97,-73.25,auto,469.25,465.12,149,3.58,22.01,0.32,Long-term blockage
6/19/2021 10:57,P/A/1/3,13,15,8,7,120.77,1.37,-73,auto,448.31,446.91,252,3.58,22.01,0.32,Long-term blockage
6/19/2021 10:57,A/P/3/1,26,30,7,8,0.71,5.55,-73,auto,448.31,446.91,252,3.58,22.01,0.32,Long-term blockage
6/19/2021 10:57,A/P/3/1,26,30,7,7,1.88,3.25,-73.5,auto,448.31,446.91,252,3.58,22.01,0.32,Long-term blockage
6/19/2021 10:57,P/A/1/3,12,15,7,7,449.73,2.07,-74.5,auto,448.31,446.91,252,3.58,22.01,0.32,Long-term blockage
6/19/2021 10:57,P/A/1/3,13,15,7,8,403.28,0.15,-73,auto,448.31,446.91,252,3.58,22.01,0.32,Long-term blockage
6/19/2021 10:57,A/P/3/1,26,30,8,7,2.82,4.25,-73.5,auto,448.31,446.91,252,3.58,22.01,0.32,Long-term blockage
6/19/2021 10:57,P/A/1/3,13,15,7,7,593.93,0.38,-73,auto,448.31,446.91,252,3.58,22.01,0.32,Long-term blockage
6/19/2021 10:57,A/P/3/1,26,31,8,7,3.09,5.3,-73.5,auto,448.31,446.91,252,3.58,22.01,0.32,Long-term blockage
6/19/2021 10:57,P/A/1/3,13,15,8,7,435.13,0.61,-73,auto,448.31,446.91,252,3.58,22.01,0.32,Long-term blockage
6/19/2021 10:57,A/P/3/1,26,31,7,7,2.97,0.11,-73.5,auto,448.31,446.91,252,3.58,22.01,0.32,Long-term blockage
6/19/2021 10:57,P/A/1/3,13,15,8,7,364.09,0.84,-73,auto,448.31,446.91,252,3.58,22.01,0.32,Long-term blockage
6/19/2021 10:57,A/P/3/1,26,31,7,8,2.78,4.96,-73.5,auto,448.31,446.91,252,3.58,22.01,0.32,Long-term blockage
6/19/2021 10:57,P/A/1/3,13,15,7,7,106.37,0.89,-73,auto,408.82,407.18,294,1.32,2.35,0.41,Long-term blockage
6/19/2021 10:57,A/P/3/1,27,31,8,8,1.05,5.75,-71.5,auto,408.82,407.18,294,1.32,2.35,0.41,Long-term blockage
6/19/2021 10:57,A/P/3/1,26,31,7,7,1.83,3.17,-73.5,auto,408.82,407.18,294,1.32,2.35,0.41,Long-term blockage
6/19/2021 10:57,P/A/1/3,12,15,7,7,425.34,1.32,-74.5,auto,408.82,407.18,294,1.32,2.35,0.41,Long-term blockage
6/19/2021 10:57,P/A/1/3,12,15,7,7,594.36,0.71,-74.5,auto,408.82,407.18,294,1.32,2.35,0.41,Long-term blockage
6/19/2021 10:57,A/P/3/1,26,31,7,7,2.96,8.52,-73.5,auto,408.82,407.18,294,1.32,2.35,0.41,Long-term blockage
6/19/2021 10:57,P/A/1/3,12,14,7,7,684.63,0.58,-74.5,auto,408.82,407.18,294,1.32,2.35,0.41,Long-term blockage
6/19/2021 10:57,A/P/3/1,26,30,6,7,3.5,1.26,-74.5,auto,408.82,407.18,294,1.32,2.35,0.41,Long-term blockage
6/19/2021 10:57,P/A/1/3,13,15,7,7,518.77,1.19,-73,auto,408.82,407.18,294,1.32,2.35,0.41,Long-term blockage
6/19/2021 10:57,A/P/3/1,27,30,8,7,4.61,0.42,-71.5,auto,408.82,407.18,294,1.32,2.35,0.41,Long-term blockage
6/19/2021 10:57,P/A/1/3,12,15,7,8,352.92,0.76,-74.5,auto,408.82,407.18,294,1.32,2.35,0.41,Long-term blockage
6/19/2021 10:57,A/P/3/1,26,30,7,7,2.84,0.17,-73.5,auto,408.82,407.18,294,1.32,2.35,0.41,Long-term blockage
6/19/2021 10:57,A/P/3/1,27,30,8,7,1.3,1.28,-71.5,auto,460.16,458,265,1.32,2.35,0.41,Long-term blockage
6/19/2021 10:57,P/A/1/3,12,15,8,8,440.8,0.56,-74.5,auto,460.16,458,265,1.32,2.35,0.41,Long-term blockage
6/19/2021 10:57,A/P/3/1,27,30,8,8,2.01,2.39,-72,auto,460.16,458,265,1.32,2.35,0.41,Long-term blockage
6/19/2021 10:57,P/A/1/3,13,15,7,7,528.69,0.72,-73,auto,460.16,458,265,1.32,2.35,0.41,Long-term blockage
6/19/2021 10:57,P/A/1/3,12,15,7,7,462.26,1.03,-74.5,auto,460.16,458,265,1.32,2.35,0.41,Long-term blockage
6/19/2021 10:57,A/P/3/1,26,30,7,7,3.01,2.64,-73.5,auto,460.16,458,265,1.32,2.35,0.41,Long-term blockage
6/19/2021 10:57,P/A/1/3,13,15,7,7,418.87,0.7,-73,auto,460.16,458,265,1.32,2.35,0.41,Long-term blockage
6/19/2021 10:57,A/P/3/1,26,30,7,7,2.88,4.04,-73.5,auto,460.16,458,265,1.32,2.35,0.41,Long-term blockage
6/19/2021 10:57,P/A/1/3,13,15,8,8,476.61,0.37,-73,auto,460.16,458,265,1.32,2.35,0.41,Long-term blockage
6/19/2021 10:57,A/P/3/1,26,30,7,7,2.42,4.03,-73.5,auto,460.16,458,265,1.32,2.35,0.41,Long-term blockage
6/19/2021 10:57,P/A/1/3,12,15,7,7,625.31,1.05,-73.75,auto,460.16,458,265,1.32,2.35,0.41,Long-term blockage
6/19/2021 10:57,A/P/3/1,27,30,8,7,3.74,1.76,-72,auto,460.16,458,265,1.32,2.35,0.41,Long-term blockage
6/19/2021 10:57,A/P/3/1,26,29,8,7,1.53,11,-73,auto,439.87,437.01,233,1.32,2.35,0.41,Long-term blockage
6/19/2021 10:57,P/A/1/3,12,15,7,7,35.49,1.01,-74.5,auto,439.87,437.01,233,1.32,2.35,0.41,Long-term blockage
6/19/2021 10:57,P/A/1/3,12,15,7,8,401,0.71,-74.5,auto,439.87,437.01,233,1.32,2.35,0.41,Long-term blockage
6/19/2021 10:57,A/P/3/1,26,29,7,7,1.18,4.46,-73.5,auto,439.87,437.01,233,1.32,2.35,0.41,Long-term blockage
6/19/2021 10:57,P/A/1/3,12,15,7,7,526.38,0.41,-74.5,auto,439.87,437.01,233,1.32,2.35,0.41,Long-term blockage
6/19/2021 10:57,A/P/3/1,26,29,7,7,2.91,5.14,-73.5,auto,439.87,437.01,233,1.32,2.35,0.41,Long-term blockage
6/19/2021 10:57,P/A/1/3,12,15,7,7,423.07,0.11,-75,auto,439.87,437.01,233,1.32,2.35,0.41,Long-term blockage
6/19/2021 10:57,A/P/3/1,26,29,8,7,2.67,4.06,-73.5,auto,439.87,437.01,233,1.32,2.35,0.41,Long-term blockage
6/19/2021 10:57,P/A/1/3,12,15,7,7,421.39,0.17,-74.5,auto,439.87,437.01,233,1.32,2.35,0.41,Long-term blockage
6/19/2021 10:57,P/A/1/3,12,15,7,7,257.55,0.17,-74.5,auto,439.87,437.01,233,1.32,2.35,0.41,Long-term blockage
6/19/2021 10:57,A/P/3/1,26,29,7,7,2.59,5.25,-73.17,auto,439.87,437.01,233,1.32,2.35,0.41,Long-term blockage
6/19/2021 10:57,A/P/3/1,26,29,7,7,1.87,4.51,-73,auto,439.87,437.01,233,1.32,2.35,0.41,Long-term blockage
6/19/2021 10:57,P/A/1/3,12,15,7,6,93.71,0.12,-74.5,auto,439.87,437.01,233,1.32,2.35,0.41,Long-term blockage
6/19/2021 10:58,A/P/3/1,26,29,7,7,0.83,3.31,-73.5,auto,439.87,437.01,233,1.32,2.35,0.41,Long-term blockage
8/2/2021 17:00,P/A/1/3,4,6,7,8,778.52,0.34,-74,auto,454.36,450.76,513,16.84,41.09,1.27,Short-term blockage
8/2/2021 17:00,A/P/3/1,16,18,8,7,3.13,0.58,-74,auto,454.36,450.76,513,16.84,41.09,1.27,Short-term blockage
8/2/2021 17:00,P/A/1/3,4,6,8,9,778.27,0.44,-73.5,auto,422.92,418.91,90,17.92,37.02,1.27,Short-term blockage
8/2/2021 17:00,A/P/3/1,16,18,8,7,3.3,1.25,-74,auto,422.92,418.91,90,17.92,37.02,1.27,Short-term blockage
8/2/2021 17:00,P/A/1/3,4,6,9,9,755.58,0.54,-73,auto,422.92,418.91,90,17.92,37.02,1.27,Short-term blockage
8/2/2021 17:00,A/P/3/1,16,18,9,8,3.18,0.25,-73.5,auto,422.92,418.91,90,17.92,37.02,1.27,Short-term blockage
8/2/2021 17:00,P/A/1/3,4,6,8,9,682.4,0.59,-73.25,auto,422.92,418.91,90,17.92,37.02,1.27,Short-term blockage
8/2/2021 17:00,A/P/3/1,16,18,9,9,2.91,0.08,-73.5,auto,422.92,418.91,90,17.92,37.02,1.27,Short-term blockage
8/2/2021 17:00,P/A/1/3,4,6,8,8,11.46,0.57,-73.5,auto,422.92,418.91,90,17.92,37.02,1.27,Short-term blockage
8/2/2021 17:00,A/P/3/1,16,18,9,8,2.63,1.19,-73.5,auto,422.92,418.91,90,17.92,37.02,1.27,Short-term blockage
8/2/2021 17:00,P/A/1/3,4,6,8,8,769.57,0.74,-74,auto,422.92,418.91,90,17.92,37.02,1.27,Short-term blockage
8/2/2021 17:00,A/P/3/1,16,18,8,8,0.16,1.38,-74,auto,422.92,418.91,90,17.92,37.02,1.27,Short-term blockage
8/2/2021 17:00,A/P/3/1,16,18,8,7,3.22,1.11,-74,auto,422.92,418.91,90,17.92,37.02,1.27,Short-term blockage
8/2/2021 17:00,P/A/1/3,4,6,7,8,757.66,0.72,-73.5,auto,422.92,418.91,90,17.92,37.02,1.27,Short-term blockage
8/2/2021 17:00,P/A/1/3,4,6,8,9,789.85,0.71,-73.5,auto,453.62,446.55,26,17.92,37.02,1.27,Short-term blockage
8/2/2021 17:00,A/P/3/1,16,18,9,7,2.95,0.88,-73.5,auto,453.62,446.55,26,17.92,37.02,1.27,Short-term blockage
8/2/2021 17:00,P/A/1/3,4,6,8,9,763.49,0.69,-73.5,auto,453.62,446.55,26,17.92,37.02,1.27,Short-term blockage
8/2/2021 17:00,A/P/3/1,17,18,9,7,3.23,0.64,-73,auto,453.62,446.55,26,17.92,37.02,1.27,Short-term blockage
8/2/2021 17:00,P/A/1/3,4,6,7,8,753.95,0.33,-74,auto,453.62,446.55,26,17.92,37.02,1.27,Short-term blockage
8/2/2021 17:00,A/P/3/1,16,18,8,8,3.03,1.14,-74,auto,453.62,446.55,26,17.92,37.02,1.27,Short-term blockage
8/2/2021 17:00,P/A/1/3,4,6,8,8,5.3,0.34,-74,auto,453.62,446.55,26,17.92,37.02,1.27,Short-term blockage
8/2/2021 17:00,A/P/3/1,16,18,8,8,2.99,1.1,-74,auto,453.62,446.55,26,17.92,37.02,1.27,Short-term blockage
8/2/2021 17:00,P/A/1/3,4,6,8,8,671.66,0.35,-73.5,auto,453.62,446.55,26,11.97,36.52,1.31,Short-term blockage
8/2/2021 17:00,A/P/3/1,16,18,8,8,0.02,1.07,-74,auto,453.62,446.55,26,11.97,36.52,1.31,Short-term blockage
8/2/2021 17:00,P/A/1/3,4,6,7,9,752.95,1.04,-74,auto,453.62,446.55,26,11.97,36.52,1.31,Short-term blockage
8/2/2021 17:00,A/P/3/1,16,18,9,8,2.93,0.31,-74.5,auto,453.62,446.55,26,11.97,36.52,1.31,Short-term blockage
8/2/2021 17:00,A/P/3/1,16,18,8,7,3.29,0.14,-74.17,auto,440.84,437.28,14,11.97,36.52,1.31,Short-term blockage
8/2/2021 17:00,P/A/1/3,4,6,7,8,754.16,0.69,-73.5,auto,440.84,437.28,14,11.97,36.52,1.31,Short-term blockage
8/2/2021 17:00,A/P/3/1,16,18,9,7,2.95,0.88,-73.83,auto,440.84,437.28,14,11.97,36.52,1.31,Short-term blockage
8/2/2021 17:00,P/A/1/3,4,6,7,9,752.49,0.7,-73.5,auto,440.84,437.28,14,11.97,36.52,1.31,Short-term blockage
8/2/2021 17:00,A/P/3/1,16,18,8,8,3.35,0.74,-73.5,auto,440.84,437.28,14,11.97,36.52,1.31,Short-term blockage
8/2/2021 17:00,P/A/1/3,4,6,7,8,99.05,0.52,-74,auto,440.84,437.28,14,11.97,36.52,1.31,Short-term blockage
8/2/2021 17:00,A/P/3/1,16,18,9,7,3,0.58,-74,auto,440.84,437.28,14,11.97,36.52,1.31,Short-term blockage
8/2/2021 17:00,P/A/1/3,4,6,8,8,594.35,0.33,-74,auto,440.84,437.28,14,11.97,36.52,1.31,Short-term blockage
8/2/2021 17:00,A/P/3/1,16,18,8,7,2.8,1.48,-73.5,auto,440.84,437.28,14,11.97,36.52,1.31,Short-term blockage
8/2/2021 17:00,P/A/1/3,4,6,7,8,795.32,0.96,-74,auto,440.84,437.28,14,11.97,36.52,1.31,Short-term blockage
8/2/2021 17:00,A/P/3/1,16,18,9,8,2.61,0.76,-73.5,auto,440.84,437.28,14,11.97,36.52,1.31,Short-term blockage
8/2/2021 17:00,P/A/1/3,4,6,7,8,818.5,1.52,-73.5,auto,448.78,439.25,6,11.97,36.52,1.31,Short-term blockage
8/2/2021 17:00,A/P/3/1,16,18,8,7,3.12,0.94,-74,auto,448.78,439.25,6,11.97,36.52,1.31,Short-term blockage
8/2/2021 17:00,A/P/3/1,16,18,8,8,3.3,1.08,-74,auto,448.78,439.25,6,11.97,36.52,1.31,Short-term blockage
8/2/2021 17:00,P/A/1/3,4,6,8,8,810.47,0.25,-73.5,auto,448.78,439.25,6,11.97,36.52,1.31,Short-term blockage
8/2/2021 17:00,P/A/1/3,4,6,7,8,807.4,0.78,-74,auto,448.78,439.25,6,13.4,40.02,1.27,Short-term blockage
8/2/2021 17:00,A/P/3/1,16,18,8,8,3.14,0.19,-74.5,auto,448.78,439.25,6,13.4,40.02,1.27,Short-term blockage
8/2/2021 17:00,P/A/1/3,4,6,8,8,186.23,0.24,-73.5,auto,448.78,439.25,6,13.4,40.02,1.27,Short-term blockage
8/2/2021 17:00,P/A/1/3,4,7,8,8,478.15,0.38,-73,auto,448.78,439.25,6,13.4,40.02,1.27,Short-term blockage
8/2/2021 17:00,A/P/3/1,16,18,8,8,0.61,1.3,-73.5,auto,448.78,439.25,6,13.4,40.02,1.27,Short-term blockage
8/2/2021 17:00,A/P/3/1,16,18,8,8,3.44,0.67,-74,auto,448.78,439.25,6,13.4,40.02,1.27,Short-term blockage
8/2/2021 17:00,P/A/1/3,4,7,8,8,775.08,0.32,-73.5,auto,448.78,439.25,6,13.4,40.02,1.27,Short-term blockage
8/2/2021 17:00,A/P/3/1,16,17,9,8,3.64,1.08,-74,auto,448.78,439.25,6,13.4,40.02,1.27,Short-term blockage
8/2/2021 17:00,P/A/1/3,4,7,8,8,778.02,0.29,-73.5,auto,463.41,459.97,42,13.4,40.02,1.27,Short-term blockage
8/2/2021 17:00,A/P/3/1,16,17,8,8,3.28,1.48,-74,auto,463.41,459.97,42,13.4,40.02,1.27,Short-term blockage
8/2/2021 17:00,P/A/1/3,4,7,8,8,753.81,0.23,-73.5,auto,463.41,459.97,42,13.4,40.02,1.27,Short-term blockage
8/2/2021 17:00,A/P/3/1,16,17,8,8,3.1,1.57,-74,auto,463.41,459.97,42,13.4,40.02,1.27,Short-term blockage
8/2/2021 17:01,P/A/1/3,4,7,8,8,768.91,0.81,-73,auto,463.41,459.97,42,13.4,40.02,1.27,Short-term blockage
8/2/2021 17:01,A/P/3/1,16,17,8,8,3.29,1.31,-74,auto,463.41,459.97,42,13.4,40.02,1.27,Short-term blockage
8/2/2021 17:01,A/P/3/1,16,17,9,7,2.54,0.85,-74,auto,463.41,459.97,42,13.4,40.02,1.27,Short-term blockage
8/2/2021 17:01,P/A/1/3,4,7,7,9,240.7,0.29,-73.5,auto,463.41,459.97,42,13.4,40.02,1.27,Short-term blockage
8/2/2021 17:01,P/A/1/3,4,7,8,9,405.37,0.79,-73.5,auto,463.41,459.97,42,13.4,40.02,1.27,Short-term blockage
8/2/2021 17:01,A/P/3/1,16,17,8,8,1.8,0.73,-74.5,auto,463.41,459.97,42,13.4,40.02,1.27,Short-term blockage
8/2/2021 17:01,P/A/1/3,4,7,8,8,799.99,0.2,-73.5,auto,463.41,459.97,42,5.29,15.89,1.48,Short-term blockage
8/2/2021 17:01,A/P/3/1,16,17,8,8,3.04,2,-74.5,auto,463.41,459.97,42,5.29,15.89,1.48,Short-term blockage
8/2/2021 17:01,P/A/1/3,4,7,8,9,787.56,0.39,-73,auto,447.99,439.02,47,5.29,15.89,1.48,Short-term blockage
8/2/2021 17:01,A/P/3/1,16,17,9,8,3.03,1.16,-74,auto,447.99,439.02,47,5.29,15.89,1.48,Short-term blockage
8/2/2021 17:01,P/A/1/3,4,7,8,9,774.64,0.52,-73.5,auto,447.99,439.02,47,5.29,15.89,1.48,Short-term blockage
8/2/2021 17:01,A/P/3/1,16,17,8,8,3.16,0.77,-74,auto,447.99,439.02,47,5.29,15.89,1.48,Short-term blockage
8/2/2021 17:01,P/A/1/3,4,7,8,9,742.63,0.43,-73.5,auto,447.99,439.02,47,5.29,15.89,1.48,Short-term blockage
8/2/2021 17:01,A/P/3/1,16,17,8,8,3.29,0.68,-74,auto,447.99,439.02,47,5.29,15.89,1.48,Short-term blockage
8/2/2021 17:01,P/A/1/3,4,7,8,9,330.7,1.19,-73.5,auto,447.99,439.02,47,5.29,15.89,1.48,Short-term blockage
8/2/2021 17:01,A/P/3/1,16,17,9,8,2.46,0.91,-73.5,auto,447.99,439.02,47,5.29,15.89,1.48,Short-term blockage
8/2/2021 17:01,A/P/3/1,16,17,8,8,1.62,0.15,-74.5,auto,447.99,439.02,47,5.29,15.89,1.48,Short-term blockage
8/2/2021 17:01,P/A/1/3,4,7,8,8,329.27,0.18,-73.5,auto,447.99,439.02,47,5.29,15.89,1.48,Short-term blockage
8/2/2021 17:01,P/A/1/3,4,7,8,8,781.65,0.09,-73.5,auto,447.99,439.02,47,5.29,15.89,1.48,Short-term blockage
8/2/2021 17:01,A/P/3/1,16,17,8,7,3.2,0.87,-74.5,auto,447.99,439.02,47,5.29,15.89,1.48,Short-term blockage
8/2/2021 17:01,P/A/1/3,4,7,7,8,777.62,1.32,-73.5,auto,445.71,436.71,45,5.29,15.89,1.48,Short-term blockage
8/2/2021 17:01,A/P/3/1,16,17,8,7,3.18,1.49,-74.5,auto,445.71,436.71,45,5.29,15.89,1.48,Short-term blockage
8/2/2021 17:01,P/A/1/3,4,7,7,8,751.22,0.82,-73.75,auto,445.71,436.71,45,5.29,15.89,1.48,Short-term blockage
8/2/2021 17:01,A/P/3/1,16,17,8,7,3,3.65,-74.5,auto,445.71,436.71,45,5.29,15.89,1.48,Short-term blockage
8/2/2021 17:01,P/A/1/3,4,7,7,8,784.22,0.67,-74,auto,445.71,436.71,45,5.29,15.89,1.48,Short-term blockage
8/2/2021 17:01,A/P/3/1,16,17,8,8,3.26,2.7,-74.5,auto,445.71,436.71,45,5.29,15.89,1.48,Short-term blockage
8/2/2021 17:01,P/A/1/3,4,7,8,9,406.08,0.87,-73.5,auto,445.71,436.71,45,5.88,26.09,1.26,Short-term blockage
8/2/2021 17:01,A/P/3/1,16,17,9,7,1.46,0.13,-74,auto,445.71,436.71,45,5.88,26.09,1.26,Short-term blockage
8/2/2021 17:01,P/A/1/3,4,7,8,8,242.24,0.35,-73.5,auto,445.71,436.71,45,5.88,26.09,1.26,Short-term blockage
8/2/2021 17:01,A/P/3/1,16,17,8,8,1.35,0.39,-74.5,auto,445.71,436.71,45,5.88,26.09,1.26,Short-term blockage
8/2/2021 17:01,A/P/3/1,16,17,8,8,3.1,1.33,-74.5,auto,445.71,436.71,45,5.88,26.09,1.26,Short-term blockage
8/2/2021 17:01,P/A/1/3,4,7,8,8,744.64,1.23,-73,auto,445.71,436.71,45,5.88,26.09,1.26,Short-term blockage
8/2/2021 17:01,P/A/1/3,4,7,8,8,745.32,0.34,-73.5,auto,441.27,437.23,8,5.88,26.09,1.26,Short-term blockage
8/2/2021 17:01,A/P/3/1,16,17,8,7,3.02,0.24,-74.5,auto,441.27,437.23,8,5.88,26.09,1.26,Short-term blockage
8/2/2021 17:01,A/P/3/1,16,17,8,7,3.04,0.12,-74.5,auto,441.27,437.23,8,5.88,26.09,1.26,Short-term blockage
8/2/2021 17:01,P/A/1/3,4,7,7,8,736.54,0.53,-73.5,auto,441.27,437.23,8,5.88,26.09,1.26,Short-term blockage
8/2/2021 17:01,A/P/3/1,16,17,9,8,2.52,2.01,-74.5,auto,441.27,437.23,8,5.88,26.09,1.26,Short-term blockage
8/2/2021 17:01,P/A/1/3,4,7,7,8,511.7,0,-74,auto,441.27,437.23,8,5.88,26.09,1.26,Short-term blockage
8/2/2021 17:01,A/P/3/1,17,17,8,7,2,3.09,-73.5,auto,441.27,437.23,8,5.88,26.09,1.26,Short-term blockage
8/2/2021 17:01,P/A/1/3,4,7,7,8,129.21,0,-73.5,auto,441.27,437.23,8,5.88,26.09,1.26,Short-term blockage
8/2/2021 17:01,A/P/3/1,16,17,8,7,0.81,0.88,-74.5,auto,441.27,437.23,8,5.88,26.09,1.26,Short-term blockage
8/2/2021 17:01,P/A/1/3,4,7,8,8,745.62,0.58,-74,auto,441.27,437.23,8,5.88,26.09,1.26,Short-term blockage
8/2/2021 17:01,A/P/3/1,16,17,8,8,3.14,1.27,-74.5,auto,441.27,437.23,8,5.88,26.09,1.26,Short-term blockage
8/2/2021 17:01,P/A/1/3,4,7,7,8,777.85,0.98,-74.5,auto,499.27,490.34,76,5.88,26.09,1.26,Short-term blockage
8/2/2021 17:01,A/P/3/1,17,17,7,8,3.23,1.36,-74.5,auto,499.27,490.34,76,11.02,33.61,1.29,Short-term blockage
8/2/2021 17:01,P/A/1/3,4,7,8,8,749.73,1.02,-73.5,auto,499.27,490.34,76,11.02,33.61,1.29,Short-term blockage
8/2/2021 17:01,P/A/1/3,4,7,8,9,752.69,0.09,-73.5,auto,499.27,490.34,76,11.02,33.61,1.29,Short-term blockage
8/2/2021 17:01,A/P/3/1,17,17,8,8,3.13,0.64,-74,auto,499.27,490.34,76,11.02,33.61,1.29,Short-term blockage
8/2/2021 17:01,P/A/1/3,4,7,7,7,619.51,0,-73.5,auto,499.27,490.34,76,11.02,33.61,1.29,Short-term blockage
8/2/2021 17:01,A/P/3/1,16,17,7,7,2.47,1.41,-74,auto,499.27,490.34,76,11.02,33.61,1.29,Short-term blockage
8/2/2021 17:01,P/A/1/3,4,7,8,9,39.09,0.06,-73.5,auto,499.27,490.34,76,11.02,33.61,1.29,Short-term blockage
8/2/2021 17:01,A/P/3/1,16,17,9,8,3.29,0.78,-73.5,auto,499.27,490.34,76,11.02,33.61,1.29,Short-term blockage
8/2/2021 17:01,P/A/1/3,4,7,6,8,786.21,0.07,-73.5,auto,499.27,490.34,76,11.02,33.61,1.29,Short-term blockage
8/2/2021 17:01,A/P/3/1,16,17,8,8,4.1,2.13,-74.5,auto,499.27,490.34,76,11.02,33.61,1.29,Short-term blockage
8/2/2021 17:01,P/A/1/3,4,7,7,9,802.68,0.85,-73.5,auto,457.67,450.64,8,11.02,33.61,1.29,Short-term blockage
8/2/2021 17:01,A/P/3/1,16,17,8,8,3.58,2.38,-74.5,auto,457.67,450.64,8,11.02,33.61,1.29,Short-term blockage
8/2/2021 17:01,P/A/1/3,4,7,8,8,781.64,0.44,-73.5,auto,457.67,450.64,8,11.02,33.61,1.29,Short-term blockage
8/2/2021 17:01,A/P/3/1,16,17,8,8,3.21,1.19,-74,auto,457.67,450.64,8,11.02,33.61,1.29,Short-term blockage
8/2/2021 17:01,P/A/1/3,4,7,8,8,770.96,0.41,-74,auto,457.67,450.64,8,11.02,33.61,1.29,Short-term blockage
8/2/2021 17:01,A/P/3/1,16,17,8,8,2.95,0.41,-74.5,auto,457.67,450.64,8,11.02,33.61,1.29,Short-term blockage
8/2/2021 17:01,A/P/3/1,16,17,8,8,2.69,1.04,-74,auto,457.67,450.64,8,11.02,33.61,1.29,Short-term blockage
8/2/2021 17:01,P/A/1/3,4,7,8,8,704.84,0.38,-73.5,auto,457.67,450.64,8,11.02,33.61,1.29,Short-term blockage
8/2/2021 17:01,P/A/1/3,4,7,8,8,0.01,0.37,-73.5,auto,457.67,450.64,8,11.02,33.61,1.29,Short-term blockage
8/2/2021 17:01,A/P/3/1,16,17,9,8,3.34,0.73,-73.5,auto,457.67,450.64,8,11.02,33.61,1.29,Short-term blockage
8/2/2021 17:01,P/A/1/3,4,7,8,7,715.38,0.16,-74,auto,457.67,450.64,8,4.03,10.17,1.13,Short-term blockage
8/2/2021 17:01,A/P/3/1,17,17,8,7,3.99,1.08,-74,auto,457.67,450.64,8,4.03,10.17,1.13,Short-term blockage
8/2/2021 17:01,P/A/1/3,4,7,7,9,741.83,0.44,-73.5,auto,450.1,445.88,336,4.03,10.17,1.13,Short-term blockage
8/2/2021 17:01,A/P/3/1,16,17,9,7,3.39,2.92,-74.5,auto,450.1,445.88,336,4.03,10.17,1.13,Short-term blockage
8/2/2021 17:01,P/A/1/3,4,7,8,8,759.75,0.3,-73.5,auto,450.1,445.88,336,4.03,10.17,1.13,Short-term blockage
8/2/2021 17:01,A/P/3/1,16,17,8,7,3.63,0.72,-74,auto,450.1,445.88,336,4.03,10.17,1.13,Short-term blockage
8/2/2021 17:01,P/A/1/3,4,7,7,8,772.43,0.93,-73.5,auto,450.1,445.88,336,4.03,10.17,1.13,Short-term blockage
8/2/2021 17:01,A/P/3/1,16,17,8,7,3.03,1.24,-74,auto,450.1,445.88,336,4.03,10.17,1.13,Short-term blockage
8/2/2021 17:01,P/A/1/3,4,7,7,8,768.16,0.08,-73.5,auto,450.1,445.88,336,4.03,10.17,1.13,Short-term blockage
8/2/2021 17:01,A/P/3/1,17,17,8,6,3.12,1.01,-73.5,auto,450.1,445.88,336,4.03,10.17,1.13,Short-term blockage
8/2/2021 17:01,A/P/3/1,16,17,8,7,0.02,0.97,-73.5,auto,450.1,445.88,336,4.03,10.17,1.13,Short-term blockage
8/2/2021 17:01,P/A/1/3,4,7,7,8,27.62,0.07,-73.5,auto,450.1,445.88,336,4.03,10.17,1.13,Short-term blockage
8/2/2021 17:01,P/A/1/3,4,7,8,8,661.89,0.25,-73.75,auto,450.1,445.88,336,4.03,10.17,1.13,Short-term blockage
8/2/2021 17:01,A/P/3/1,16,17,9,8,2.79,0.87,-74,auto,450.1,445.88,336,4.03,10.17,1.13,Short-term blockage
8/2/2021 17:01,P/A/1/3,4,7,6,8,781.7,0,-74,auto,441.41,433.9,45,4.03,10.17,1.13,Short-term blockage
8/2/2021 17:01,A/P/3/1,16,17,9,6,3,1.34,-74.5,auto,441.41,433.9,45,4.03,10.17,1.13,Short-term blockage
8/2/2021 17:01,P/A/1/3,4,7,8,8,798.22,0.06,-73,auto,441.41,433.9,45,4.03,10.17,1.13,Short-term blockage
8/2/2021 17:01,A/P/3/1,16,17,8,8,3.15,0.88,-74,auto,441.41,433.9,45,4.03,10.17,1.13,Short-term blockage
8/2/2021 17:01,P/A/1/3,4,7,8,9,809.92,0.56,-73,auto,441.41,433.9,45,4.03,10.17,1.13,Short-term blockage
8/2/2021 17:01,A/P/3/1,16,17,8,8,3.14,1.31,-73.5,auto,441.41,433.9,45,4.03,10.17,1.13,Short-term blockage
8/2/2021 17:01,P/A/1/3,4,7,8,8,811.28,0.47,-73.5,auto,441.41,433.9,45,4.03,10.17,1.13,Short-term blockage
8/2/2021 17:01,A/P/3/1,16,17,8,7,3.14,1.2,-74.5,auto,441.41,433.9,45,4.03,10.17,1.13,Short-term blockage
8/2/2021 17:01,P/A/1/3,4,7,8,8,119,0.35,-73.5,auto,441.41,433.9,45,5.45,27.36,1.02,Short-term blockage
8/2/2021 17:01,A/P/3/1,16,17,8,8,2.95,1.9,-73.5,auto,441.41,433.9,45,5.45,27.36,1.02,Short-term blockage
8/2/2021 17:01,A/P/3/1,16,17,8,8,2.75,0.91,-74,auto,441.41,433.9,45,5.45,27.36,1.02,Short-term blockage
8/2/2021 17:01,P/A/1/3,4,7,8,8,554.83,0.83,-73.5,auto,441.41,433.9,45,5.45,27.36,1.02,Short-term blockage
8/2/2021 17:01,P/A/1/3,4,7,8,9,770.36,0.75,-73.5,auto,443.03,438.81,87,5.45,27.36,1.02,Short-term blockage
8/2/2021 17:01,A/P/3/1,16,17,9,8,4.3,0.69,-73.75,auto,443.03,438.81,87,5.45,27.36,1.02,Short-term blockage
8/2/2021 17:01,A/P/3/1,16,17,9,8,3.13,1.35,-73.5,auto,443.03,438.81,87,5.45,27.36,1.02,Short-term blockage
8/2/2021 17:01,P/A/1/3,4,7,7,8,750.49,0.48,-73.5,auto,443.03,438.81,87,5.45,27.36,1.02,Short-term blockage
8/2/2021 17:01,A/P/3/1,16,17,8,7,2.98,1.12,-74.5,auto,443.03,438.81,87,5.45,27.36,1.02,Short-term blockage
8/2/2021 17:01,P/A/1/3,4,7,8,9,760.44,0.42,-73,auto,443.03,438.81,87,5.45,27.36,1.02,Short-term blockage
8/2/2021 17:01,A/P/3/1,16,17,8,8,2.84,0.89,-74,auto,443.03,438.81,87,5.45,27.36,1.02,Short-term blockage
8/2/2021 17:01,P/A/1/3,4,8,9,8,205.12,0.37,-73.5,auto,443.03,438.81,87,5.45,27.36,1.02,Short-term blockage
8/2/2021 17:01,A/P/3/1,17,17,8,9,0.61,1.23,-73,auto,443.03,438.81,87,5.45,27.36,1.02,Short-term blockage
8/2/2021 17:01,P/A/1/3,4,8,8,8,470.9,0.26,-73.5,auto,443.03,438.81,87,5.45,27.36,1.02,Short-term blockage
8/2/2021 17:01,P/A/1/3,4,8,8,8,757.86,0.14,-73.5,auto,443.03,438.81,87,5.45,27.36,1.02,Short-term blockage
8/2/2021 17:01,A/P/3/1,16,17,8,8,3.29,0.46,-73.67,auto,443.03,438.81,87,5.45,27.36,1.02,Short-term blockage
8/2/2021 17:01,A/P/3/1,16,17,8,8,3.71,0.88,-74,auto,458.37,451.64,95,5.45,27.36,1.02,Short-term blockage
8/2/2021 17:01,P/A/1/3,4,8,7,8,772.36,0.25,-73.25,auto,458.37,451.64,95,5.45,27.36,1.02,Short-term blockage
8/2/2021 17:01,P/A/1/3,4,8,8,8,819.62,0.2,-73,auto,458.37,451.64,95,9.05,31.61,1.2,Short-term blockage
8/2/2021 17:01,A/P/3/1,16,17,8,8,2.46,0.78,-74,auto,458.37,451.64,95,9.05,31.61,1.2,Short-term blockage
8/2/2021 17:01,P/A/1/3,4,8,8,8,814.22,0.78,-73,auto,458.37,451.64,95,9.05,31.61,1.2,Short-term blockage
8/2/2021 17:01,A/P/3/1,18,17,8,8,1.21,1.23,-74,auto,458.37,451.64,95,9.05,31.61,1.2,Short-term blockage
8/2/2021 17:01,P/A/1/3,4,6,8,8,309.83,1.01,-73.5,auto,458.37,451.64,95,9.05,31.61,1.2,Short-term blockage
8/2/2021 17:01,A/P/3/1,16,17,8,7,1.72,0.91,-74,auto,458.37,451.64,95,9.05,31.61,1.2,Short-term blockage
8/2/2021 17:01,P/A/1/3,4,6,7,8,386.62,0.5,-73.5,auto,458.37,451.64,95,9.05,31.61,1.2,Short-term blockage
8/2/2021 17:01,A/P/3/1,16,17,8,8,3.18,1.15,-74,auto,458.37,451.64,95,9.05,31.61,1.2,Short-term blockage
8/2/2021 17:01,P/A/1/3,4,6,8,9,747.96,0,-73.5,auto,458.37,451.64,95,9.05,31.61,1.2,Short-term blockage
8/2/2021 17:01,A/P/3/1,16,17,8,8,3.02,1.39,-74.5,auto,458.37,451.64,95,9.05,31.61,1.2,Short-term blockage
8/2/2021 17:01,P/A/1/3,4,6,8,8,749.48,1.22,-73.5,auto,451.12,446.99,233,9.05,31.61,1.2,Short-term blockage
8/2/2021 17:01,A/P/3/1,16,17,8,8,3.2,1.37,-74,auto,451.12,446.99,233,9.05,31.61,1.2,Short-term blockage
8/2/2021 17:02,A/P/3/1,16,17,8,7,3.08,1.47,-74,auto,451.12,446.99,233,9.05,31.61,1.2,Short-term blockage
8/2/2021 17:02,P/A/1/3,4,6,8,8,758.32,0.08,-73.5,auto,451.12,446.99,233,9.05,31.61,1.2,Short-term blockage
8/2/2021 17:02,A/P/3/1,16,17,9,8,1.45,1.25,-74,auto,451.12,446.99,233,9.05,31.61,1.2,Short-term blockage
8/2/2021 17:02,P/A/1/3,4,6,7,8,776.55,1.18,-73.5,auto,451.12,446.99,233,9.05,31.61,1.2,Short-term blockage
8/2/2021 17:02,P/A/1/3,4,6,8,9,410.01,0.76,-73.5,auto,451.12,446.99,233,9.05,31.61,1.2,Short-term blockage
8/2/2021 17:02,A/P/3/1,16,17,8,9,1.61,1.15,-74,auto,451.12,446.99,233,9.05,31.61,1.2,Short-term blockage
8/2/2021 17:02,P/A/1/3,4,6,8,8,295.54,0.34,-73,auto,451.12,446.99,233,9.05,31.61,1.2,Short-term blockage
8/2/2021 17:02,A/P/3/1,16,17,8,8,3.03,1.28,-73.75,auto,451.12,446.99,233,9.05,31.61,1.2,Short-term blockage
8/2/2021 17:02,P/A/1/3,4,6,8,8,750.34,0.48,-73.5,auto,451.12,446.99,233,8.41,38.24,1.25,Short-term blockage
8/2/2021 17:02,A/P/3/1,16,17,9,8,3,1.24,-73.5,auto,451.12,446.99,233,8.41,38.24,1.25,Short-term blockage
8/2/2021 17:02,P/A/1/3,4,6,8,8,751.66,0.37,-74,auto,453.05,446.81,186,8.41,38.24,1.25,Short-term blockage
8/2/2021 17:02,A/P/3/1,16,17,8,7,3,0.2,-74.5,auto,453.05,446.81,186,8.41,38.24,1.25,Short-term blockage
8/2/2021 17:02,P/A/1/3,4,6,8,8,749.39,1.03,-73.75,auto,453.05,446.81,186,8.41,38.24,1.25,Short-term blockage
8/2/2021 17:02,A/P/3/1,16,17,8,8,2.98,0.9,-74,auto,453.05,446.81,186,8.41,38.24,1.25,Short-term blockage
8/2/2021 17:02,P/A/1/3,4,6,8,9,460.88,0.7,-73.5,auto,453.05,446.81,186,8.41,38.24,1.25,Short-term blockage
8/2/2021 17:02,A/P/3/1,16,17,9,8,2.09,0.5,-73.5,auto,453.05,446.81,186,8.41,38.24,1.25,Short-term blockage
8/2/2021 17:02,A/P/3/1,16,17,8,8,1.2,0.6,-73.5,auto,453.05,446.81,186,8.41,38.24,1.25,Short-term blockage
8/2/2021 17:02,P/A/1/3,4,6,7,9,216.6,0.55,-73,auto,453.05,446.81,186,8.41,38.24,1.25,Short-term blockage
8/2/2021 17:02,P/A/1/3,4,6,7,9,753.79,0.17,-73,auto,453.05,446.81,186,8.41,38.24,1.25,Short-term blockage
8/2/2021 17:02,A/P/3/1,16,17,8,8,2.06,1.19,-73.5,auto,453.05,446.81,186,8.41,38.24,1.25,Short-term blockage
8/2/2021 17:02,P/A/1/3,4,6,8,9,750.1,0.17,-73.5,auto,453.05,446.81,186,8.41,38.24,1.25,Short-term blockage
8/2/2021 17:02,A/P/3/1,16,17,9,7,2.93,1.32,-74,auto,453.05,446.81,186,8.41,38.24,1.25,Short-term blockage
8/2/2021 17:02,P/A/1/3,4,6,7,8,760.69,0.5,-73.5,auto,466.3,461.88,68,8.41,38.24,1.25,Short-term blockage
8/2/2021 17:02,A/P/3/1,16,17,8,7,3.28,0.8,-73.5,auto,466.3,461.88,68,8.41,38.24,1.25,Short-term blockage
8/2/2021 17:02,P/A/1/3,4,6,8,9,743.73,0.38,-73.5,auto,466.3,461.88,68,8.41,38.24,1.25,Short-term blockage
8/2/2021 17:02,A/P/3/1,16,17,8,8,2.91,0.95,-74,auto,466.3,461.88,68,8.41,38.24,1.25,Short-term blockage
8/2/2021 17:02,P/A/1/3,4,6,7,8,416.07,0.26,-73.5,auto,466.3,461.88,68,8.41,38.24,1.25,Short-term blockage
8/2/2021 17:02,A/P/3/1,16,17,8,8,0.95,0.17,-73.5,auto,466.3,461.88,68,8.41,38.24,1.25,Short-term blockage
8/2/2021 17:02,A/P/3/1,16,18,9,7,0.85,0,-74,auto,466.3,461.88,68,9.2,27.26,1.31,Short-term blockage
8/2/2021 17:02,P/A/1/3,4,6,7,9,126.65,0.25,-73.5,auto,466.3,461.88,68,9.2,27.26,1.31,Short-term blockage
8/2/2021 17:02,A/P/3/1,16,18,8,7,3.29,0.29,-74.5,auto,466.3,461.88,68,9.2,27.26,1.31,Short-term blockage
8/2/2021 17:02,P/A/1/3,4,6,7,8,738.95,0.68,-74.5,auto,466.3,461.88,68,9.2,27.26,1.31,Short-term blockage
8/2/2021 17:02,P/A/1/3,4,6,8,8,747.63,0.93,-74,auto,466.3,461.88,68,9.2,27.26,1.31,Short-term blockage
8/2/2021 17:02,A/P/3/1,16,18,8,8,3.51,1.11,-74.5,auto,466.3,461.88,68,9.2,27.26,1.31,Short-term blockage
8/2/2021 17:02,A/P/3/1,16,18,8,7,3.41,1.49,-74.5,auto,446.51,442.28,44,9.2,27.26,1.31,Short-term blockage
8/2/2021 17:02,P/A/1/3,4,6,7,8,746.29,0.48,-74.5,auto,446.51,442.28,44,9.2,27.26,1.31,Short-term blockage
8/2/2021 17:02,A/P/3/1,16,18,8,7,3.79,0.62,-74.5,auto,446.51,442.28,44,9.2,27.26,1.31,Short-term blockage
8/2/2021 17:02,P/A/1/3,4,6,7,8,640.56,0.89,-74.5,auto,446.51,442.28,44,9.2,27.26,1.31,Short-term blockage
8/2/2021 17:02,A/P/3/1,16,18,8,8,2.55,0.32,-74,auto,446.51,442.28,44,9.2,27.26,1.31,Short-term blockage
8/2/2021 17:02,P/A/1/3,4,6,7,8,23.48,0.76,-74.5,auto,446.51,442.28,44,9.2,27.26,1.31,Short-term blockage
8/2/2021 17:02,P/A/1/3,4,6,7,9,760.16,0.73,-74,auto,446.51,442.28,44,9.2,27.26,1.31,Short-term blockage
8/2/2021 17:02,A/P/3/1,16,18,9,8,3.04,1.82,-74.5,auto,446.51,442.28,44,9.2,27.26,1.31,Short-term blockage
8/2/2021 17:02,P/A/1/3,4,6,7,8,760.71,0.66,-74.5,auto,446.51,442.28,44,9.2,27.26,1.31,Short-term blockage
8/2/2021 17:02,A/P/3/1,16,18,9,7,3.29,0.98,-74.5,auto,446.51,442.28,44,9.2,27.26,1.31,Short-term blockage
8/2/2021 17:02,A/P/3/1,16,18,8,7,2.82,0.28,-74.5,auto,486.08,480.78,224,9.2,27.26,1.31,Short-term blockage
8/2/2021 17:02,P/A/1/3,4,6,7,8,755.24,0.8,-74.5,auto,486.08,480.78,224,9.2,27.26,1.31,Short-term blockage
8/2/2021 17:02,P/A/1/3,4,6,7,8,757.31,0.67,-74.5,auto,486.08,480.78,224,9.2,27.26,1.31,Short-term blockage
8/2/2021 17:02,A/P/3/1,16,18,8,7,2.91,2.25,-74.5,auto,486.08,480.78,224,9.2,27.26,1.31,Short-term blockage
8/2/2021 17:02,P/A/1/3,4,6,8,8,741,0.17,-74.5,auto,486.08,480.78,224,9.2,27.26,1.31,Short-term blockage
8/2/2021 17:02,A/P/3/1,16,18,8,8,2.6,0.89,-73.5,auto,486.08,480.78,224,9.2,27.26,1.31,Short-term blockage
8/2/2021 17:02,P/A/1/3,4,6,8,8,0.01,0.17,-74,auto,486.08,480.78,224,9.2,27.26,1.31,Short-term blockage
8/2/2021 17:02,A/P/3/1,17,18,8,8,0.02,0.88,-73.5,auto,486.08,480.78,224,9.2,27.26,1.31,Short-term blockage
8/2/2021 17:02,P/A/1/3,4,6,8,9,669.06,2.11,-73.5,auto,486.08,480.78,224,9.2,27.26,1.31,Short-term blockage
8/2/2021 17:02,A/P/3/1,16,17,9,8,3.08,1.16,-74,auto,486.08,480.78,224,9.2,27.26,1.31,Short-term blockage
8/2/2021 17:02,P/A/1/3,4,6,7,8,750.23,0.44,-73.5,auto,486.08,480.78,224,9.2,27.26,1.31,Short-term blockage
8/2/2021 17:02,A/P/3/1,16,17,8,7,3.02,1.11,-74,auto,486.08,480.78,224,9.2,27.26,1.31,Short-term blockage
8/2/2021 17:02,P/A/1/3,4,6,7,8,741.51,0.46,-73.5,auto,486.08,480.78,224,9.2,27.26,1.31,Short-term blockage
8/2/2021 17:02,A/P/3/1,16,17,8,7,3.72,0.87,-74,auto,486.08,480.78,224,9.2,27.26,1.31,Short-term blockage
8/2/2021 17:02,P/A/1/3,4,6,7,8,751.45,0,-73.5,auto,486.08,480.78,224,9.2,27.26,1.31,Short-term blockage
8/2/2021 17:02,A/P/3/1,16,17,9,7,3.44,0.86,-74.5,auto,486.08,480.78,224,9.2,27.26,1.31,Short-term blockage
